Project_ID,Project_Name,Ministry,Sector,State,Start_Date,Target_DOC,Original_Cost_Cr,Cumulative_Expenditure_Cr,Physical_Progress_Pct,Expenditure_Pct_of_Original_Cost,Revised_Cost_Cr,Cost_Overrun_Cr,Cost_Overrun_Pct,Cost_Overrun_Flag,Revised_DOC,Time_Overrun_Days,Time_Overrun_Months,Time_Overrun_Flag
400006,Jharsuguda-Barpali-Sardega Ph II Works- Rail Connectivity for Coal Loading Bulb at Barpali. (South Eastern Railway [SER] - I) (400006) (-) (4689),Ministry of Railways,Railways,Odisha,10/1/2021,10/1/2025,808.99,743.46,40,91.8998,808.99,0,0,0,12/1/2026,426,14,1
400010,"Construction of Terminal Building & Associated works at Leh Airport, Ladakh (Airport Authority of India [AAI]) (400010) (N04000078) (4665)",Ministry of Civil Aviation,Aviation & Aviation Infrastructure,Ladakh,9/1/2018,9/1/2021,480,506.13,79.2,105.4437,640,160,33.3333,1,7/1/2026,1764,57.95,1
400012,Kandla Gorakhpur LPG Pipeline (Ministry of Petroleum & Natural Gas) (400012) (-) (4509),Ministry of Petroleum & Natural Gas,Energy Storage,"Multi-States (Gujarat, Madhya Pradesh, Uttar Pradesh)",12/1/2018,12/1/2021,10088,8585.71,95.4,85.1081,10088,0,0,0,6/1/2026,1643,53.98,1
400013,Saturation 4G mobile coverage of Uncovered Villages through USOF (Department of Telecommunications [DoT]) (400013) (-) (4599),Department of Telecommunications,Telecommunication,PAN India,7/1/2022,6/1/2024,26316,9791.8,85,37.2085,15392.8,-10923.2,-41.5078,0,3/1/2027,1003,32.95,1
400018,HURA C OCP (ECL - CIL) (400018) (N06000275) (4585),Ministry of Coal,Coal,Jharkhand,8/1/2022,3/1/2029,859.41,455.25,63.22,52.9724,859.41,0,0,0,,,,
400019,DHULE [BORVIHIR] - NARDANA NEW LINE [50.60 KMS] (Central Railway) (400019) (N22000514) (4514),Ministry of Railways,Railways,Maharashtra,4/1/2023,12/1/2026,492.76,542.26,25,110.0455,1170.83,678.07,137.6065,1,9/1/2027,274,9,1
400022,Taranga Hill-Abu Road via Ambaji (North Western Railway [NWR]) (400022) (N22000592) (4458),Ministry of Railways,Railways,"Multi-States (Gujarat, Rajasthan)",7/1/2022,7/1/2030,2798,2569.32,37,91.827,2798,0,0,0,7/1/2030,0,0,0
400023,Construction of New BG line between Hassan to Belur [27 Km] (South Western Railway [SWR] - II) (400023) (N22000558) (4449),Ministry of Railways,Railways,Karnataka,12/1/2025,4/1/2028,749,0.94,0,0.1255,749,0,0,0,3/1/2030,699,22.97,1
400033,BHATADI EXPANSION OC (Western Coalfields Limited [WCL]) (400033) (N06000254) (4376),Ministry of Coal,Coal,Maharashtra,5/1/2022,3/1/2028,580.61,112.17,33.91,19.3193,580.61,0,0,0,,,,
400035,"Grass Root Rail-fed Depot at Sekerkote, Agartala as resitement of existing Dharmanagar Depot (Indian Oil Corporation Limited [IOCL]) (400035)",Ministry of Petroleum & Natural Gas,Energy Storage,Tripura,6/1/2022,9/1/2025,656,541.81,97.7,82.593,656,0,0,0,6/1/2026,273,8.97,1
400043,Laying of POL Pipelines in Common Corridor for proposed grass root terminal at Vallur [Chennai] (Ministry of Petroleum & Natural Gas) (400043) (N16000455) (4272),Ministry of Petroleum & Natural Gas,Energy Storage,Tamil Nadu,1/1/2022,5/1/2026,829,378.18,78,45.6188,829,0,0,0,3/1/2027,304,9.99,1
400045,Proposed 6 nos Road Over Bridge [ROB] at different locations under MCL Talcher Under Deposit Scheme. (East Coast Railway [ECoR] - II) (400045) (-) (4299),Ministry of Railways,Railways,Odisha,7/1/2022,3/1/2025,168.32,69.85,82,41.4983,168.32,0,0,0,1/1/2025,-59,-1.94,0
400047,Doubling of Lingaraj SILO connectivity of NTPC line and augmentation of NTPC exchange yard and NTPC Block Cabin. (East Coast Railway [ECoR] - II) (400047) (-) (4292),Ministry of Railways,Railways,Odisha,6/1/2022,12/1/2024,210,40.56,52,19.3143,210,0,0,0,12/1/2026,730,23.98,1
400048,Doubling of lines connecting the loading spurs in Talcher Yard. (East Coast Railway [ECoR] - II) (400048) (-) (4247),Ministry of Railways,Railways,Odisha,6/1/2022,12/1/2024,186.21,103.1,88,55.3676,186.21,0,0,0,6/1/2027,912,29.96,1
400062,"Raghunathpur Thermal Power Station Phase II [2X660 MW] at Raghunathpur, Purulia, West Bengal (Damodar Valley Corporation) (400062) (-) (4195)",Ministry of Power,Electricity Generation,West Bengal,2/1/2025,6/1/2029,17673,2043.87,10,11.5649,17673,0,0,0,,,,
400073,KONAR EXPANSION OCP (Ministry of Coal) (400073) (N06000245) (4077),Ministry of Coal,Coal,Jharkhand,1/1/2022,3/1/2032,674.65,433.64,46.25,64.2763,674.65,0,0,0,,,,
400074,KARO EXPANSION OCP (Ministry of Coal) (400074) (N06000246) (4074),Ministry of Coal,Coal,Jharkhand,1/1/2022,3/1/2029,849.31,289.45,22.38,34.0806,849.31,0,0,0,,,,
400078,New Mundra Panipat Crude Oil Pipeline (Ministry of Petroleum & Natural Gas) (400078) (N16000435) (4049),Ministry of Petroleum & Natural Gas,Energy Storage,"Multi-States (Gujarat, Haryana, Rajasthan)",12/1/2021,12/1/2024,9028,7456.3,92.7,82.5908,9028,0,0,0,6/1/2026,547,17.97,1
400081,"National Sports University [NSU], Imphal [Manipur] (Department of Sports & Youth Affairs) (400081)",Department of Sports,Education,Manipur,1/1/2022,8/1/2024,906.47,575.68,97.05,63.5079,611.74,-294.73,-32.514,0,8/1/2026,730,23.98,1
400087,Redevelopment of Sobhasan Complex (Oil and Natural Gas Corporation Limited [ONGC]) (400087) (N16000431) (3514),Ministry of Petroleum & Natural Gas,Oil & Gas,Gujarat,8/1/2021,3/1/2027,885.63,1022.45,89.2,115.4489,1347.61,461.98,52.164,1,3/1/2027,0,0,0
400100,Sardar Gouthu Latchanna Thotapalli Barrage Project (Water Resources-AP) (400100) (-) (3351),"Department of Water Resources, River Development & GR",Water Resources,Andhra Pradesh,1/1/2006,12/1/2019,353.05,872.65,95.88,247.1746,1023.24,670.19,189.8286,1,6/1/2026,2374,78,1
400101,Gundlakamma project (Water Resources-AP) (400101) (-) (3350),"Department of Water Resources, River Development & GR",Water Resources,Andhra Pradesh,4/1/2005,12/1/2019,397.41,624.78,98.3,157.213,697.39,299.98,75.4838,1,3/1/2027,2647,86.97,1
400102,Sri Ram Sagar Project Stage - II (Irrigation and CAD-TG) (400102) (-) (3344),"Department of Water Resources, River Development & GR",Water Resources,Telangana,4/1/2005,12/1/2019,736.13,971.47,97,131.9699,949.87,213.74,29.0356,1,12/1/2025,2192,72.02,1
400103,Indiramma Flood Flow Canal Project (Irrigation and CAD-TG) (400103) (-) (3339),"Department of Water Resources, River Development & GR",Water Resources,Telangana,1/1/2006,12/1/2019,1331.3,4491.08,92,337.3455,5940.09,4608.79,346.1872,1,12/1/2026,2557,84.01,1
400111,Kelo Irrigation Project (Water Resources-CT) (400111) (-) (3315),"Department of Water Resources, River Development & GR",Water Resources,Chhattisgarh,4/1/2008,12/1/2019,459.97,618.85,72,134.5414,727.04,267.07,58.0625,1,6/1/2026,2374,78,1
400115,Bargi Diversion Project Phase - IV [km. 154 to km 197] (Water Resources-MP) (400115) (-) (3308),"Department of Water Resources, River Development & GR",Water Resources,Madhya Pradesh,1/1/2009,12/1/2019,751.03,814.02,75,108.3871,893.35,142.32,18.95,1,3/1/2026,2282,74.97,1
400116,Bargi Diversion Project Phase - III [km. 104 to km 154] (Water Resources-MP) (400116) (-) (3307),"Department of Water Resources, River Development & GR",Water Resources,Madhya Pradesh,4/1/2007,12/1/2019,1229.15,2203.81,81.52,179.2954,1399.7,170.55,13.8754,1,12/1/2026,2557,84.01,1
400119,Life Extension of 48 well platforms of Mumbai High & Heera Fields (Oil and Natural Gas Corporation Limited [ONGC]) (400119) (N16000213) (3294),Ministry of Petroleum & Natural Gas,Oil & Gas,Offshore,12/1/2015,4/1/2018,3190.69,3123.2,90,97.8848,3375.9,185.21,5.8047,1,10/1/2026,3105,102.01,1
400120,KG-DWN-98/2 Cluster - II Development Project - NELP Block (Oil and Natural Gas Corporation Limited [ONGC]) (400120) (N16000247) (3284),Ministry of Petroleum & Natural Gas,Oil & Gas,Andhra Pradesh,3/1/2016,6/1/2020,34012,33006.7,96.6,97.0443,34012,0,0,0,9/1/2026,2283,75.01,1
400121,"Construction of Screening Plant-II for Donimalai and Kumaraswamy Iron Ore Mining Complex of NMDC Limited at Ballari Dt, Karnataka. (National Mineral Development Corporation Limited [NMDC]) (400121) (N12000136) (3282)",Ministry of Steel,Steel,Karnataka,6/1/2024,8/1/2026,1043.63,628.29,65,60.2024,1043.63,0,0,0,,,,
400136,SANGHMITRA OC (Ministry of Coal) (400136) (-) (3190),Ministry of Coal,Coal,Jharkhand,3/1/2024,3/1/2032,2660,17.03,16.77,0.6402,2660,0,0,0,,,,
400138,CHANDRAGUPT OCP (Ministry of Coal) (400138) (N06000238) (3188),Ministry of Coal,Coal,Jharkhand,8/1/2020,3/1/2032,973.5,440.75,25.03,45.2748,973.5,0,0,0,,,,
400139,KOTRE BASANTPUR PACHMO OCP (Ministry of Coal) (400139) (N06000237) (3183),Ministry of Coal,Coal,Jharkhand,8/1/2020,3/1/2032,861.06,456.48,45.52,53.0137,625.4,-235.66,-27.3686,0,,,,
400141,Expansion of Alumina Refinery Plant with addition of 5th Stream having capacity enhancement of 1.0 Million Tonee Per Annum (National Aluminium Company Limited [NALCO]) (400141) (N10000010) (3148),Ministry of Mines,Metals & Mining,Odisha,4/1/2017,12/1/2022,4103,4920.25,94.7,119.9184,5677.4,1574.4,38.3719,1,6/1/2026,1278,41.99,1
400142,Pachwara South Coal Block (NLC India Limited [NLCIL]) (400142) (N06000193) (3135),Ministry of Coal,Coal,Jharkhand,11/1/2019,9/1/2028,2242.9,1388.09,87,61.8882,2242.9,0,0,0,,,,
400144,PORDA CHIMTAPANI OCP [10 MTY] (South Eastern Coalfields Limited [SECL]) (400144) (N06000199) (3122),Ministry of Coal,Coal,Chhattisgarh,12/1/2020,3/1/2029,2310.12,115.62,11.81,5.0049,2310.12,0,0,0,,,,
400148,AMADAND OCP[4.0MTY] (Ministry of Coal) (400148) (N06000148) (3111),Ministry of Coal,Coal,Madhya Pradesh,3/1/2016,3/1/2021,869.44,325.4,75.15,37.4264,869.44,0,0,0,3/1/2027,2191,71.98,1
400149,BAROUD OC EXPANSION [3.0-10.0M (South Eastern Coalfields Limited [SECL]) (400149) (N06000197) (3107),Ministry of Coal,Coal,Chhattisgarh,8/1/2020,3/1/2029,2309.8,999.09,55.95,43.2544,2309.8,0,0,0,,,,
400150,RPR MAGADH EXP OCP (Ministry of Coal) (400150) (N06000216) (3105),Ministry of Coal,Coal,Jharkhand,8/1/2020,3/1/2028,7254.37,1692.65,39.3,23.3328,7254.37,0,0,0,,,,
400151,NORTH URIMARI EXPANSION OCP (Ministry of Coal) (400151) (N06000218) (3103),Ministry of Coal,Coal,Jharkhand,7/1/2021,3/1/2029,778.8,606.01,68.75,77.8133,778.8,0,0,0,,,,
400153,EPR ROHINI - KARKETTA OCP (Ministry of Coal) (400153) (N06000243) (3100),Ministry of Coal,Coal,Jharkhand,1/1/2021,3/1/2028,1020.42,85.34,22.54,8.3632,1020.42,0,0,0,,,,
400154,EPR PUNDI OCP (Ministry of Coal) (400154) (N06000242) (3099),Ministry of Coal,Coal,Jharkhand,11/1/2020,3/1/2027,713.35,236.58,10.19,33.1646,713.35,0,0,0,,,,
400155,EPR ASHOK OC (Ministry of Coal) (400155) (N06000247) (3098),Ministry of Coal,Coal,Jharkhand,5/1/2021,3/1/2031,2821.07,186.02,27.51,6.594,2821.07,0,0,0,,,,
400156,EPR AMRAPALI OCP (Ministry of Coal) (400156) (N06000217) (3091),Ministry of Coal,Coal,Jharkhand,2/1/2020,3/1/2028,5136.15,1326.08,43.58,25.8186,5136.15,0,0,0,,,,
400160,RAJRAPPA RCE OCP (Ministry of Coal) (400160) (N06000087) (3084),Ministry of Coal,Coal,Jharkhand,12/1/2009,3/1/2016,510.85,488.71,76.99,95.666,510.85,0,0,0,3/1/2027,4017,131.98,1
400162,BLOCK B EXPANSION [3.5 TO 8.0 (Northern Coalfields Limited [NCL]) (400162) (N06000184) (3059),Ministry of Coal,Coal,Madhya Pradesh,7/1/2019,3/1/2023,998.71,520.97,50.39,52.1643,998.71,0,0,0,3/1/2027,1461,48,1
400165,SUBHADRA OCP (Mahanadi Coalfields Limited [MCL]) (400165) (N06000249) (3048),Ministry of Coal,Coal,Odisha,5/1/2021,4/1/2032,1693.81,1330.06,45.73,78.5247,1693.81,0,0,0,,,,
400166,SIARMAL OCP (Mahanadi Coalfields Limited [MCL]) (400166) (N06000113) (3045),Ministry of Coal,Coal,Odisha,2/1/2021,3/1/2029,5194.95,3491.21,60.27,67.2039,5194.95,0,0,0,,,,
400167,Redevelopment of Santhal Field [Onshore-Mehsana Asset] (Oil and Natural Gas Corporation Limited [ONGC]) (400167) (N16000279) (3042),Ministry of Petroleum & Natural Gas,Oil & Gas,Gujarat,2/1/2017,3/1/2026,1162.56,1113.19,95.9,95.7533,1162.56,0,0,0,12/1/2026,275,9.03,1
400168,"500 KTA PDHPP Project, Usar (Ministry of Petroleum & Natural Gas) (400168) (N16000430) (3026)",Ministry of Petroleum & Natural Gas,Oil & Gas,Maharashtra,4/1/2021,4/1/2025,8797,8113.66,91.1,92.2321,11256,2459,27.9527,1,6/1/2027,791,25.99,1
400169,Redevelopment of Linch Field (Oil and Natural Gas Corporation Limited [ONGC]) (400169) (N16000428) (3040),Ministry of Petroleum & Natural Gas,Oil & Gas,Gujarat,4/1/2021,3/1/2025,631.03,617.71,91,97.8892,845.42,214.39,33.9746,1,7/1/2026,487,16,1
400171,2G Ethanol Biorefinery at Bathinda (Hindustan Petroleum Corporation Limited [HPCL]) (400171) (N16000402) (3028),Ministry of Petroleum & Natural Gas,Oil & Gas,Punjab,5/1/2020,2/1/2023,1421.46,1266.71,95.8,89.1133,1421.46,0,0,0,12/1/2026,1399,45.96,1
400172,CHITRA EAST OC (Eastern Coal Fields Limited [ECL]) (400172) (N06000169) (3032),Ministry of Coal,Coal,Jharkhand,8/1/2018,3/1/2026,513.99,240.12,53.03,46.7169,513.99,0,0,0,3/1/2028,731,24.02,1
400173,MOHANPUR EXPANSION OC -PHASE I (Eastern Coal Fields Limited [ECL]) (400173) (N06000236) (3029),Ministry of Coal,Coal,West Bengal,11/1/2020,3/1/2026,888.99,142.98,31.52,16.0834,888.99,0,0,0,3/1/2030,1461,48,1
400174,"New Sinter Plant at BSL, SAIL (Steel Authority of India Limited [SAIL]) (400174) (N12000095) (3020)",Ministry of Steel,Steel,Jharkhand,10/1/2015,10/1/2017,1034.01,1006.59,64,97.3482,1752.3,718.29,69.4664,1,6/1/2027,3530,115.98,1
400177,AMALGAMATED YEKONA I & YEKONA (Western Coalfields Limited [WCL]) (400177) (N06000132) (3012),Ministry of Coal,Coal,Maharashtra,8/1/2015,3/1/2025,727.28,563.23,80.77,77.4434,727.28,0,0,0,3/1/2026,365,11.99,1
400178,DINESH[MAKARDHOKRA-III] OC (Western Coalfields Limited [WCL]) (400178) (N06000222) (3008),Ministry of Coal,Coal,Maharashtra,2/1/2020,3/1/2027,822.88,649.83,40.63,78.9702,822.88,0,0,0,,,,
400180,BONJEMEHARI EXPANSION OCP (Eastern Coal Fields Limited [ECL]) (400180) (N06000244) (3004),Ministry of Coal,Coal,West Bengal,8/1/2021,3/1/2026,570.11,88.78,17.1,15.5724,570.11,0,0,0,3/1/2030,1461,48,1
400181,NAKRAKONDA KUMARDIH- B OCP (Eastern Coal Fields Limited [ECL]) (400181) (N06000170) (3001),Ministry of Coal,Coal,West Bengal,8/1/2018,3/1/2029,502.68,83.94,27.52,16.6985,502.67,-0.01,-0.002,0,,,,
400183,BALARAM EXPANSION OCP (Mahanadi Coalfields Limited [MCL]) (400183) (N06000230) (2997),Ministry of Coal,Coal,Odisha,8/1/2020,3/1/2029,3504.21,958,58,27.3385,3504.21,0,0,0,,,,
400185,GOPALJI KANIHA OCP [10 TO 30 M (MCL - CIL) (400185) (N06000229) (2994),Ministry of Coal,Coal,Odisha,4/1/2022,3/1/2030,8416.19,1774.72,35.03,21.087,6107.87,-2308.32,-27.4271,0,,,,
400186,TILABONI UG (Eastern Coal Fields Limited [ECL]) (400186) (N06000276) (2989),Ministry of Coal,Coal,West Bengal,1/1/2023,3/1/2029,749.08,53.97,11.91,7.2048,749.07,-0.01,-0.0013,0,,,,
400187,INTEGRATED LAKHANPUR-BELPAHAR- (Mahanadi Coalfields Limited [MCL]) (400187) (N06000167) (2986),Ministry of Coal,Coal,Odisha,5/1/2018,3/1/2027,2434.75,2004.49,82.16,82.3284,2434.75,0,0,0,,,,
400188,Redevelopment of Seven General Pool Residential Accommodation [GPRA] Colonies in Delhi (National Buildings Construction Corporation [NBCC]) (400188) (-) (2914),Ministry of Housing & Urban Affairs,Real Estate,Delhi,5/1/2018,12/1/2025,32850,14370.45,46.7,43.7457,32841,-9,-0.0274,0,12/1/2025,0,0,0
400192,Tubed Coal Mine (Damodar Valley Corporation) (400192) (-) (2418),Ministry of Power,Coal,Jharkhand,10/1/2016,5/1/2026,1581,601.6,36,38.0519,1581,0,0,0,5/1/2026,0,0,0
400203,Dharamjaigarh-Korba (Railway) (400203) (-) (2277),Ministry of Coal,Railways,Chhattisgarh,3/1/2017,12/1/2026,1686.22,625.77,43.5,37.1108,2438.53,752.31,44.6152,1,8/1/2026,-122,-4.01,0
400204,Bahraich-Shravasti-Balrampur-Siddharthnagar -Santkabir nagar (North Eastern Railway [NER]) (400204) (N22000569) (2271),Ministry of Railways,Railways,Uttar Pradesh,3/1/2017,10/1/2030,4939.78,1065.82,13,21.5763,4939.78,0,0,0,10/1/2030,0,0,0
400205,Sahjanwa-Dohrighat (North Eastern Railway [NER]) (400205) (N22000565) (2270),Ministry of Railways,Railways,Uttar Pradesh,3/1/2017,3/1/2029,1319.75,522.12,4.1,39.562,1319.75,0,0,0,3/1/2029,0,0,0
400220,Kharsia-Dharamjaygarh with Spur line [East Corridor-Phase 1] (Indian Railway Construction International Limited [IRCON]) (400220) (N22000489) (2094),Ministry of Railways,Railways,Chhattisgarh,1/1/2014,9/1/2018,3055,2730.19,95.15,89.3679,3798.06,743.06,24.3227,1,12/1/2026,3013,98.99,1
400223,Nagapattinam-Tiruturaipundi and Karaikal-Peralam New Line (Ministry of Railways) (400223) (N22000626) (2081),Ministry of Railways,Railways,"Multi-States (Puducherry, Tamil Nadu)",1/1/2019,3/1/2027,713,636.83,80,89.317,981,268,37.5877,1,3/1/2028,366,12.02,1
400231,NLC Talabira Thermal Power Project (NLC India Limited [NLCIL]) (400231) (N06000270) (2059),Ministry of Coal,Electricity Generation,Odisha,1/1/2024,3/1/2030,27212.96,3455.88,2.1,12.6994,27213,0.04,0.0001,1,,,,
400232,Brundamal-Jharsuguda- flyover connection for joining downline (East Coast Railway [ECoR] - II) (400232) (N22000521) (2015),Ministry of Railways,Railways,Odisha,1/1/2014,12/1/2026,297,235.1,55,79.1582,297,0,0,0,12/1/2026,0,0,0
400247,Kalinarayanpur-Krishnanagar Doubling Alongwith Krishnanagar - Chapra New Line And Naihati-Ranaghat 3rd Line. (Eastern Railway [ER] - I) (400247) (N22000624) (1852),Ministry of Railways,Railways,West Bengal,11/1/2005,2/1/2027,1000,1066.85,76,106.685,1000,0,0,0,3/1/2028,394,12.94,1
400253,Vizianagaram - Titlagarh 3rd line [272 Km including By - pass line of 7.68 KM] (RVNL - II) (400253) (N22000409) (1747),Ministry of Railways,Railways,"Multi-States (Andhra Pradesh, Odisha)",11/1/2016,12/1/2025,4803,6233.25,98,129.7783,6669.91,1866.91,38.8697,1,12/1/2026,365,11.99,1
400254,Sakri -Hasanpur [via Harnagar - Kusheshwar Asthan] New Railway line (East Central Railway [ECR] - I) (400254) (-) (1731),Ministry of Railways,Railways,Bihar,8/1/1997,12/1/2024,735.2,589.37,84.2,80.1646,735.2,0,0,0,3/1/2027,820,26.94,1
400261,Patratu Thermal Power Station Expansion Project Phase-I [3x800 MW] (National Thermal Power Corporation [NTPC]) (400261) (N18000275) (1639),Ministry of Power,Electricity Generation,Jharkhand,11/1/2017,3/1/2023,18668,19064.59,90.2,102.1244,20302,1634,8.7529,1,4/1/2027,1492,49.02,1
400271,Wardha-Nanded Via Yavatmal New BG Line (Central Railway [CR] - II) (400271) (N22000231) (1557),Ministry of Railways,Railways,Maharashtra,4/1/2008,3/1/2025,3445,3002.93,50,87.1678,3445,0,0,0,12/1/2026,640,21.03,1
400273,Tarakeshwar-Bishnupur New Line [82.47 km] (Eastern Railway [ER] - I) (400273) (220100272) (1552),Ministry of Railways,Railways,West Bengal,2/1/2008,3/1/2019,1189,1390.59,96.9,116.9546,1542,353,29.6888,1,2/1/2026,2529,83.09,1
400275,Tindivanam-Nagari New Line Project [184.5 km] (Ministry of Railways) (400275) (N22000085) (1549),Ministry of Railways,Railways,"Multi-States (Andhra Pradesh, Tamil Nadu)",10/1/2008,9/1/2025,3631,1298.17,16.75,35.7524,3631,0,0,0,3/1/2028,912,29.96,1
400277,Dum Dum Airport-New Garia via Rajarhat-Construction of Metro Railway (RVNL - II) (400277) (N22000110) (1539),Ministry of Railways,Railways,West Bengal,10/1/2011,12/1/2025,8964,8733.02,87,97.4232,8964,0,0,0,12/1/2027,730,23.98,1
400280,Phase II extension of MRTS from Velachery to St Thomas Mount (Ministry of Railways) (400280) (N22000028) (1509),Ministry of Railways,Railways,Tamil Nadu,11/1/2008,7/1/2025,734,486.53,99.9,66.2847,734.01,0.01,0.0014,1,9/1/2025,62,2.04,1
400291,Doubling of Kirandul-Jagdalpur Line [150 km] (East Coast Railway [ECoR] - II) (400291) (N22000318) (1456),Ministry of Railways,Railways,Chhattisgarh,3/1/2013,3/1/2020,1589,1656.54,97.6,104.2505,1798,209,13.1529,1,4/1/2027,2587,84.99,1
400298,Nadikudi - Srikalahasti New Line (South Central Railway [SCR] - II) (400298) (N22000286) (1204),Ministry of Railways,Railways,Andhra Pradesh,12/1/2016,5/1/2027,2312,3119.31,55.02,134.9183,5932,3620,156.5744,1,3/1/2028,305,10.02,1
400299,Pottangi Bauxite Mines Project (National Aluminium Company Limited [NALCO]) (400299) (N10000016) (1199),Ministry of Mines,Metals & Mining,Odisha,5/1/2018,3/1/2025,1381,770.23,52.2,55.7734,1960.77,579.77,41.9819,1,11/1/2026,610,20.04,1
400301,"Multi Product Pipeline from Irugur to Devangonthi (Department of Water Resources, River Development & GR) (400301) (N16000234) (1195)",Ministry of Petroleum & Natural Gas,Energy Storage,"Multi-States (Karnataka, Tamil Nadu)",11/1/2012,2/1/2017,678,1140.25,83.5,168.1785,1732,1054,155.4572,1,9/1/2026,3499,114.96,1
400312,JHANJRA EXPANSION UG (Eastern Coal Fields Limited [ECL]) (400312) (N06000223) (995),Ministry of Coal,Coal,West Bengal,4/1/2020,3/1/2029,1210.12,628.68,52.04,51.9519,1210.12,0,0,0,,,,
400315,SONEPUR BAZARI EXPANSION OCP [ (Eastern Coal Fields Limited [ECL]) (400315) (N06000220) (966),Ministry of Coal,Coal,West Bengal,7/1/2021,3/1/2029,5365.88,627.89,18.47,11.7015,5365.88,0,0,0,,,,
400321,NIGAHI EXPANSION [15 TO 25 MTP (Northern Coalfields Limited [NCL]) (400321) (N06000196) (943),Ministry of Coal,Coal,Madhya Pradesh,11/1/2020,3/1/2025,1729.68,943.02,53.73,54.5199,1729.68,0,0,0,3/1/2028,1096,36.01,1
400352,JHARKHAND-LAIYO OCP (Ministry of Coal) (400352) (N06000240) (778),Ministry of Coal,Coal,Jharkhand,8/1/2020,3/1/2031,764.57,145.81,29.39,19.0709,764.57,0,0,0,,,,
400353,DHUPTALA OC [SASTI UG TO OC ] (Western Coalfields Limited [WCL]) (400353) (N06000209) (776),Ministry of Coal,Coal,Maharashtra,10/1/2021,3/1/2028,711.01,174.55,19.02,24.5496,711.01,0,0,0,,,,
400354,DIPKA EXPANSION OCP [40 MTY] (South Eastern Coalfields Limited [SECL]) (400354) (N06000200) (771),Ministry of Coal,Coal,Chhattisgarh,12/1/2020,3/1/2029,5241.4,2918.21,39.34,55.6762,5241.4,0,0,0,,,,
400369,BINA KAKRI AMALGAMATION EXPANS (Northern Coalfields Limited [NCL]) (400369) (N06000192) (612),Ministry of Coal,Coal,"Multi-States (Madhya Pradesh, Uttar Pradesh)",8/1/2020,3/1/2024,836.42,835.51,92.05,99.8912,836.42,0,0,0,3/1/2027,1095,35.98,1
400382,Rewas Port Project (Reliance Industries Ltd) (400382) (-) (551),"Ministry of Ports, Shipping and Waterways",Shipping,Maharashtra,1/1/2020,3/1/2023,6000,5999.89,88,99.9982,6000,0,0,0,,,,
400392,BHARATPUR RE-ORGANIZATION OCP (Mahanadi Coalfields Limited [MCL]) (400392) (N06000171) (501),Ministry of Coal,Coal,Odisha,11/1/2018,3/1/2029,2838.86,1713.01,52.3,60.3415,2838.86,0,0,0,,,,
400416,Shivpur-Kathautia New Rail [BG] Line [49 km] [Package II of Tori-Shivpur-Kathautia line] (Ministry of Coal) (400416) (-) (371),Ministry of Coal,Railways,Jharkhand,5/1/2022,6/1/2025,1799.64,1713.19,71,95.1963,2564.34,764.7,42.4918,1,6/1/2027,730,23.98,1
400424,GEVRA OC [70 MTY] (South Eastern Coalfields Limited [SECL]) (400424) (060100093) (192),Ministry of Coal,Coal,Chhattisgarh,3/1/2016,3/1/2023,11816.4,6922.36,78.48,58.5826,11816.4,0,0,0,3/1/2027,1461,48,1
400425,MOONIDIH XV SEAM UG (Bharat Coking Coal Limited (BCCL)) (400425) (N06000098) (189),Ministry of Coal,Coal,Jharkhand,8/1/2011,3/1/2019,1230.27,742.8,82.62,60.377,1230.27,0,0,0,8/1/2026,2710,89.03,1
400426,Expansion of Malanjkhand Copper Project (Hindustan Copper Limited [HCL]) (400426) (-) (160),Ministry of Mines,Metals & Mining,Madhya Pradesh,4/1/2015,4/1/2020,1856.36,979.15,23.5,52.7457,3800,1943.64,104.7017,1,3/1/2029,3256,106.97,1
601812,Development of Zaheerabad Node under Hyderabad Nagpur Industrial Corridor (National Industrial Corridor Development Corporation) (601812) (-) (9939),Department for Promotion of Industry & Internal Trade,Real Estate,Telangana,2/1/2026,2/1/2029,2360,0,2.16,0,2360,0,0,0,,,,
602096,Subansiri Lower HE Project [2000 MW] (National Hydroelectric Power Corporation Limited [NHPC]) (602096),Ministry of Power,Electricity Generation,"Multi-States (Assam, Arunachal Pradesh)",1/1/2005,9/1/2010,6285.33,26277.65,97.72,418.0791,26075.5,19790.17,314.8629,1,5/1/2026,5721,187.96,1
602098,"Construction of Permanent Campus for IIM Jammu Phase-1 at Jagti, Nagrota, Jammu, J&K (Indian Institute of Management, Jammu) (602098) (N28000130) (4869)",Department of Higher Education,Education,Jammu and Kashmir,10/1/2020,6/1/2023,424.93,484.52,96,114.0235,500.91,75.98,17.8806,1,11/1/2025,884,29.04,1
602099,"Establishment of Permanent campus Phase 1 of IIM Sirmaur (Indian Institute of Management, Sirmaur) (602099) (N42000008) (4877)",Department of Higher Education,Education,Himachal Pradesh,8/1/2020,10/1/2023,392.51,337.67,97.8,86.0284,454.78,62.27,15.8646,1,6/1/2026,974,32,1
602181,"TEESTA-VI HE PROJECT, SIKKIM [500 MW], executed by LANCO TEESTA HYDRO POWER LIMITED [A wholly owned Subsidiary of NHPC LTD. acquired through NCLT] (National Hydroelectric Power Corporation Limited [NHPC]) (602181)",Ministry of Power,Electricity Generation,Sikkim,3/1/2020,3/1/2024,5748.04,4447.82,73.11,77.3798,5748.04,0,0,0,12/1/2027,1370,45.01,1
602182,Dibang Multipurpose Project (National Hydroelectric Power Corporation Limited [NHPC]) (602182),Ministry of Power,Electricity Generation,Arunachal Pradesh,2/1/2023,2/1/2032,31876.39,4713.64,17.67,14.7872,31876.4,0.01,0,1,2/1/2032,0,0,0
602184,Rammam-III HEPP [3x40 MW] (National Thermal Power Corporation [NTPC]) (602184) (N18000178) (1453),Ministry of Power,Electricity Generation,West Bengal,9/1/2014,9/1/2019,1381.84,1587.33,56.16,114.8708,2865.56,1483.72,107.3728,1,3/1/2029,3469,113.97,1
602185,Tapovan-Vishnugad HEP [4x130 MW] (National Thermal Power Corporation [NTPC]) (602185) (N18000014) (1452),Ministry of Power,Electricity Generation,Uttarakhand,11/1/2006,3/1/2013,2978,7791.33,77,261.6296,10907.3,7929.3,266.2626,1,7/1/2029,5966,196.01,1
602195,Vishnugad Pipalkoti Hydro Electric Project [444 MW] (THDC India Limited) (602195) (N18000042) (157),Ministry of Power,Electricity Generation,Uttarakhand,1/1/2014,12/1/2022,3860.35,5608.58,80.5,145.2868,6405.08,2544.73,65.9197,1,6/1/2028,2009,66,1
602223,Comprehensive Scheme for Strengthening of Transmission and Distribution [T&D] Systems [CSST&DS] in Arunachal Pradesh and Sikkim (Power Grid Corporation of India Limited [POWERGRID]) (602223),Ministry of Power,Transmission & Distribution,"Multi-States (Sikkim, Arunachal Pradesh)",10/1/2014,12/1/2018,4754.42,8088.57,83.5,170.1274,9129.32,4374.9,92.0175,1,3/1/2027,3012,98.96,1
602525,"Pakal Dul [Drangdhuran] Hydroelectric Project, 1000 MW (National Hydroelectric Power Corporation Limited [NHPC]) (602525) (N18000172) (1425)",Ministry of Power,Electricity Generation,Jammu and Kashmir,2/1/2018,4/1/2020,8112.12,9313.54,82.05,114.8102,12728,4615.88,56.901,1,12/1/2026,2435,80,1
602532,Kiru HE Project (National Hydroelectric Power Corporation Limited [NHPC]) (602532) (N18000278) (2412),Ministry of Power,Electricity Generation,Jammu and Kashmir,2/1/2020,9/1/2023,4287.59,3868.72,85.5,90.2306,5409,1121.41,26.1548,1,12/1/2026,1187,39,1
602535,"Ratle HE Project - 850 MW, Ratle Hydroelectric Power Corporation Limited. (National Hydroelectric Power Corporation Limited [NHPC]) (602535) (N18000324) (2421)",Ministry of Power,Electricity Generation,Jammu and Kashmir,1/1/2022,2/1/2026,5281.94,1622.1,30.4,30.7103,5281.94,0,0,0,11/1/2028,1004,32.99,1
602538,Installation of FGD for 4x210 & 2x250 MW MTPS U 1-6 (Damodar Valley Corporation) (602538) (-) (2463),Ministry of Power,Electricity Generation,West Bengal,2/1/2021,1/1/2024,1037,1133.78,97,109.3327,1106,69,6.6538,1,5/1/2026,851,27.96,1
602579,Buxar Thermal Power Project [1320 MW] (Satluj Jal Vidyut Nigam [SJVN] Thermal Limited) (602579) (N18000194) (2361),Ministry of Power,Electricity Generation,Bihar,6/1/2019,1/1/2024,10439.09,13479.85,94.79,129.1286,13756.6,3317.51,31.7797,1,5/1/2026,851,27.96,1
602582,Dhaulasidh Hydro Electric Project [66 MW] (Satluj Jal Vidyut Nigam [SJVN] Thermal Limited) (602582) (N18000291) (2370),Ministry of Power,Electricity Generation,Himachal Pradesh,5/1/2021,11/1/2025,687.97,1122.67,77.95,163.1859,1561.21,873.24,126.93,1,3/1/2027,485,15.93,1
602593,Luhri Stage-I Hydro Electric Project [210 MW] (Satluj Jal Vidyut Nigam [SJVN] Thermal Limited) (602593) (N18000279) (2367),Ministry of Power,Electricity Generation,Himachal Pradesh,11/1/2020,1/1/2026,1810.56,1941.63,51.63,107.2392,4681.64,2871.08,158.5741,1,2/1/2030,1492,49.02,1
602792,Gauge Conversion of Kendri-Dhamtari including Abhanpur - Rajim Branch line 67.20 Kms - 2nd Material Modification to Raipur Titlagarh doubling. (SECR) (602792) (N22000572) (9922),Ministry of Railways,Railways,Chhattisgarh,5/1/2021,2/1/2025,1171,420.67,100,35.924,1171,0,0,0,6/1/2026,485,15.93,1
602797,"Sainthia, Sitarampur, Mughalsarai, Allahabad & Etawah - Bypass Line Project (Eastern Railway [ER] - I) (602797) (N22000631) (-)",Ministry of Railways,Railways,"Multi-States (Uttar Pradesh, West Bengal)",12/1/2017,3/1/2027,461.64,296.61,33,64.2514,461.64,0,0,0,3/1/2027,0,0,0
602961,Talcher Thermal Power Station Stage III [2 x 660 MW] Expansion (National Thermal Power Corporation [NTPC]) (602961) (N18000364) (3450),Ministry of Power,Electricity Generation,Odisha,9/1/2022,5/1/2027,11843.75,6644.65,51.4,56.1026,12543,699.25,5.904,1,5/1/2028,366,12.02,1
603210,Development of Jodhpur Pali Marwar Industrial Area JPMIA in Rajasthan (National Industrial Corridor Development Corporation) (603210) (-) (4249),Department for Promotion of Industry & Internal Trade,Real Estate,Rajasthan,1/1/2026,7/1/2028,921.66,0,1.21,0,921.66,0,0,0,,,,
603293,Badam Coal Mining project of NTPC (National Thermal Power Corporation [NTPC]) (603293) (N18000367) (2576),Ministry of Power,Coal,Jharkhand,9/1/2019,12/1/2056,502,431.81,67.86,86.0179,784,282,56.1753,1,4/1/2027,-10837,-356.04,0
603945,Integrated Anandpur Barrage Project (Water Resources-OR) (603945) (-) (3346),"Department of Water Resources, River Development & GR",Water Resources,Odisha,1/1/1998,12/1/2019,567.03,2776.23,62.85,489.609,2990.05,2423.02,427.3178,1,6/1/2026,2374,78,1
604791,Numaligarh Refinery Expansion Project (Ministry of Petroleum & Natural Gas) (604791),Ministry of Petroleum & Natural Gas,Oil & Gas,Assam,7/1/2020,7/1/2024,12366,19820.29,85.5,160.2805,25313,12947,104.6984,1,3/1/2027,973,31.97,1
604795,CBR 9 MMTPA Project (Chennai Petroleum Corporation Limited [CPCL]) (604795) (N16000434) (3278),Ministry of Petroleum & Natural Gas,Oil & Gas,Tamil Nadu,9/1/2021,6/1/2025,31580,1579.73,10.2,5.0023,36354,4774,15.1172,1,10/1/2028,1218,40.02,1
604833,"Andheri Residential Towers, Mumbai (Ministry of Petroleum & Natural Gas) (604833) (N16000503) (-)",Ministry of Petroleum & Natural Gas,Energy Storage,Maharashtra,6/1/2017,5/1/2025,281.35,279.58,81,99.3709,389.67,108.32,38.5001,1,6/1/2026,396,13.01,1
604852,"Grass-root Terminal at Mirzapur, Uttar Pradesh (Ministry of Petroleum & Natural Gas) (604852) (N16000506) (5256)",Ministry of Petroleum & Natural Gas,Energy Storage,Uttar Pradesh,9/1/2022,11/1/2026,980.45,293.88,76.3,29.974,980.45,0,0,0,11/1/2026,0,0,0
604853,"Indian Oil Technology Development and Deployment Centre at R&D Campus-II, Faridabad (Ministry of Petroleum & Natural Gas) (604853) (N16000375) (3069)",Ministry of Petroleum & Natural Gas,Oil & Gas,Haryana,6/1/2019,12/1/2022,2281.94,1920.67,65.2,84.1683,3200,918.06,40.2316,1,7/1/2027,1673,54.97,1
604859,Integrated Para Xylene [PX] and Purified Terephthalic Acid [PTA] Project at Paradip Refinery (Ministry of Petroleum & Natural Gas) (604859) (N16000396) (3064),Ministry of Petroleum & Natural Gas,Oil & Gas,Odisha,7/1/2020,1/1/2024,13805,70637.31,94.3,511.6792,11783,-2022,-14.6469,0,8/1/2026,943,30.98,1
604863,Development of Surface Facilities for production and evacuation of Crude Oil and Natural Gas from Nadua and East Khagorija (Ministry of Petroleum & Natural Gas) (604863),Ministry of Petroleum & Natural Gas,Oil & Gas,Assam,1/1/2018,2/1/2020,682.9,599.64,94.3,87.8079,726.93,44.03,6.4475,1,6/1/2026,2312,75.96,1
605155,Kwar HE Project (National Hydroelectric Power Corporation Limited [NHPC]) (605155) (N18000363) (4177),Ministry of Power,Electricity Generation,Jammu and Kashmir,11/1/2022,11/1/2026,4526.12,1616.87,35.32,35.7231,4526.12,0,0,0,3/1/2028,486,15.97,1
605156,Rangit-IV HE Project [120 MW] executed by Jal Power Corporation Ltd. [JPCL] - A wholly owned subsidiary of NHPC Ltd. acquired through NCLT (National Hydroelectric Power Corporation Limited [NHPC]) (605156),Ministry of Power,Electricity Generation,Sikkim,8/1/2021,5/1/2024,938.29,1672.37,96.92,178.2359,1828.11,889.82,94.8342,1,11/1/2026,914,30.03,1
605292,"Construction of Permanent Campus of Indian Institute of Management [IIM] Amritsar, Punjab, Phase-I (Indian intitue of Management, Amritsar) (605292) (N28000142) (4865)",Department of Higher Education,Education,Punjab,7/1/2020,6/1/2023,348.31,293.1,91.7,84.1492,348.31,0,0,0,11/1/2026,1249,41.03,1
606013,Additional Campus of NITPatna (NIT Patna) (606013) (-) (-),Department of Higher Education,Education,Bihar,8/1/2022,7/1/2024,499.21,449.96,98.6,90.1344,499.21,0,0,0,1/1/2026,549,18.04,1
606112,Tezpur University Projects (Tezpur University) (606112),Department of Higher Education,Education,Assam,6/1/2021,11/1/2023,153.71,137.84,97.97,89.6754,153.71,0,0,0,12/1/2025,761,25,1
606431,CONSTRUCTION OF PERMANENT CAMPUS FOR IIT PALAKKAD UNDER PHASE 1A (INDIAN INSTITUTE OF TECHNOLOGY PALAKKAD) (606431) (N28000140) (3415),Department of Higher Education,Education,Kerala,3/1/2020,6/1/2022,1006.45,686.2,86.5,68.1802,1217.4,210.95,20.9598,1,6/1/2026,1461,48,1
606479,Banaras Hindu University [ Kayakalp of Institute of Medical Sciences] (Banaras Hindu University) (606479) (-) (-),Department of Higher Education,Education,Uttar Pradesh,6/1/2020,9/1/2022,246,209.68,99,85.2358,246,0,0,0,3/1/2026,1277,41.95,1
607653,Ludhiana Mullanpur 21Km Doubling Railway project (CAO/C/NR) (607653) (-) (-),Ministry of Railways,Railways,Punjab,10/1/2022,6/1/2024,234.78,61.39,99,26.1479,234.78,0,0,0,2/1/2027,975,32.03,1
607709,NORTH EASTERN REGION POWER SYSTEM IMPROVEMENT PROJECT [NERPSIP] (Power Grid Corporation of India Limited [POWERGRID]) (607709),Ministry of Power,Transmission & Distribution,"Multi-States (Mizoram, Tripura, Assam, Meghalaya, Manipur, Nagaland)",3/1/2016,12/1/2018,5111.33,5577.75,99,109.1252,6700,1588.67,31.0813,1,3/1/2027,3012,98.96,1
609019,"HEFA projects on development of student hostels, playgrounds, departmental buildings, class room complex and other campus facilities in IIT Kharagpur (Indian Institute of Technology, Kharagpur) (609019) (N28000146) (4351)",Department of Higher Education,Education,West Bengal,4/1/2019,3/1/2023,500,416.2,96.6,83.24,442,-58,-11.6,0,3/1/2026,1096,36.01,1
609424,"Development of Container Terminal at Tuna-Tekra, Deendayal Port on BOT Basis Under PPP Mode (Deendayal Port Trust) (609424) (-) (7514)","Ministry of Ports, Shipping and Waterways",Shipping,Gujarat,3/1/2024,3/1/2027,4243.64,2385,60,56.2018,4243.64,0,0,0,9/1/2027,184,6.05,1
609736,"Construction of Sikkim University Campus Phase-I Package-II at Yangang, South Sikkim (Sikkim University) (609736)",Department of Higher Education,Education,Sikkim,1/1/2022,1/1/2025,314.06,292,95.5,92.9759,314.06,0,0,0,3/1/2026,424,13.93,1
609996,"Construction of Precast housing and hostels at IIT Hyderabad (Indian Institute of Technology, Hyderabad) (609996) (-) (-)",Department of Higher Education,Education,Telangana,11/1/2022,10/1/2024,262,216.1,89.11,82.4809,262,0,0,0,1/1/2026,457,15.01,1
610315,"IISER BERHAMPUR (Indian Institutes of Science Education and Research, Behrampur) (610315) (N28000126) (3441)",Department of Higher Education,Education,Odisha,9/1/2019,3/1/2021,1229.32,874.09,98.5,71.1035,843.09,-386.23,-31.4182,0,9/1/2026,2010,66.04,1
610984,Development of Jharia CBM Block [Phase-1] (Oil and Natural Gas Corporation Limited [ONGC]) (610984) (N16000445) (4893),Ministry of Petroleum & Natural Gas,Oil & Gas,Jharkhand,11/1/2019,1/1/2024,431,261.97,65.9,60.7819,431,0,0,0,7/1/2026,912,29.96,1
611047,"Construction of NTB complex including apron, taxi track and other associated civil works and electrical & mechanical installations towards Tawi River side at CA Jammu. (Airport Authority of India [AAI]) (611047) (N04000107) (9921)",Ministry of Civil Aviation,Aviation & Aviation Infrastructure,Jammu and Kashmir,12/1/2023,6/1/2026,861.37,327.3,52.95,37.9976,861.37,0,0,0,11/1/2026,153,5.03,1
611452,MUMBAI CENTRAL VIRAR VADODARA AHMEDABAAD TRAIN PROTECTION SYSTEM 500 RKM (Western Railway) (611452) (N22000434) (5039),Ministry of Railways,Railways,"Multi-States (Gujarat, Maharashtra)",3/1/2023,12/1/2025,311,263.42,93,84.701,311,0,0,0,12/1/2026,365,11.99,1
611495,Development of New Civil Enclave at Bagdogra Airport (Airport Authority of India [AAI]) (611495) (N04000115) (9920),Ministry of Civil Aviation,Aviation & Aviation Infrastructure,West Bengal,9/1/2024,3/1/2027,1549,481.09,36.93,31.0581,1549,0,0,0,3/1/2027,0,0,0
611509,"Koderma Thermal Power Station Phase II [2X800 MW] At Koderma, Jharkhand (Damodar Valley Corporation) (611509) (-) (7414)",Ministry of Power,Electricity Generation,Jharkhand,11/1/2024,3/1/2029,14358,1964.6,11.5,13.683,14358,0,0,0,,,,
611570,"SITC of ATM Automation System and ASMGCS [Including SMR & MLAT] for Mumbai, Navi Mumbai, Jewar [earlier MOPA, without ASMGCS], HIAL & BIAL (Airport Authority of India [AAI]) (611570) (-) (-)",Ministry of Civil Aviation,Aviation & Aviation Infrastructure,"Multi-States (Karnataka, Maharashtra, Telangana, Uttar Pradesh)",10/1/2022,9/1/2025,500.48,393.31,79,78.5866,500.48,0,0,0,8/1/2026,334,10.97,1
611586,Sunni Dam Hydro Electric Project [382 MW] (Satluj Jal Vidyut Nigam [SJVN] Thermal Limited) (611586) (N18000344) (5062),Ministry of Power,Electricity Generation,Himachal Pradesh,1/1/2023,4/1/2028,2614.51,1097.78,34.43,41.988,4925.87,2311.36,88.4051,1,12/1/2029,609,20.01,1
611602,"Modernization of Chennai Airport, Phase II, Part 2 (Airport Authority of India [AAI]) (611602) (-) (5163)",Ministry of Civil Aviation,Aviation & Aviation Infrastructure,Tamil Nadu,6/1/2023,7/1/2025,1207,310.98,41,25.7647,1207,0,0,0,12/1/2026,518,17.02,1
611669,NER Provision of Automatic Block Signalling on Gorakhpur Cantt[Excl] Chhapra Gramin & Burhwal Jn [Excl] Sitapur Jn section of high density routes (North Eastern Railway [NER]) (611669) (-) (-),Ministry of Railways,Railways,"Multi-States (Bihar, Uttar Pradesh)",6/1/2023,3/1/2027,380.47,258.41,20,67.9186,380.47,0,0,0,3/1/2028,366,12.02,1
611698,240MW Heo HE Project (North Eastern Electric Power Corporation Limited) (611698),Ministry of Power,Electricity Generation,Arunachal Pradesh,5/1/2025,7/1/2029,1938.85,105.5,5,5.4414,1938.85,0,0,0,,,,
611699,186 MW Tato-I H E Project (North Eastern Electric Power Corporation Limited) (611699),Ministry of Power,Electricity Generation,Arunachal Pradesh,5/1/2025,7/1/2029,1750.07,74.83,5.1,4.2758,1750.07,0,0,0,,,,
611716,700 MW Tato-II HE Project (North Eastern Electric Power Corporation Limited) (611716),Ministry of Power,Electricity Generation,Arunachal Pradesh,9/1/2025,9/1/2031,8146.21,244.35,6.45,2.9996,8146.21,0,0,0,,,,
611735,Transmission system for evacuation of power from REZ in Rajasthan 20GW under Phase-III Part J (Power Grid Corporation of India Limited [POWERGRID]) (611735) (N18000378) (-),Ministry of Power,Transmission & Distribution,"Multi-States (Delhi, Rajasthan)",12/1/2022,3/1/2025,331,199.63,60.75,60.3112,331,0,0,0,12/1/2026,640,21.03,1
611751,AURANGABAD-ANKAI - DOUBLING PROJECT 98.25 Km (South Central Railway [SCR] - II) (611751) (-) (5341),Ministry of Railways,Railways,Maharashtra,5/1/2023,3/1/2027,960.64,1375.55,2.03,143.191,960.64,0,0,0,,,,
611752,GOOTY-PENDEKALLU DOUBLING 29.225 Km (South Central Railway [SCR] - II) (611752) (N22000585) (-),Ministry of Railways,Railways,Andhra Pradesh,6/1/2023,3/1/2027,351.83,347.98,3.04,98.9057,351.83,0,0,0,3/1/2027,0,0,0
611754,GUNTAKAL WEST-MALLAPPA GATE RAIL OVER RAIL - ROR TRACK (South Central Railway [SCR] - II) (611754) (-) (-),Ministry of Railways,Railways,Andhra Pradesh,7/1/2023,7/1/2026,293.3,272.72,0.24,92.9833,293.3,0,0,0,,,,
611855,Devgarh Madariya - Nathdwara Gauge Conversion [82.54 Km] part of Marwar - Mavli Gauge Conversion [152 Km] (North Western Railway [NWR]) (611855) (-) (9756),Ministry of Railways,Railways,Rajasthan,1/1/2023,1/1/2027,968.92,730.39,73,75.3819,968.92,0,0,0,,,,
611861,Rewari - Kathuwas Doubling Project [27.72 Km] (North Western Railway [NWR]) (611861) (N22000606) (-),Ministry of Railways,Railways,"Multi-States (Haryana, Rajasthan)",12/1/2022,6/1/2027,352,325.79,80,92.554,352,0,0,0,6/1/2027,0,0,0
611864,AMALAGAMATED NTST KUJAMA OCP 8.5MTY (Bharat Coking Coal Limited (BCCL)) (611864) (N06000273) (5366),Ministry of Coal,Coal,Jharkhand,1/1/2023,3/1/2030,4011.85,414.93,30.92,10.3426,4011.85,0,0,0,,,,
611884,Bhiwani - Dobh Bahali Doubling Project [42.30 Km] (North Western Railway [NWR]) (611884) (N22000604) (-),Ministry of Railways,Railways,Haryana,2/1/2023,2/1/2028,471,273.41,73,58.0488,471,0,0,0,2/1/2028,0,0,0
611917,Poly Butadiene Rubber plant at Panipat (Indian Oil Corporation Limited [IOCL]) (611917) (N16000458) (7629),Ministry of Petroleum & Natural Gas,Oil & Gas,Haryana,3/1/2022,3/1/2025,1459,1632.01,87.3,111.8581,2531.44,1072.44,73.5051,1,12/1/2026,640,21.03,1
611918,Kosamba Umarpada 70 Km (PCE/WR) (611918) (-) (-),Ministry of Railways,Railways,Gujarat,7/1/2022,3/1/2027,468,44.62,9,9.5342,468,0,0,0,,,,
611927,Kurnool - Setting up facilities for coach midlife rehabilitation workshop (WPO/Patna) (611927) (-) (5430),Ministry of Railways,Railways,Andhra Pradesh,10/1/2017,12/1/2023,560.72,276.66,65,49.3401,560.72,0,0,0,,,,
611929,Maintenance cum workshop depot for Vande Bharat Sleeper Trains as per conditions under WTA 527 (WPO/Patna) (611929) (-) (-),Ministry of Railways,Railways,Rajasthan,6/1/2023,12/1/2024,166.86,0,0,0,166.86,0,0,0,,,,
611930,Lara Super Thermal Power Project Stage-II [2 x 800 MW] (National Thermal Power Corporation [NTPC]) (611930) (N18000381) (5493),Ministry of Power,Electricity Generation,Chhattisgarh,8/1/2023,6/1/2028,15530,5005.4,30.6,32.2305,16106,576,3.709,1,11/1/2028,153,5.03,1
611943,New Broad Gauge line between Naliya to Jakhau Port (Western Railway [WR] - II) (611943) (N22000550) (-),Ministry of Railways,Railways,Gujarat,2/1/2023,1/1/2028,410.26,11.3,5,2.7544,410.26,0,0,0,2/1/2028,31,1.02,1
611945,Petlad Bhadran 23 Kms (Western Railway) (611945) (N22000538) (-),Ministry of Railways,Railways,Gujarat,5/1/2022,5/1/2030,307.11,18.9,17,6.1541,307.11,0,0,0,5/1/2030,0,0,0
611948,Transmission system for evacuation of power from REZ in Rajasthan 20 GW under Phase-III part H (Power Grid Corporation of India Limited [POWERGRID]) (611948) (N18000374) (5434),Ministry of Power,Transmission & Distribution,Rajasthan,10/1/2023,4/1/2025,1910,1852.7,99.46,97,1910,0,0,0,6/1/2026,426,14,1
611949,Transmission system for evacuation of power from REZ in Rajasthan 20 GW under Phase-III part C1 (Power Grid Corporation of India Limited [POWERGRID]) (611949) (N18000375) (5435),Ministry of Power,Transmission & Distribution,Rajasthan,10/1/2023,4/1/2025,1160,1136.8,99.33,98,1160,0,0,0,5/1/2026,395,12.98,1
611957,"Phase III A works at IIT Indore [03 Hostels, 01 Studio Apartment, 01 Housing, Heavy & Sophisticated lab complex, Academic POD and Infrastructure for center of excellence] (Indian Institute of Technology, Indore) (611957) (-) (-)",Department of Higher Education,Education,Madhya Pradesh,4/1/2024,2/1/2027,496.28,78.35,57.5,15.7875,496.28,0,0,0,,,,
611961,"Construction of IIT Bhubaneswar -Phase III (Indian Institute of Technology, Bhubaneshwar) (611961) (-) (-)",Department of Higher Education,Education,Odisha,5/1/2024,11/1/2026,454.27,101.36,8.11,22.3127,454.27,0,0,0,,,,
611963,"Construction & Development of Infrastructural Facilities in the main campus of NIT Uttarakhand at Sumari, Pauri Garhwal (National Institute of Technology Uttarakhand) (611963) (-) (5655)",Department of Higher Education,Education,Uttarakhand,4/1/2024,9/1/2027,650.85,347.26,58,53.3548,650.85,0,0,0,,,,
611966,Transmission System for Evacuation of power from Potential RE Zone in Khavda Area of Gujarat under phase IV 7GW-Part E4 (Power Grid Corporation of India Limited [POWERGRID]) (611966) (N18000377) (-),Ministry of Power,Transmission & Distribution,Maharashtra,11/1/2023,7/1/2025,224.41,215.43,99.6,95.9984,224.41,0,0,0,5/1/2026,304,9.99,1
611967,Transmission Scheme for Solar Energy Zone in Ananthpuram 2500MW and Kurnool 1000MW (Power Grid Corporation of India Limited [POWERGRID]) (611967) (N18000380) (5451),Ministry of Power,Transmission & Distribution,Andhra Pradesh,9/1/2023,9/1/2025,823,798.31,98.57,97,823,0,0,0,5/1/2026,242,7.95,1
611970,Samlaya Timba Road 54 km (PCE/WR) (611970) (N22000540) (5448),Ministry of Railways,Railways,Gujarat,2/1/2023,3/1/2030,670.17,47.46,12,7.0818,670.17,0,0,0,3/1/2030,0,0,0
611971,Samni Jambusar 24 km (PCE/WR) (611971) (N22000541) (-),Ministry of Railways,Railways,Gujarat,5/1/2022,3/1/2030,350,80.49,31,22.9971,349.93,-0.07,-0.02,0,3/1/2030,0,0,0
611974,Western Railway Samakhiali Gandhidham Quadrupiling 53 Kms (Western Railway [WR] - II) (611974) (-) (5449),Ministry of Railways,Railways,Gujarat,8/1/2023,12/1/2026,1430,582.1,45,40.7063,1430,0,0,0,12/1/2027,365,11.99,1
611977,Dahod Creation of Infrastructure facilities for 9000 HP Electric locomotives Manufacturing at (PCE/WR) (611977) (-) (-),Ministry of Railways,Railways,Gujarat,2/1/2023,2/1/2025,487,222.88,53,45.7659,487,0,0,0,,,,
611978,Dahod Rolling Stock Workshop Provision of Infrastructure for CBS at (PCE/WR) (611978) (-) (-),Ministry of Railways,Railways,Gujarat,3/1/2023,3/1/2025,158,51.87,10,32.8291,158,0,0,0,,,,
611979,Sabarmati Setting up of Maintenance Facilities for Train Sets Phase ii (Western Railway [WR] - II) (611979) (-) (-),Ministry of Railways,Railways,Gujarat,4/1/2023,6/1/2025,250,185.02,88,74.008,250,0,0,0,5/1/2026,334,10.97,1
612066,Jaipur Metro Phase 1C from Badi Chaupar to Transport Nagar via Ramganj (Jaipur Metro Rail Corporation) (612066) (-) (-),Ministry of Housing & Urban Affairs,Urban Public Transport,Rajasthan,9/1/2023,4/1/2027,980.08,103.03,0,10.5124,980.08,0,0,0,,,,
612068,Jaipur Metro Phase 1D Project from Mansarovar to Ajmer Road Chauraha (Jaipur Metro Rail Corporation) (612068) (-) (-),Ministry of Housing & Urban Affairs,Urban Public Transport,Rajasthan,12/1/2023,3/1/2026,204.81,23.34,12.48,11.3959,204.81,0,0,0,,,,
612072,4th LINE BETWEEN BAREJADI NANDEJ-SANAND-AHMEDABAD BYPASS (Western Railway WR - II) (612072) (N22000532) (5465),Ministry of Railways,Railways,Gujarat,2/1/2023,3/1/2027,961.67,519.8,22,54.0518,961.67,0,0,0,7/1/2028,488,16.03,1
612096,Construction of Balurghat-Hilli new BG Line (Northeast Frontier Railway [NFR]) (612096) (N22000206) (5478),Ministry of Railways,Railways,West Bengal,12/1/2010,3/1/2027,1209,501.96,17,41.5186,1181.57,-27.43,-2.2688,0,3/1/2027,0,0,0
612128,"Hostel blocks & dining hall block (Indian Institute of Technology, Mandi) (612128) (-) (-)",Department of Higher Education,Education,Himachal Pradesh,3/1/2024,3/1/2026,166.66,122.26,84,73.3589,166.66,0,0,0,7/1/2026,122,4.01,1
612132,Transmission Scheme for Evacuation of power from REZ in Rajasthan [20 GW] under Phase-III Part D Phase I [Sikar Khetri Transmission Ltd] (Power Grid Corporation of India Limited [POWERGRID]) (612132) (N18000389) (5489),Ministry of Power,Transmission & Distribution,"Multi-States (Delhi, Rajasthan)",2/1/2024,8/1/2025,2423,2059.55,88.53,85,2423,0,0,0,9/1/2026,396,13.01,1
612133,Transmission System for Evacuation of power from Rajasthan REZ Ph-IV [Part-1] [Bikaner Complex] Part D [Neemrana Bareilly Transmission Ltd] (Power Grid Corporation of India Limited [POWERGRID]) (612133) (N18000387) (5490),Ministry of Power,Transmission & Distribution,"Multi-States (Rajasthan, Uttar Pradesh)",12/1/2023,12/1/2025,3271,2731.28,72.83,83.4998,3271,0,0,0,12/1/2026,365,11.99,1
612134,Transmission System for Evacuation of power from Rajasthan REZ Ph-IV [Part-1] [Bikaner Complex] Part A [Bikaner Neemrana Transmission Ltd] (Power Grid Corporation of India Limited [POWERGRID]) (612134) (N18000386) (5491),Ministry of Power,Transmission & Distribution,Rajasthan,12/1/2023,12/1/2025,4741,3650.57,75.04,77,4741,0,0,0,12/1/2026,365,11.99,1
612138,"Transmission Scheme for Solar Energy Zone in Bidar [2500 MW], Karnataka [Bidar Transmission Ltd] (Power Grid Corporation of India Limited [POWERGRID]) (612138) (N18000388) (5500)",Ministry of Power,Transmission & Distribution,"Multi-States (Karnataka, Telangana)",2/1/2024,2/1/2026,1368,1203.84,90.33,88,1368,0,0,0,8/1/2026,181,5.95,1
612139,Transmission system for Evacuation of Additional 7 GW RE power from Khavda RE park under Phase-III Part B [Vataman Transmission Limited] (Power Grid Corporation of India Limited [POWERGRID]) (612139) (N18000384) (5494),Ministry of Power,Transmission & Distribution,Gujarat,12/1/2023,12/1/2025,4231,2538.6,65.91,60,4231,0,0,0,12/1/2026,365,11.99,1
612140,Transmission Scheme for Integration of Renewable Energy Zone [Phase II] in Koppal II [Phase A&B] and gadag II[Phase A] in Karnataka [POWERGRID KOPPAL GADAG TRANSMISSION LIMITED] (Power Grid Corporation of India Limited [POWERGRID]) (612140) (N18000385) (5495),Ministry of Power,Transmission & Distribution,Karnataka,12/1/2023,12/1/2025,4445,3733.8,88.17,84,4445,0,0,0,9/1/2026,274,9,1
612142,"Singrauli Super Thermal Power Project, Stage-III [2x800 MW] (National Thermal Power Corporation [NTPC]) (612142) (N18000382) (7569)",Ministry of Power,Electricity Generation,Uttar Pradesh,3/1/2024,2/1/2030,17195,3492.41,21.3,20.3106,17195,0,0,0,4/1/2030,59,1.94,1
612167,"Construction of 350 beds + 50 Super Specialty beds ESIC Hospital Sheelanagar, Visakhapatnam, Andhra Pradesh (Employee's State Insurance Company [ESIC]) (612167) (-) (5506)",Ministry of Labour and Employment,Healthcare,Andhra Pradesh,4/1/2023,10/1/2025,384.27,253.37,88,65.9354,384.27,0,0,0,6/1/2026,243,7.98,1
612183,Development of New Civil Enclave at Bihta (Airport Authority of India [AAI]) (612183) (-) (9918),Ministry of Civil Aviation,Aviation & Aviation Infrastructure,Bihar,4/1/2025,3/1/2027,1413,7.64,2.43,0.5407,1413,0,0,0,,,,
612186,350 Bedded [Upgradable to 500 beds] ESI Hospital at Sanand (Employee's State Insurance Company [ESIC]) (612186) (-) (5504),Ministry of Labour and Employment,Healthcare,Gujarat,4/1/2023,3/1/2026,558.12,55.81,21.5,9.9996,558.12,0,0,0,5/1/2027,426,14,1
612194,Development of New Civil Enclave and associated works at Darbhanga Airport (Airport Authority of India [AAI]) (612194) (N04000112) (9917),Ministry of Civil Aviation,Aviation & Aviation Infrastructure,Bihar,7/1/2024,7/1/2026,911.66,386.24,68.01,42.3667,911.66,0,0,0,11/1/2026,123,4.04,1
612211,"Demolition, Construction and upgradation of ESI Hospital, Kalol, Gujarat from 50 beds to 150 beds. (Employee's State Insurance Company [ESIC]) (612211) (-) (5628)",Ministry of Labour and Employment,Healthcare,Gujarat,10/1/2023,10/1/2025,205.87,51.74,50,25.1324,205.87,0,0,0,11/1/2026,396,13.01,1
612213,"Construction of 200 Bedded ESIC Hospital at Butibori, Nagpur, Maharashtra. (Employee's State Insurance Company [ESIC]) (612213) (-) (5627)",Ministry of Labour and Employment,Healthcare,Maharashtra,8/1/2022,8/1/2025,194.93,114.39,67,58.6826,196.7,1.77,0.908,1,9/1/2026,396,13.01,1
612259,CONSTRUCTION OF 300 BEDDED HOSPITAL AT HARIDWAR (Employee's State Insurance Company [ESIC]) (612259) (-) (5623),Ministry of Labour and Employment,Healthcare,Uttarakhand,12/1/2021,10/1/2024,102.4,340.3,89,332.3242,297.63,195.23,190.6543,1,7/1/2026,638,20.96,1
612513,"Construction of 100 Bedded ESI Hospital at Duburi, Odisha. (Employee's State Insurance Company [ESIC]) (612513) (-) (5583)",Ministry of Labour and Employment,Healthcare,Odisha,2/1/2025,6/1/2027,164.6,16.4,7.2,9.9635,164.6,0,0,0,,,,
612745,"Construction of 200 bed ESI Hospital at Bommasandra, Karnataka (Employee's State Insurance Company [ESIC]) (612745) (-) (5614)",Ministry of Labour and Employment,Healthcare,Karnataka,10/1/2024,1/1/2027,278,80.52,27,28.964,278,0,0,0,5/1/2027,120,3.94,1
612748,"Construction of 100 bed ESI Hospital and Staff Quarters [32 Nos.] at Harohalli, Karnataka (Employee's State Insurance Company [ESIC]) (612748) (-) (5560)",Ministry of Labour and Employment,Healthcare,Karnataka,3/1/2025,2/1/2027,150.92,31.05,23,20.5738,150.92,0,0,0,,,,
612781,Rebuilding of COB 4 at Durgapur Steel Plant (Steel Authority of India Limited [SAIL]) (612781) (N12000132) (5635),Ministry of Steel,Steel,West Bengal,9/1/2023,12/1/2026,916.78,226.68,34.76,24.7257,916.78,0,0,0,9/1/2027,274,9,1
612786,"Construction of New Domestic Terminal Building Building and miscellaneous works including maintenance, operations and AICMC at Kadapa Airport (Airport Authority of India [AAI]) (612786) (N04000106) (-)",Ministry of Civil Aviation,Aviation & Aviation Infrastructure,Andhra Pradesh,1/1/2024,1/1/2026,265.91,142.62,70,53.6347,265.91,0,0,0,7/1/2026,181,5.95,1
612787,Construction of New Domestic Terminal Building and Miscellaneous works at Hubli Airport (Airport Authority of India [AAI]) (612787) (N04000108) (-),Ministry of Civil Aviation,Aviation & Aviation Infrastructure,Karnataka,1/1/2024,1/1/2026,320.47,158.36,81.5,49.4149,320.47,0,0,0,6/1/2026,151,4.96,1
612788,Construction of New Domestic Terminal Building and Miscellaneous Works at Belagavi Airport. (Airport Authority of India [AAI]) (612788) (N04000105) (-),Ministry of Civil Aviation,Aviation & Aviation Infrastructure,Karnataka,2/1/2024,2/1/2026,322.45,214.29,91,66.4568,322.45,0,0,0,6/1/2026,120,3.94,1
612789,"Development of additional RESA on either end on Runway 10-28 at Calicut Airport. Construction of embankment with slope protection, drainage system and associated works for additional RESA on either end on Runway 10-28 (Airport Authority of India [AAI]) (612789) (N04000111) (-)",Ministry of Civil Aviation,Aviation & Aviation Infrastructure,Kerala,2/1/2024,9/1/2025,484.57,227.5,62.5,46.9488,484.57,0,0,0,12/1/2026,456,14.98,1
612790,Power System Upgradation Project (Mangalore Refinary and Petrochemicals Limited) (612790) (N16000509) (-),Ministry of Petroleum & Natural Gas,Oil & Gas,Karnataka,10/1/2023,11/1/2025,385,260.92,85.9,67.7714,385,0,0,0,9/1/2026,304,9.99,1
612791,"Re-Construction of Rigid portions of Secondary Runway, K and A Taxiway and Strengthening of C Taxiway at NSCBI Airport Kolkata. (Airport Authority of India [AAI]) (612791) (N04000109) (-)",Ministry of Civil Aviation,Aviation & Aviation Infrastructure,West Bengal,12/1/2023,10/1/2025,328.3,145.41,70,44.2918,328.3,0,0,0,8/1/2026,304,9.99,1
612793,"Widening of basic strip at Western Side of Runway Chainage 80m to 920m i/c slope stabilization Measures [Balance work] of uphill and Improvement of Storm Water Drainage System at Pakyong Airport, Sikkim on design & build basis [EPC] with integrated 10 years maintenance. (Airport Authority of India [AAI]) (612793)",Ministry of Civil Aviation,Aviation & Aviation Infrastructure,Sikkim,12/1/2023,6/1/2026,323.26,80.94,35.55,25.0387,323.26,0,0,0,6/1/2027,365,11.99,1
612815,4th line between Nipania Bhatapara 14.4 Km (South East Central Railway [SECR] - II) (612815) (N22000573) (-),Ministry of Railways,Railways,Chhattisgarh,5/1/2024,3/1/2027,170.49,9.56,15,5.6074,170.49,0,0,0,,,,
612816,ITAPARA OCP (Eastern Coal Fields Limited [ECL]) (612816) (N06000272) (5529),Ministry of Coal,Coal,West Bengal,12/1/2023,3/1/2030,929.1,71.43,8.35,7.6881,929.1,0,0,0,,,,
612827,Flyover between Pendurthi and Simhachalam North to avoid surface crossing at Simhachalam 7.135 km PB 73 of 2023 24 NR (East Coast Railway [ECoR] - II) (612827) (-) (-),Ministry of Railways,Railways,Andhra Pradesh,5/1/2024,4/1/2027,183.65,17.25,16,9.3929,183.65,0,0,0,,,,
612834,3rd & 4th line between Sarla - Sason [8 km] [PB 73/2023-24/NR] (East Coast Railway [ECoR] - II) (612834) (-) (-),Ministry of Railways,Railways,Odisha,4/1/2023,12/1/2025,252,117.3,88,46.5476,252,0,0,0,,,,
612845,Gauge Conversion of Pachora-Jamner with Extension upto Malkapur [Bodwad] [84.34 Kms] (Central Railway [CR] - II) (612845) (-) (7616),Ministry of Railways,Railways,Maharashtra,1/1/2026,7/1/2028,955.39,13.98,10,1.4633,955.39,0,0,0,,,,
612851,"Phase 1B - Construction of Academic Block, Hostel, Residential Tower, Directors Residence and External Development works at National Institute of Technology, Delhi Campus on Engineering, Procurement and Construction basis (National Institute of Technology Delhi) (612851) (-) (-)",Department of Higher Education,Education,Delhi,11/1/2022,9/1/2025,333.49,327.26,99.9,98.1319,336.42,2.93,0.8786,1,1/1/2026,122,4.01,1
612853,Gurdaspur Jammu Pipeline (Gas Authority of India Limited [GAIL]) (612853) (N16000531) (-),Ministry of Petroleum & Natural Gas,Oil & Gas,"Multi-States (Jammu and Kashmir, Punjab)",7/1/2023,7/1/2026,521.9,310.3,81.6,59.4558,521.9,0,0,0,7/1/2026,0,0,0
612855,Transmission System for Evacuation of Power from Potential Energy Renewable Zone in Khavda Area of Gujarat under Ph-IV [7GW] Part E2 (Power Grid Corporation of India Limited [POWERGRID]) (612855) (N18000390) (5537),Ministry of Power,Transmission & Distribution,Gujarat,5/1/2024,5/1/2026,697,383.35,63,55,697,0,0,0,6/1/2026,31,1.02,1
612876,"Construction of Permanent Campus for NIT Mizoram at Lengpui, Aizawl (NIT Mizoram) (612876)",Department of Higher Education,Education,Mizoram,6/1/2014,12/1/2029,474.23,167.55,4,35.331,474.23,0,0,0,3/1/2022,-2832,-93.04,0
612877,"Establishment of NIT Puducherry Permanent Campus [Phase-I and Phase-II] (National Institute of Technology, Puducherry) (612877) (-) (5639)",Department of Higher Education,Education,Puducherry,7/1/2013,12/1/2024,618.34,543.74,99,87.9354,544.34,-74,-11.9675,0,5/1/2026,516,16.95,1
612878,Bangalore Metro Rail Project - PHASE-3 (Bengaluru Metro Rail) (612878) (-) (-),Ministry of Housing & Urban Affairs,Urban Public Transport,Karnataka,6/1/2026,5/1/2031,15611,0,0,0,15611,0,0,0,,,,
612883,Establishment of Permanent Campus of NIT SIkkim at Khamdong-Gangtok District (NIT Sikkim) (612883),Department of Higher Education,Education,Sikkim,3/1/2024,2/1/2028,685.76,283.56,36,41.3497,610.76,-75,-10.9368,0,12/1/2026,-427,-14.03,0
612885,"Construction and Developement of National Institute of Technology Meghalaya Permanent Campus at Sohra (National Institute of Technology, Meghalaya) (612885)",Department of Higher Education,Education,Meghalaya,9/1/2014,3/1/2022,494.52,370.98,96,75.0182,429.7,-64.82,-13.1077,0,10/1/2026,1675,55.03,1
612894,"Construction of Permanent Campus of Central University of Himachal Pradesh at Dehra, District - Kangra, [H.P.] on Engineering. Procurement and Construction [EPC Mode 1] Basis. (Central University, Himachal Pradesh) (612894) (N42000011) (5657)",Department of Higher Education,Education,Himachal Pradesh,8/1/2022,11/1/2024,251.98,223.21,85,88.5824,300.45,48.47,19.2357,1,3/1/2026,485,15.93,1
612898,"Construction of Permanent Campus of National Institute of Technology Arunachal Pradesh (National Institute of Technology, Arunachal Pradesh) (612898)",Department of Higher Education,Education,Arunachal Pradesh,3/1/2013,8/1/2026,592.61,551.3,80,93.0291,592.61,0,0,0,8/1/2024,-730,-23.98,0
612916,"Construction of permanent campus of Central University of Gujarat at Village kundhela, Dist. Vadodara, Gujarat. (Central University of Gujarat) (612916) (-) (-)",Department of Higher Education,Education,Gujarat,2/1/2021,3/1/2025,490.63,337.74,85,68.838,490.63,0,0,0,3/1/2026,365,11.99,1
613002,Redevelopment of Chennai Egmore Station (Ministry of Railways) (613002) (-) (5830),Ministry of Railways,Railways,Tamil Nadu,10/1/2022,3/1/2026,842,340,0,40.38,842,0,0,0,,,,
613008,Construction of Permanent Campus of Central Tribal University of Andhra Pradesh Phase-1 (Central Tribal University of Andhra Pradesh) (613008) (-) (-),Department of Higher Education,Education,Andhra Pradesh,12/1/2023,6/1/2027,305,67.73,44.5,22.2066,305,0,0,0,,,,
613013,Establishment of NIT Nagaland (NIT Nagaland) (613013),Department of Higher Education,Education,Nagaland,12/1/2014,12/1/2025,275.63,263.25,98,95.5085,275.63,0,0,0,,,,
613015,Redevelopment of Chhatrapati Shivaji Maharaj Terminus [CSMT] and construction of associated infrastructure (Rail Land Development Authority) (613015) (-) (6128),Ministry of Railways,Railways,Maharashtra,7/1/2023,3/1/2027,1813,850.58,24,46.9156,1813,0,0,0,,,,
613785,Redevelopment of New Delhi Railway Station and construction of associated infrastructure (Rail Land Development Authority) (613785) (-) (6133),Ministry of Railways,Railways,Delhi,6/1/2024,12/1/2028,4744,332.08,5,7,4744,0,0,0,,,,
613786,"Redevelopment of Ahmedabad railway station and associated infrastructure on engineering, procurement and construction mode (Rail Land Development Authority) (613786) (-) (6134)",Ministry of Railways,Railways,Gujarat,11/1/2023,3/1/2028,2379,984.21,32.5,41.3707,2379,0,0,0,,,,
613787,Jamrani Dam Multipurpose Project (Irrigation-UK) (613787) (-) (6135),"Department of Water Resources, River Development & GR",Water Resources,Uttarakhand,11/1/2023,6/1/2029,2584.1,1303.15,25.28,50.4295,2584.1,0,0,0,,,,
613793,SHYAMSUNDARPUR UG INCLUDING SA (Eastern Coal Fields Limited [ECL]) (613793) (N06000191) (-),Ministry of Coal,Coal,West Bengal,4/1/2020,3/1/2026,483.65,78.88,16.79,16.3093,483.65,0,0,0,3/1/2028,731,24.02,1
613794,PARASEA-BELBAID UG PROJECT (Eastern Coal Fields Limited [ECL]) (613794) (N06000277) (-),Ministry of Coal,Coal,West Bengal,1/1/2023,3/1/2028,389.1,132.48,22.18,34.0478,389.1,0,0,0,,,,
613798,AMERA OC RCE [1.0 MTY] (South Eastern Coalfields Limited [SECL]) (613798) (N06000123) (-),Ministry of Coal,Coal,Chhattisgarh,2/1/2015,3/1/2026,335.97,90.88,42.47,27.05,335.97,0,0,0,,,,
613799,AMGAON OC RCE [1.0 MTY] (South Eastern Coalfields Limited [SECL]) (613799) (N06000135) (-),Ministry of Coal,Coal,Chhattisgarh,7/1/2015,3/1/2026,316.11,191.5,78.86,60.5802,316.11,0,0,0,,,,
613800,JAGANNATHPUR OC RCE PROJECT (South Eastern Coalfields Limited [SECL]) (613800) (N06000232) (-),Ministry of Coal,Coal,Chhattisgarh,7/1/2016,3/1/2025,459.49,277.16,96.15,60.319,459.49,0,0,0,3/1/2027,730,23.98,1
613801,MAHAMAYA OCP [1.50 MTY] (South Eastern Coalfields Limited [SECL]) (613801) (N06000164) (-),Ministry of Coal,Coal,Chhattisgarh,5/1/2018,3/1/2026,410.26,188.3,54.6,45.8977,410.26,0,0,0,3/1/2028,731,24.02,1
613802,KANCHAN OC EXP (South Eastern Coalfields Limited [SECL]) (613802) (N06000125) (-),Ministry of Coal,Coal,Madhya Pradesh,12/1/2014,3/1/2026,371.04,149.84,58.2,40.3838,371.04,0,0,0,3/1/2028,731,24.02,1
613803,JHIRIA WEST OCP [1.5 MTY] (South Eastern Coalfields Limited [SECL]) (613803) (N06000166) (-),Ministry of Coal,Coal,Madhya Pradesh,1/1/2024,3/1/2029,366.94,35.82,41.29,9.7618,366.94,0,0,0,,,,
613804,RPR TAWA-III UG 0.84 MTY (Western Coalfields Limited [WCL]) (613804) (N06000250) (-),Ministry of Coal,Coal,Madhya Pradesh,12/1/2021,3/1/2027,314.09,17.89,17.78,5.6958,314.09,0,0,0,,,,
613808,MURAIDIH UG PROJECT (Bharat Coking Coal Limited (BCCL)) (613808) (N06000096) (-),Ministry of Coal,Coal,Jharkhand,2/1/2011,4/1/2014,339.87,191.14,70.47,56.2392,339.87,0,0,0,12/1/2026,4627,152.02,1
615183,KHADIA EXPANSION [10 TO 16 MTP (Northern Coalfields Limited [NCL]) (615183) (N06000208) (7021),Ministry of Coal,Coal,"Multi-States (Madhya Pradesh, Uttar Pradesh)",6/1/2021,3/1/2025,491.67,276.37,57.06,56.2105,491.67,0,0,0,3/1/2027,730,23.98,1
615184,SAONER UG MINE -1 EXPANSION 1. (Western Coalfields Limited [WCL]) (615184) (N06000251) (-),Ministry of Coal,Coal,Maharashtra,1/1/2022,3/1/2028,228.64,150.47,69.33,65.8109,228.64,0,0,0,,,,
615185,AMALGAMATED DHANKASA & JAMUNIA (Western Coalfields Limited [WCL]) (615185) (N06000257) (-),Ministry of Coal,Coal,Madhya Pradesh,9/1/2022,3/1/2027,399.2,100.6,67.13,25.2004,399.2,0,0,0,,,,
615186,SASTI EXPANSION OPENCAST (Western Coalfields Limited [WCL]) (615186) (N06000206) (-),Ministry of Coal,Coal,Maharashtra,8/1/2020,3/1/2026,319.04,111.68,32.21,35.005,319.04,0,0,0,,,,
615187,RPR OF VISHNUPURI UG TO OC (Western Coalfields Limited [WCL]) (615187) (N06000260) (-),Ministry of Coal,Coal,Madhya Pradesh,11/1/2022,3/1/2029,220.62,0,11.2,0,220.62,0,0,0,,,,
615188,NEW MAJRI UG TO OC 3 MTY COST (Western Coalfields Limited [WCL]) (615188) (N06000255) (-),Ministry of Coal,Coal,Maharashtra,9/1/2022,3/1/2027,402.27,67.7,24.17,16.8295,402.27,0,0,0,,,,
615189,MAKARDHOKRA EXPN OC 4.9 MTY (Western Coalfields Limited [WCL]) (615189) (N06000253) (-),Ministry of Coal,Coal,Maharashtra,6/1/2022,3/1/2026,361.87,96.8,12.2,26.7499,361.87,0,0,0,,,,
615190,SINGHORI DEEP OC MIN 2.0 MTY (Western Coalfields Limited [WCL]) (615190) (N06000252) (-),Ministry of Coal,Coal,Maharashtra,5/1/2022,3/1/2029,335.75,50.3,9.57,14.9814,335.75,0,0,0,,,,
615191,KATKONA RO UG MINE (South Eastern Coalfields Limited [SECL]) (615191) (N06000274) (-),Ministry of Coal,Coal,Chhattisgarh,1/1/2023,3/1/2029,329.21,62.03,2.01,18.8421,329.21,0,0,0,,,,
615192,GOKUL EXTENSION OC MINE (Western Coalfields Limited [WCL]) (615192) (N06000264) (-),Ministry of Coal,Coal,Maharashtra,4/1/2021,3/1/2026,309.58,58.08,8.44,18.7609,309.58,0,0,0,,,,
615194,URDHAN EXPANSION OC COST PLUS (Western Coalfields Limited [WCL]) (615194) (N06000265) (-),Ministry of Coal,Coal,Madhya Pradesh,1/1/2023,3/1/2031,206.88,27.32,2.02,13.2057,206.88,0,0,0,,,,
615195,SHARDA UG MINE (Western Coalfields Limited [WCL]) (615195) (N06000266) (-),Ministry of Coal,Coal,Madhya Pradesh,9/1/2023,3/1/2028,166.25,5.23,9.39,3.1459,166.25,0,0,0,,,,
615199,KOLGAON EXPANSION DEEP OC MINE (Western Coalfields Limited [WCL]) (615199) (N06000267) (-),Ministry of Coal,Coal,Maharashtra,9/1/2023,3/1/2027,198.71,23.25,2.82,11.7005,198.71,0,0,0,,,,
615202,Capacity expansion of Deposit-14 and 14 NMZ at Kirandul (National Mineral Development Corporation Limited [NMDC]) (615202) (-) (6244),Ministry of Steel,Metals & Mining,Chhattisgarh,7/1/2022,12/1/2028,1700,263.01,18.3,15.4712,1756.2,56.2,3.3059,1,3/1/2028,-275,-9.03,0
615206,GANDHIGRAM UG MINE (Western Coalfields Limited [WCL]) (615206) (N06000183) (-),Ministry of Coal,Coal,Madhya Pradesh,8/1/2019,3/1/2026,414.15,22.11,56.88,5.3386,414.15,0,0,0,,,,
615330,BALLARPUR NORTH WEST OC MINE (Western Coalfields Limited [WCL]) (615330) (N06000282) (-),Ministry of Coal,Coal,Maharashtra,12/1/2022,3/1/2029,360.81,21.24,5.17,5.8868,360.81,0,0,0,,,,
615331,GADEGAON OC 3 MTY (Western Coalfields Limited [WCL]) (615331) (-) (-),Ministry of Coal,Coal,Maharashtra,10/1/2023,3/1/2030,497.41,44.26,2.19,8.8981,497.41,0,0,0,,,,
615332,Transmission System for Evacuation of Power from Rajasthan REZ Ph-IV [Part-2 5.5 GW][Jaisalmer/Barmer Complex] Part B [SPV Name POWERGRID Sirohi Transmission Limited] (Power Grid Corporation of India Limited [POWERGRID]) (615332) (N18000391) (6251),Ministry of Power,Transmission & Distribution,Rajasthan,8/1/2024,8/1/2026,3279,1541.13,49.73,47,3279,0,0,0,3/1/2027,212,6.97,1
615333,Transmission System for Evacuation of Power from Rajasthan REZ Ph-IV [Part-2 5.5 GW] [Jaisalmer/Barmer Complex] Part D [SPV Name POWERGRID Beawar Mandsaur Transmission Limited] (Power Grid Corporation of India Limited [POWERGRID]) (615333) (N18000393) (6252),Ministry of Power,Transmission & Distribution,"Multi-States (Madhya Pradesh, Rajasthan)",8/1/2024,8/1/2026,2227,979.88,44.74,44,2227,0,0,0,12/1/2026,122,4.01,1
615334,Transmission System for Evacuation of Power from Rajasthan REZ Ph-IV [Part-2 5.5 GW] [Jaisalmer/Barmer Complex] Part E [SPV Name POWERGRID Mewar Transmission Limited] (Power Grid Corporation of India Limited [POWERGRID]) (615334) (N18000394) (6253),Ministry of Power,Transmission & Distribution,"Multi-States (Madhya Pradesh, Rajasthan)",8/1/2024,8/1/2026,3251,1592.99,42.27,49,3251,0,0,0,4/1/2027,243,7.98,1
615335,Transmission System Strengthening for Interconnections of Bhadla-III & Bikaner III Complex [SPV Name POWERGRID BHADLA BIKANER TRANSMISSION LIMITED] (Power Grid Corporation of India Limited [POWERGRID]) (615335) (N18000397) (6254),Ministry of Power,Transmission & Distribution,Rajasthan,8/1/2024,8/1/2026,1382,566.62,44.61,41,1382,0,0,0,3/1/2027,212,6.97,1
615336,Transmission system for evacuation of Power from REZ in Rajasthan [20 GW] under phase-III Part-D Phase-II (Power Grid Corporation of India Limited [POWERGRID]) (615336) (-) (11862),Ministry of Power,Transmission & Distribution,Delhi,10/1/2024,2/1/2026,284,65.32,18.91,23,284,0,0,0,12/1/2026,303,9.95,1
615337,Additional Transmission System for evacuation of Power from Bhadla-III PS as part of Rajasthan REZ Phase III Scheme [20 GW] [SPV Name POWERGRID Bhadla-III Power Transmission Limited] (Power Grid Corporation of India Limited [POWERGRID]) (615337) (N18000396) (-),Ministry of Power,Transmission & Distribution,Rajasthan,8/1/2024,2/1/2026,369,221.4,69.3,60,369,0,0,0,9/1/2026,212,6.97,1
615338,TRANSMISSION SYSTEM FOR EVACUATION OF POWER FROM RAJASTHAN REZ PH -IV [PART-2 5.5 GW] [JAISALMER/BARMER COMPLEX] PART F [SPV Name POWERGRID BARMER I TRANSMISSION LIMITED] (Power Grid Corporation of India Limited [POWERGRID]) (615338) (N18000401) (6256),Ministry of Power,Transmission & Distribution,Rajasthan,11/1/2024,11/1/2026,2735,929.9,37.18,34,2735,0,0,0,6/1/2027,212,6.97,1
615339,Transmission system for evacuation of power from Rajasthan REZ Ph-IV [Part- 3/6GW] [Bikaner complex] Part A [SPV Name POWERGRID Bikaner IV Transmission Limited] (Power Grid Corporation of India Limited [POWERGRID]) (615339) (N18000403) (6257),Ministry of Power,Transmission & Distribution,"Multi-States (Haryana, Punjab, Rajasthan)",11/1/2024,11/1/2026,5969,1432.56,27.92,24,5969,0,0,0,4/1/2027,151,4.96,1
615340,TRANSMISSION SYSTEM FOR EVACUATION OF POWER FROM RAJASTHAN REZ PH-IV [PART-3/ 6 GW] [BIKANER COMPLEX] PART B [SPV Name POWERGRID Siwani Transmission Limited] (Power Grid Corporation of India Limited [POWERGRID]) (615340) (N18000404) (6258),Ministry of Power,Transmission & Distribution,"Multi-States (Haryana, Rajasthan)",11/1/2024,11/1/2026,5357,1446.39,31.42,27,5357,0,0,0,6/1/2027,212,6.97,1
615342,Augmentation of Transformation Capacity at jam Khambhaliya PS [GIS] [SPV Name POWERGRID Jam Khambhaliya Transmission Limited] (Power Grid Corporation of India Limited [POWERGRID]) (615342) (N18000398) (-),Ministry of Power,Transmission & Distribution,Gujarat,10/1/2024,7/1/2026,329,42.77,16.5,13,329,0,0,0,4/1/2027,274,9,1
615343,Provision of Dynamic Reactive Compensation at Khavda pooling Station 1 [KPS1] and Khavda Pooling station 3 [KPS3] (Power Grid Corporation of India Limited [POWERGRID]) (615343) (N18000402) (6259),Ministry of Power,Transmission & Distribution,Gujarat,11/1/2024,11/1/2026,501,25.05,7.33,5,501,0,0,0,,,,
615344,Transmission System for Evacuation of Power from Rajasthan REZ Ph-IV [Part-2 5.5GW] [Jaisalmer/Barmer Complex] Part H1 [POWERGRID KURAWAR TRANSMISSION LIMITED] (Power Grid Corporation of India Limited [POWERGRID]) (615344) (N18000399) (6260),Ministry of Power,Transmission & Distribution,Madhya Pradesh,10/1/2024,10/1/2026,3674,1469.6,43.16,40,3674,0,0,0,6/1/2027,243,7.98,1
615345,Transmission System for Evacuation of Power from Potential Renewable Energy Zone in Khavda area of Gujarat under Phase-IV [7GW] Part B [SPV Name POWERGRID South Olpad Transmission Limited] (Power Grid Corporation of India Limited [POWERGRID]) (615345) (N18000400) (6261),Ministry of Power,Transmission & Distribution,Gujarat,10/1/2024,10/1/2026,4766,1334.48,31.48,28,4766,0,0,0,10/1/2027,365,11.99,1
615346,Transmission System for Evacuation of Power from Rajasthan REZ Ph-IV [Part-2 5.5 GW] [Jaisalmer/Barmer Complex] Part C [SPV Name POWERGRID Mandsaur Transmission Limited] (Power Grid Corporation of India Limited [POWERGRID]) (615346) (N18000392) (6262),Ministry of Power,Transmission & Distribution,Madhya Pradesh,8/1/2024,8/1/2026,2708,1543.56,68.12,57,2708,0,0,0,2/1/2027,184,6.05,1
615347,TRANSMISSION SYSTEM FOR EVACUATION OF POWER FROM POTENTIAL RENEWABLE ENERGY ZONE IN KHAVDA AREA OF GUJARAT UNDER PHASE-V [8 GW] PART A [SPV Name POWERGRID West Central Transmission Limited] (Power Grid Corporation of India Limited [POWERGRID]) (615347) (N18000405) (6263),Ministry of Power,Transmission & Distribution,"Multi-States (Gujarat, Maharashtra)",11/1/2024,5/1/2029,24819,2978.28,16.73,12,24819,0,0,0,,,,
615349,TAPIN SOUTH EXPN (Ministry of Coal) (615349) (N06000241) (-),Ministry of Coal,Coal,Jharkhand,11/1/2020,3/1/2028,230.41,22.02,23.24,9.5569,230.41,0,0,0,,,,
615818,Jawahar Khani Open Cast Mine (Singareni Collieries Company Limited [SCCL]) (615818) (N06000259) (-),Ministry of Coal,Coal,Telangana,12/1/2021,3/1/2025,297.88,48.75,20,16.3657,297.88,0,0,0,3/1/2027,730,23.98,1
615820,TIKAK EXTENSION OCP (MIS MoCoal Integration Logins) (615820),Ministry of Coal,Coal,Assam,7/1/2022,7/1/2031,159.77,112.47,89,70.3949,159.77,0,0,0,,,,
615821,TIRAP OCP (MIS MoCoal Integration Logins) (615821),Ministry of Coal,Coal,Assam,11/1/2022,11/1/2030,289.46,105.65,3.3,36.499,289.46,0,0,0,,,,
615822,SIRKA OC (Ministry of Coal) (615822) (N06000239) (-),Ministry of Coal,Coal,Jharkhand,5/1/2020,3/1/2028,222.82,140.72,56.02,63.1541,222.82,0,0,0,,,,
615843,TETARIAKHAR OC (Ministry of Coal) (615843) (N06000186) (-),Ministry of Coal,Coal,Jharkhand,11/1/2019,3/1/2025,243.52,50.82,29.9,20.8689,243.52,0,0,0,3/1/2027,730,23.98,1
615857,Naini Coal Mine (Singareni Collieries Company Limited [SCCL]) (615857) (N06000203) (-),Ministry of Coal,Coal,Odisha,3/1/2020,3/1/2026,494.3,491.33,80,99.3992,494.3,0,0,0,,,,
615858,Kalyanikhani Opencast Project (Singareni Collieries Company Limited [SCCL]) (615858) (N06000213) (-),Ministry of Coal,Coal,Telangana,5/1/2017,3/1/2026,384.32,295.21,76,76.8136,384.32,0,0,0,,,,
615860,Godavarikhani Coal Mine - 5 (Singareni Collieries Company Limited [SCCL]) (615860) (N06000202) (9915),Ministry of Coal,Coal,Telangana,5/1/2019,3/1/2025,607.04,200.12,71,32.9665,607.04,0,0,0,3/1/2026,365,11.99,1
615861,Indaram Opencast Project (Singareni Collieries Company Limited [SCCL]) (615861) (N06000211) (-),Ministry of Coal,Coal,Telangana,12/1/2022,3/1/2025,424.81,406.82,81,95.7652,424.81,0,0,0,3/1/2026,365,11.99,1
615862,Goleti Opencast Mine (Singareni Collieries Company Limited [SCCL]) (615862) (N06000258) (-),Ministry of Coal,Coal,Telangana,8/1/2021,3/1/2026,345.6,111.94,33,32.39,345.6,0,0,0,,,,
615863,Venkatesh Khani Coal Mine (Singareni Collieries Company Limited [SCCL]) (615863) (N06000204) (-),Ministry of Coal,Coal,Telangana,6/1/2020,3/1/2026,484.5,477.14,97,98.4809,484.5,0,0,0,,,,
615865,Kakatiyakhani OC - 2 Project (Singareni Collieries Company Limited [SCCL]) (615865) (N06000214) (-),Ministry of Coal,Coal,Telangana,9/1/2017,3/1/2025,442.42,253.15,63,57.2194,442.42,0,0,0,3/1/2026,365,11.99,1
615914,GHONSA EXPANSION DEEP OC MINE (Western Coalfields Limited [WCL]) (615914) (N06000205) (-),Ministry of Coal,Coal,Maharashtra,3/1/2021,3/1/2029,184.71,15.72,12.87,8.5106,184.71,0,0,0,,,,
615915,Rourkela-Bondamunda A-Cabin 5th line [9.6 km] (CAO/C/SER) (615915) (-) (-),Ministry of Railways,Railways,Odisha,12/1/2023,3/1/2026,244.99,146.07,45,59.6228,244.99,0,0,0,11/1/2026,245,8.05,1
615916,AMLG GAURI PAUNI EXPANSION OC (Western Coalfields Limited [WCL]) (615916) (N06000271) (7361),Ministry of Coal,Coal,Maharashtra,4/1/2024,3/1/2030,1225.21,88.81,4.21,7.2486,1225.21,0,0,0,,,,
615917,GAURIDEEP/GAURI CENTRAL OCP 7. (Western Coalfields Limited [WCL]) (615917) (N06000278) (7362),Ministry of Coal,Coal,Maharashtra,6/1/2024,3/1/2030,973.07,1.55,2.31,0.1593,973.07,0,0,0,,,,
615918,RPR OF BHANEGAON OC (Western Coalfields Limited [WCL]) (615918) (N06000256) (-),Ministry of Coal,Coal,Maharashtra,9/1/2022,3/1/2028,405.2,36.19,15.97,8.9314,405.2,0,0,0,,,,
615919,N. EXTN. MUNGOLI NIRGUDA D OCP (Western Coalfields Limited [WCL]) (615919) (N06000283) (7363),Ministry of Coal,Coal,Maharashtra,6/1/2024,3/1/2029,1024.91,217.35,27.92,21.2067,1024.91,0,0,0,,,,
615982,NILJAI EXPANSION DEEP OCP (Western Coalfields Limited [WCL]) (615982) (N06000154) (-),Ministry of Coal,Coal,Maharashtra,8/1/2016,3/1/2022,319.75,196.86,79.83,61.5668,319.75,0,0,0,3/1/2026,1461,48,1
616044,UKNI DEEP OC MINE -COST PLUS (Western Coalfields Limited [WCL]) (616044) (N06000179) (764),Ministry of Coal,Coal,Maharashtra,1/1/2019,3/1/2021,237.06,168,93.75,70.8681,237.06,0,0,0,3/1/2026,1826,59.99,1
616050,AMALGAMATED INDER-KAMPTEE DEEP (Western Coalfields Limited [WCL]) (616050) (N06000226) (-),Ministry of Coal,Coal,Maharashtra,9/1/2018,3/1/2024,235.9,127.42,98.97,54.0144,235.9,0,0,0,3/1/2026,730,23.98,1
616221,"Extension of Aqua Line Metro Corridor from Noida Sector-142 station to Botanical Garden, Noida of Noida Metro Rail Corporation (Noida Metro Rail Corporation Ltd. [NMRCL]) (616221) (-) (7510)",Ministry of Housing & Urban Affairs,Urban Public Transport,Uttar Pradesh,3/1/2026,3/1/2030,2254.35,0,0,0,2254.35,0,0,0,,,,
616223,ADASA UG TO OC MINE (Western Coalfields Limited [WCL]) (616223) (N06000219) (-),Ministry of Coal,Coal,Maharashtra,11/1/2018,3/1/2024,316,209.28,86.49,66.2278,316,0,0,0,3/1/2026,730,23.98,1
616225,CHUPERBHITA SIMLONG OCP MDO 6 (Eastern Coal Fields Limited [ECL]) (616225) (N06000280) (6880),Ministry of Coal,Coal,Jharkhand,12/1/2023,3/1/2037,979.08,0,0.05,0,979.08,0,0,0,,,,
616226,INTEGRATED KULDA GARJANBAHAL O (Mahanadi Coalfields Limited [MCL]) (616226) (N06000289) (7097),Ministry of Coal,Coal,Odisha,4/1/2023,3/1/2033,3563.5,681.21,8.39,19.1163,3563.5,0,0,0,,,,
616227,Chandil - Anara - Damodar - 3rd line [121.26 km] (CAO/C/SER) (616227) (-) (7573),Ministry of Railways,Railways,"Multi-States (Jharkhand, West Bengal)",7/1/2025,9/1/2029,1932.01,3.97,0,0.2055,1932.01,0,0,0,,,,
616229,AMAL GONDEGAON GHATROHANA EXPN (Western Coalfields Limited [WCL]) (616229) (N06000284) (7364),Ministry of Coal,Coal,Maharashtra,9/1/2024,3/1/2029,668.54,2.95,2.52,0.4413,668.54,0,0,0,,,,
616230,PARASCOLE JAMBAD OCP (Eastern Coal Fields Limited [ECL]) (616230) (N06000281) (6881),Ministry of Coal,Coal,West Bengal,11/1/2024,3/1/2037,1193.55,11.42,0.23,0.9568,1193.55,0,0,0,,,,
616231,BHUBANESWARI EXPN OCP 50 MTY (MCL - CIL) (616231) (N06000286) (9687),Ministry of Coal,Coal,Odisha,3/1/2024,3/1/2033,5366.27,477.84,33.06,8.9045,5366.27,0,0,0,,,,
616232,HINGULA II OC EXPN PH III 15 M (MCL - CIL) (616232) (N06000285) (7365),Ministry of Coal,Coal,Odisha,11/1/2022,3/1/2029,1561.85,279.32,30.08,17.8839,1561.85,0,0,0,,,,
616233,BALABHADRA OCP (MCL - CIL) (616233) (N06000288) (7366),Ministry of Coal,Coal,Odisha,4/1/2023,3/1/2030,978.44,251.55,16,25.7093,978.44,0,0,0,,,,
616234,PELMA OC MDO (South Eastern Coalfields Limited [SECL]) (616234) (N06000045) (7367),Ministry of Coal,Coal,Chhattisgarh,10/1/2022,3/1/2033,1725.04,16.71,40.34,0.9687,1725.04,0,0,0,,,,
616236,JARANGDIH EXPN. OCP 1.5 MTY (CCL - CIL) (616236) (N06000295) (-),Ministry of Coal,Coal,Jharkhand,2/1/2020,3/1/2029,414.37,85.6,32.62,20.6579,414.37,0,0,0,,,,
616253,BLOCK E OCP (Bharat Coking Coal Limited (BCCL)) (616253) (N06000287) (7368),Ministry of Coal,Coal,Jharkhand,3/1/2024,3/1/2029,5850.83,20.32,4.18,0.3473,5850.83,0,0,0,,,,
616254,Visakh Raipur Pipeline Project (Ministry of Petroleum and Natural Gas) (616254) (N16000539) (-),Ministry of Petroleum & Natural Gas,Oil & Gas,"Multi-States (Andhra Pradesh, Chhattisgarh, Odisha)",9/1/2024,9/1/2027,2212,539.65,35.4,24.3965,2212,0,0,0,9/1/2027,0,0,0
616586,Bangriposi-Gorumahisani new line [ 85.60 km ] (CAO/C/SER) (616586) (-) (7025),Ministry of Railways,Railways,Odisha,9/1/2025,12/1/2029,2269.49,7.14,0,0.3146,2269.49,0,0,0,,,,
616587,Badampahar-Kendujhargarh new line [82.06 km] (CAO/C/SER) (616587) (-) (7026),Ministry of Railways,Railways,Odisha,9/1/2025,12/1/2029,1875.72,2.35,0,0.1253,1875.72,0,0,0,,,,
616588,Buramara-Chakulia new line [59.96 km] (South Eastern Railway [SER] - I) (616588) (-) (7027),Ministry of Railways,Railways,"Multi-States (Jharkhand, Odisha, West Bengal)",12/1/2024,12/1/2029,1459.13,9.16,0,0.6278,1459.13,0,0,0,,,,
616594,Interception & Diversion with Rehabilitation of sewerage scheme at Agra under Hybrid annuity based PPP model-Namami Gange Programme (National Mission for Clean Ganga) (616594) (-) (7013),"Department of Water Resources, River Development & GR",Waste & Water,Uttar Pradesh,4/1/2023,4/1/2025,842.25,208.64,83,24.7717,842.25,0,0,0,12/1/2026,609,20.01,1
616600,Interception and Diversion and STP works in Bhagalpur under Hybrid annuity based PPP mode-Namami Gange Programme (National Mission for Clean Ganga) (616600) (N30000027) (-),"Department of Water Resources, River Development & GR",Waste & Water,Bihar,3/1/2022,2/1/2025,413.29,126.67,97,30.6492,413.29,0,0,0,12/1/2026,668,21.95,1
616604,Pollution Abatement works for River Ganga at Hooghly Chinsurah- Municipal Town Interception & Diversion with STP (National Mission for Clean Ganga) (616604) (N30000042) (-),"Department of Water Resources, River Development & GR",Waste & Water,West Bengal,12/1/2021,3/1/2025,154.73,96.17,93,62.1534,154.73,0,0,0,8/1/2026,518,17.02,1
616605,Pollution Abatement Works for River Kali Meerut under Meerut Municipality Interception & Diversion with STP (National Mission for Clean Ganga) (616605) (-) (7015),"Department of Water Resources, River Development & GR",Waste & Water,Uttar Pradesh,11/1/2024,12/1/2024,690.71,34.79,56,5.0368,690.71,0,0,0,3/1/2027,820,26.94,1
616611,Sewage Treatment Plant 100MLD and Sewerage Network 288 km in Digha-Patna under Hybrid annuity based PPP mode-Namami Gange Programme (National Mission for Clean Ganga) (616611) (N30000051) (3246),"Department of Water Resources, River Development & GR",Waste & Water,Bihar,7/1/2019,12/1/2025,824,396.71,57,48.1444,824,0,0,0,9/1/2026,274,9,1
616612,Sewage Treatment Plant 50MLD and Sewerage Network 150 km in Kankarbagh- Patna under Hybrid annuity based PPP mode-Namami Gange Programme (National Mission for Clean Ganga) (616612) (N30000050) (3245),"Department of Water Resources, River Development & GR",Waste & Water,Bihar,7/1/2019,12/1/2025,578.89,171.79,54,29.6758,578.89,0,0,0,,,,
616615,"Sewer Network, SPS and STP at Begusarai (National Mission for Clean Ganga) (616615) (N30000026) (-)","Department of Water Resources, River Development & GR",Waste & Water,Bihar,3/1/2018,4/1/2025,230.06,261.82,97,113.8051,230.06,0,0,0,12/1/2026,609,20.01,1
616616,"Sewer Networks, SPS and STP at Hajipur (National Mission for Clean Ganga) (616616) (N30000035) (-)","Department of Water Resources, River Development & GR",Waste & Water,Bihar,3/1/2018,6/1/2025,305.19,346.46,95,113.5227,305.19,0,0,0,12/1/2026,548,18,1
616670,Transmission System for evacuation of Power from Rajasthan REZ Ph-IV [Part-4 3.5 GW] Part A [SPV name POWERGRID Ghiror Transmission Limited] (Power Grid Corporation of India Limited [POWERGRID]) (616670) (N18000407) (7052),Ministry of Power,Transmission & Distribution,"Multi-States (Rajasthan, Uttar Pradesh)",12/1/2024,12/1/2026,5846,1753.8,35.09,30,5846,0,0,0,6/1/2027,182,5.98,1
616671,Transmission System under ISTS for evacuation of Power from Kudankulam Unit-3&4 [2x1000 MW] [SPV Name POWERGRID Kudankulam Tarnsmission Limited] (Power Grid Corporation of India Limited [POWERGRID]) (616671) (N18000408) (7053),Ministry of Power,Transmission & Distribution,Tamil Nadu,1/1/2025,12/1/2026,548,120.56,19.79,22,548,0,0,0,3/1/2027,90,2.96,1
616672,System Strengthening at Koppal-II and GadagII for integration of RE generation projects [SPV Name POWERGRID Koppal Gadag Augmentation Transmission Limited] (Power Grid Corporation of India Limited [POWERGRID]) (616672) (N18000409) (7054),Ministry of Power,Transmission & Distribution,Karnataka,1/1/2025,6/1/2027,1354,284.34,27.65,21,1354,0,0,0,,,,
616691,"Upgradation & Extension of ESIC Hospital and Construction of PG Hostel / Staff Housing for ESIC Hospital at Andheri, Mumbai (Employee's State Insurance Company [ESIC]) (616691) (-) (7339)",Ministry of Labour and Employment,Healthcare,Maharashtra,6/1/2009,8/1/2025,260.13,216.46,89,83.2122,260.13,0,0,0,9/1/2026,396,13.01,1
616694,Flyover between Siju and Paradeep coaching Yard to avoid Surface crossing of trains (East Coast Railway [ECoR] - II) (616694) (-) (-),Ministry of Railways,Railways,Odisha,10/1/2025,7/1/2028,200.77,37.26,5.5,18.5585,200.77,0,0,0,,,,
616695,Paradeep - Badabandha 3rd & 4th Line / 18.51kms (East Coast Railway [ECoR] - II) (616695) (-) (-),Ministry of Railways,Railways,Odisha,4/1/2025,11/1/2028,300.15,2.47,10.5,0.8229,300.15,0,0,0,,,,
616697,3rd & 4th line between Vadlapudi -Gate Jn. cabin and Tie line between Gate Junction to Gangavaram port (East Coast Railway [ECoR] - II) (616697) (-) (-),Ministry of Railways,Railways,Andhra Pradesh,3/1/2024,6/1/2026,154.28,69.59,80,45.1063,154.28,0,0,0,,,,
616699,Multi tracking of Son Nagar-Andal 374.53 rkm & 814.38 tkm (East Central Railway [ECR] - I) (616699) (-) (7077),Ministry of Railways,Railways,"Multi-States (Bihar, Jharkhand)",8/1/2023,3/1/2028,12333.57,882.77,18,7.1575,12333.6,0.03,0.0002,1,,,,
616701,Lumding Furkating Doubling Project 140 km (Northeast Frontier Railway [NFR]) (616701),Ministry of Railways,Railways,"Multi-States (Assam, Nagaland)",1/1/2025,2/1/2028,2123.7,141.06,12.5,6.6422,2123.7,0,0,0,,,,
616839,Naupada-Gunupur - New line upto Theruvali [73.62 km] (Indian Railway) (616839) (-) (7082),Ministry of Railways,Railways,Odisha,4/1/2026,12/1/2029,1165.89,0,0,0,1165.89,0,0,0,,,,
616841,PUSHKAR- MERTA CITY NEW LINE (North Western Railway [NWR]) (616841) (-) (7086),Ministry of Railways,Railways,Rajasthan,2/1/2024,12/1/2026,799.64,211.61,8,26.4632,799.64,0,0,0,12/1/2028,731,24.02,1
616842,LUNI- SAMDARI- BHILDI DOUBLING (North Western Railway [NWR]) (616842) (-) (7083),Ministry of Railways,Railways,"Multi-States (Gujarat, Rajasthan)",2/1/2024,7/1/2027,3085.59,835.93,36,27.0914,3085.59,0,0,0,,,,
616843,AJMER- CHANDERIYA DOUBLING (North Western Railway [NWR]) (616843) (-) (7084),Ministry of Railways,Railways,Rajasthan,2/1/2024,6/1/2027,1634.79,447.64,22,27.3821,1634.79,0,0,0,3/1/2028,274,9,1
616856,Doubling between Bhadrachalam Road and Dornakal (South Central Railway [SCR] - II) (616856) (-) (7098),Ministry of Railways,Railways,Telangana,4/1/2025,4/1/2029,770.12,87.94,0.06,11.419,770.12,0,0,0,,,,
616857,Doubling between Motumari Vishnupuram - 88.81 Km and Rail over Rail - RoR at Motumari - 10.877 Km (South Central Railway [SCR] - II) (616857) (-) (7099),Ministry of Railways,Railways,"Multi-States (Andhra Pradesh, Telangana)",3/1/2025,3/1/2029,1595.55,264.89,2.05,16.6018,1595.55,0,0,0,,,,
616858,"Construction of Field Gas Gathering Station at Baghjan area for collection, processing & transportation of natural Gas to be produced from Baghjan Field (Ministry of Petroleum & Natural Gas) (616858)",Ministry of Petroleum & Natural Gas,Oil & Gas,Assam,12/1/2020,3/1/2024,430.76,346.97,93.4,80.5483,430.76,0,0,0,6/1/2026,822,27.01,1
616879,Demo Bio-ATF Project (Ministry of Petroleum & Natural Gas) (616879) (N16000536) (-),Ministry of Petroleum & Natural Gas,Oil & Gas,Karnataka,3/1/2024,1/1/2027,364,78.3,47.9,21.511,364,0,0,0,1/1/2027,0,0,0
616886,Delhi University Eastern Campus at Surajmal Vihar (Delhi University) (616886) (-) (-),Department of Higher Education,Education,Delhi,3/1/2025,10/1/2026,373,30.13,13,8.0777,373,0,0,0,,,,
616933,Lube Modernization & Bottom Upgradation Project at Mumbai Refinery (Ministry of Petroleum and Natural Gas) (616933) (N16000540) (-),Ministry of Petroleum & Natural Gas,Oil & Gas,Maharashtra,12/1/2024,3/1/2028,4679,276.93,11.3,5.9186,4679,0,0,0,3/1/2028,0,0,0
616950,PRP-VIII [Group-A] (Ministry of Petroleum & Natural Gas) (616950) (-) (-),Ministry of Petroleum & Natural Gas,Oil & Gas,Offshore,9/1/2024,2/1/2026,1486.4,581.67,58.8,39.1328,1486.4,0,0,0,12/1/2026,303,9.95,1
616983,Kosamba Umarpada GC PROJECT (Ministry of Railways-) (616983) (-) (-),Ministry of Railways,Railways,Gujarat,7/1/2023,6/1/2027,467.58,70.54,16,15.0862,467.58,0,0,0,,,,
617068,"Augmentation of Transformation Capacity by 3x500 MVA, 400/220 KV ICTS [6th-8th] and 1x1500 MVA, 765/400 KV ICT [4th] at Bidar PS [SPV Name- POWERGRID Bidar Augmentation Transmission Limited] (Power Grid Corporation of India Limited [POWERGRID]) (617068) (N18000410) (-)",Ministry of Power,Transmission & Distribution,Karnataka,2/1/2025,6/1/2027,288,20.16,7.2,7,288,0,0,0,,,,
617069,Augmentation of Transformation Capacity at KPS1 [GIS] and KPS2 [GIS] [Phase-V Part B1 and Part B2 Scheme] [SPV Name- POWERGRID KPS1 and 2 Augmentation Transmission Limited] (Power Grid Corporation of India Limited [POWERGRID]) (617069) (N18000411) (-),Ministry of Power,Transmission & Distribution,Gujarat,2/1/2025,2/1/2027,466,111.84,30,24,466,0,0,0,,,,
617179,Transmission Scheme for evacuation of Power from Ratle HEP [850 MW] & kiru [624 MW] Part B (Power Grid Corporation of India Limited [POWERGRID]) (617179) (N18000417) (-),Ministry of Power,Transmission & Distribution,Jammu and Kashmir,7/1/2024,7/1/2026,218.6,3.72,1.7,1.7017,218.6,0,0,0,6/1/2027,335,11.01,1
617181,"Augmentation at Fatehgarh-II PS, Fatehgarh-IV PS [Section-II] and Barmer-I PS [POWERGRID Fatehgarh Barmer Augmentation Transmission Limited] (Power Grid Corporation of India Limited [POWERGRID]) (617181) (N18000415) (-)",Ministry of Power,Transmission & Distribution,Rajasthan,3/1/2025,12/1/2026,404,28.28,10.8,7,404,0,0,0,6/1/2027,182,5.98,1
617182,Augmentation of Banaskantha [Raghanesda] PS [GIS] [POWERGRID Banaskantha Transco Limited] (Power Grid Corporation of India Limited [POWERGRID]) (617182) (N18000412) (-),Ministry of Power,Transmission & Distribution,Gujarat,3/1/2025,3/1/2027,172,58.48,37.2,34,172,0,0,0,,,,
617183,Transmission system strengthening at Kurnool- III PS for integration of additional RE generation projects [POWERGRID Kurnool III PS RE Transmission Limited] (Power Grid Corporation of India Limited [POWERGRID]) (617183) (N18000416) (7488),Ministry of Power,Transmission & Distribution,Andhra Pradesh,3/1/2025,12/1/2027,2886,721.5,29.34,25,2886,0,0,0,,,,
617184,Transmission Scheme for integration of Davanagere/ Chitradurga and Bellary REZ in Karnataka [POWERGRID Chitradurga Bellary REZ Transmission Limited] (Power Grid Corporation of India Limited [POWERGRID]) (617184) (N18000419) (7489),Ministry of Power,Transmission & Distribution,Karnataka,3/1/2025,9/1/2027,3453,483.42,17.99,14,3453,0,0,0,,,,
617185,Transmission System for Integration of Kurnool-IV REZ Phase-I [for 4.5 GW] [POWERGRID Kurnool-IV Transmission Limited] (Power Grid Corporation of India Limited [POWERGRID]) (617185) (N18000413) (7490),Ministry of Power,Transmission & Distribution,"Multi-States (Andhra Pradesh, Karnataka)",3/1/2025,3/1/2027,5550,943.5,19.92,17,5550,0,0,0,9/1/2027,184,6.05,1
617186,Rajasthan REZ Ph-V [Part-1- 4 GW] [Sirohi/Nagaur] Complex [Rajasthan V Power Transmission Limited] (Power Grid Corporation of India Limited [POWERGRID]) (617186) (N18000414) (7491),Ministry of Power,Transmission & Distribution,"Multi-States (Madhya Pradesh, Rajasthan)",3/1/2025,3/1/2027,5028,1106.16,28.05,22,5028,0,0,0,6/1/2027,92,3.02,1
617188,"Sipat Super Thermal Power Project, Stage-III [1x800 MW] (National Thermal Power Corporation [NTPC]) (617188) (-) (9706)",Ministry of Power,Electricity Generation,Chhattisgarh,9/1/2024,9/1/2029,9791,1686.93,19.86,17.2294,9791,0,0,0,11/1/2029,61,2,1
617200,KHARSIA- NAYA RAIPUR-PARMALKASA 5th and 6th Line [278KM] (CAO/C/SECR) (617200) (-) (7527),Ministry of Railways,Railways,Chhattisgarh,4/1/2025,3/1/2031,7853.84,0.64,0,0.0081,7853.84,0,0,0,,,,
617201,Gondia-Balharshah [Chanda Fort] Doubling [240 Km] (South East Central Railway) (617201) (-) (7529),Ministry of Railways,Railways,Maharashtra,4/1/2025,3/1/2031,4373.04,1.79,2,0.0409,4373.04,0,0,0,,,,
617206,Delhi Metro Rail Phase-IV [Rithala - Kundli Corridor] (Delhi Metro Rail Corporation Limited [DMRC]) (617206) (-) (7530),Ministry of Housing & Urban Affairs,Urban Public Transport,"Multi-States (Delhi, Haryana)",1/1/2025,1/1/2029,6230.99,558.03,0,8.9557,6230.99,0,0,0,,,,
617207,Delhi Metro Rail Phase-IV [2 Corridors] (Delhi Metro Rail Corporation Limited [DMRC]) (617207) (-) (7531),Ministry of Housing & Urban Affairs,Urban Public Transport,Delhi,3/1/2024,3/1/2029,8399.81,120.25,3.8,1.4316,8399.81,0,0,0,,,,
617210,Tiupati Katpadi 104.39 kms (South Central Railway [SCR] - II) (617210) (-) (7532),Ministry of Railways,Railways,Andhra Pradesh,4/1/2025,3/1/2029,1215.56,62.2,0.06,5.117,1215.56,0,0,0,,,,
617211,Doubling of Guntur Bibinagar 239 Km (South Central Railway [SCR] - II) (617211) (-) (7584),Ministry of Railways,Railways,"Multi-States (Andhra Pradesh, Telangana)",8/1/2023,3/1/2029,2853.23,357.74,2.6,12.5381,2853.23,0,0,0,,,,
617212,Doubling between Mudkhed Medchal & Mahbubnagar Dhone section 417.88 Km (South Central Railway [SCR] - II) (617212) (-) (7543),Ministry of Railways,Railways,"Multi-States (Andhra Pradesh, Maharashtra, Telangana)",8/1/2023,3/1/2029,4686.09,640.06,21,13.6587,4686.09,0,0,0,8/1/2029,153,5.03,1
617213,Varanasi-Pt. Deen Dayal Upadhyaya multitracking 15km including construction of new Rail-cum-Road Bridge across Ganga River. (Northern Railways) (617213) (-) (9911),Ministry of Railways,Railways,Uttar Pradesh,10/1/2025,10/1/2029,2464.46,79.84,3.23,3.2397,2464.46,0,0,0,,,,
617214,Rail Connectivity to Errupalem Amravati Namburu 57 Km (South Central Railway [SCR] - II) (617214) (-) (7544),Ministry of Railways,Railways,"Multi-States (Andhra Pradesh, Telangana)",11/1/2024,3/1/2027,2047.4,208.57,0.17,10.1871,2047.4,0,0,0,,,,
617215,Doubling between Parbhani Parli Vaijanath stations 64.71 Km (South Central Railway [SCR] - II) (617215) (-) (7585),Ministry of Railways,Railways,Maharashtra,12/1/2023,3/1/2028,769.93,197.62,0.2,25.6673,769.93,0,0,0,,,,
617216,3rd Line between Gudur Renigunta 83.17 Km (South Central Railway [SCR] - II) (617216) (-) (7545),Ministry of Railways,Railways,Andhra Pradesh,10/1/2024,3/1/2027,877.34,206.02,0.17,23.4823,877.34,0,0,0,,,,
617221,"Construction of Girls Hostel 400 seater, Boys Hostel 600 seater, Academic Block, International Hostel 100 seater, VC Residence and Purchase of Equipment (Central University of Punjab) (617221) (-) (-)",Department of Higher Education,Education,Punjab,4/1/2025,10/1/2027,210.99,87.16,48,41.31,210.99,0,0,0,,,,
617224,Gorakhpur-Valmikinagar Doubling project (NER) (617224) (-) (7567),Ministry of Railways,Railways,"Multi-States (Bihar, Uttar Pradesh)",3/1/2024,12/1/2027,1120,414.21,26.5,36.983,1120,0,0,0,,,,
617225,PCMC To Nigdi- Extension Of North South Corridor Of Phase-1 (Maharashtra Metro Rail Corporation Limited [MMRCL]) (617225) (N28000157) (7570),Ministry of Housing & Urban Affairs,Urban Public Transport,Maharashtra,10/1/2023,1/1/2027,910.18,285.68,44.6,31.3872,960.18,50,5.4934,1,,,,
617226,Pune Metro Phase-1 Extension line towards south from Swargate to Katraj (Maharashtra Metro Rail Corporation Limited [MMRCL]) (617226) (N28000160) (7627),Ministry of Housing & Urban Affairs,Urban Public Transport,Maharashtra,9/1/2024,3/1/2029,2954.53,51.68,5.4,1.7492,2954.53,0,0,0,,,,
617231,Construction of Bulb line at Nabinagar Ankorah of East Central Railway (East Central Railway [ECR] - I) (617231) (-) (9908),Ministry of Railways,Railways,Bihar,6/1/2024,6/1/2028,611.74,0,0,0,611.74,0,0,0,,,,
617233,WAGHODA UG MINE [1.02 MTY] (Western Coalfields Limited [WCL]) (617233) (N06000293) (-),Ministry of Coal,Coal,Maharashtra,1/1/2025,3/1/2030,379.3,0,0.01,0,379.3,0,0,0,,,,
617239,Doubling of Narkatiaganj Raxaul Sitamarhi Darbhanga & Sitamarhi Muzaffarpur 256 KM (East Central Railway [ECR] - I) (617239) (-) (9904),Ministry of Railways,Railways,Bihar,11/1/2025,11/1/2029,4079.95,9.31,0,0.2282,4079.95,0,0,0,,,,
617242,Installation of New Bar Mill at Durgapur Steel Plant (Steel Authority of India Limited [SAIL]) (617242) (N12000138) (9902),Ministry of Steel,Steel,West Bengal,8/1/2024,6/1/2027,2115.44,687.24,60.51,32.4869,2115.44,0,0,0,,,,
617243,Replacement of Hot Leveller No.1 of Plate Mill at Bhilai Steel Plant (Steel Authority of India Limited [SAIL]) (617243) (N12000137) (-),Ministry of Steel,Steel,Chhattisgarh,8/1/2024,7/1/2026,198.62,108.84,80.47,54.7981,198.62,0,0,0,,,,
617245,Katihar Kumedpur & Katihar Mukuria BG Doubling Project (Northeast Frontier Railway [NFR]) (617245) (-) (7607),Ministry of Railways,Railways,"Multi-States (Bihar, West Bengal)",8/1/2022,8/1/2026,942.64,656.16,66,69.6088,942.64,0,0,0,2/1/2027,184,6.05,1
617246,Up-gradation of Blast Furnace No. 3 at Durgapur Steel Plant (Steel Authority of India Limited [SAIL]) (617246) (N12000139) (9900),Ministry of Steel,Steel,West Bengal,10/1/2024,6/1/2026,758.09,265.54,43.36,35.0275,758.09,0,0,0,10/1/2027,487,16,1
617248,Third Ladle Furnace in Secondary Refinery Unit at IISCO Steel Plant (Steel Authority of India Limited [SAIL]) (617248) (N12000141) (-),Ministry of Steel,Steel,West Bengal,12/1/2024,7/1/2026,227.96,85.71,71.18,37.5987,227.96,0,0,0,11/1/2026,123,4.04,1
617249,Replacement of existing Grinders in CRM-I & II at Bokaro Steel Plant (Steel Authority of India Limited [SAIL]) (617249) (N12000142) (-),Ministry of Steel,Steel,Jharkhand,2/1/2025,1/1/2027,211.94,58.8,49.9,27.7437,211.94,0,0,0,,,,
617250,Secondary Emission Control in Converters of SMS-II at Bokaro Steel Plant (Steel Authority of India Limited [SAIL]) (617250) (N12000143) (-),Ministry of Steel,Steel,Jharkhand,2/1/2025,10/1/2026,207.13,70.84,42.79,34.2007,207.13,0,0,0,4/1/2027,182,5.98,1
617251,Revamping of Air Pollution Control Systems of SP-1 at Durgapur Steel Plant (Steel Authority of India Limited [SAIL]) (617251) (N12000140) (-),Ministry of Steel,Steel,West Bengal,12/1/2024,5/1/2026,196.4,59.77,32.48,30.4328,196.4,0,0,0,,,,
617252,Anandnagar - Ghugli via Maharajganj New line 52.7 km (Construction NER) (617252) (-) (7619),Ministry of Railways,Railways,Uttar Pradesh,11/1/2023,3/1/2028,958.27,635.41,23.9,66.308,958.27,0,0,0,,,,
617253,Revamping of old sub-systems of Blast Furnace 3 at Bokaro Steel Plant (Steel Authority of India Limited [SAIL]) (617253) (N12000129) (9899),Ministry of Steel,Steel,Jharkhand,10/1/2023,7/1/2025,513.82,412.95,98.72,80.3686,513.82,0,0,0,5/1/2026,304,9.99,1
617254,Replacement of remaining 04 sets of Battery Cyclones with 04 Nos. of ESPs in Sinter Plant-1 at Bokaro Steel Plant (Steel Authority of India Limited [SAIL]) (617254) (N12000134) (-),Ministry of Steel,Steel,Jharkhand,4/1/2024,6/1/2026,260.37,114.77,45.91,44.0796,260.37,0,0,0,4/1/2027,304,9.99,1
617255,"Replacement of Converter Vessels, Trunnion Rings, Support System & Installation of Secondary Emission at Bhilai Steel Plant (Steel Authority of India Limited [SAIL]) (617255) (N12000131) (-)",Ministry of Steel,Steel,Chhattisgarh,12/1/2023,6/1/2026,471.83,257.18,69.07,54.5069,471.83,0,0,0,9/1/2026,92,3.02,1
617256,Rebuilding of Coke Oven Battery No.7 & 8 at Bhilai Steel Plant (Steel Authority of India Limited [SAIL]) (617256) (N12000133) (-),Ministry of Steel,Steel,Chhattisgarh,1/1/2024,10/1/2025,884.1,607.98,91.18,68.7682,884.1,0,0,0,9/1/2026,335,11.01,1
617257,Rebuilding of Coke Oven Battery No.6 at Bokaro Steel Plant (Steel Authority of India Limited [SAIL]) (617257) (N12000135) (-),Ministry of Steel,Steel,Jharkhand,12/1/2023,11/1/2026,627.31,342.26,64.09,54.5599,627.31,0,0,0,,,,
617269,Transmission System for Strengthening to facilitate evacuation of power from Bhadla/Bikaner Complex (Power Grid Corporation of India Limited [POWERGRID]) (617269) (N18000423) (-),Ministry of Power,Transmission & Distribution,Uttar Pradesh,12/1/2024,6/1/2026,212.81,6.38,3,2.998,212.81,0,0,0,12/1/2026,183,6.01,1
617270,Eastern Region Expansion Scheme-44 [ERES-44] (Power Grid Corporation of India Limited [POWERGRID]) (617270) (N18000422) (-),Ministry of Power,Transmission & Distribution,"Multi-States (Bihar, West Bengal)",11/1/2024,5/1/2026,408.94,6.13,1.5,1.499,408.94,0,0,0,6/1/2027,396,13.01,1
617271,Eastern Region Expansion Scheme-43 [ERES-43] (Power Grid Corporation of India Limited [POWERGRID]) (617271) (N18000421) (-),Ministry of Power,Transmission & Distribution,"Multi-States (Bihar, Odisha, West Bengal)",9/1/2024,3/1/2026,342.69,119.94,29.73,34.9996,342.69,0,0,0,9/1/2026,184,6.05,1
617272,Implementation of LILO of both circuits of 400KV vindhyachal PS-Sasan D/C Line at Hindalco Switchyard (Power Grid Corporation of India Limited [POWERGRID]) (617272) (N18000420) (-),Ministry of Power,Transmission & Distribution,Madhya Pradesh,6/1/2024,12/1/2026,370,114.7,45.55,31,370,0,0,0,,,,
617278,KOLARPIMPRI EXPANSION OC [2.5 (Western Coalfields Limited [WCL]) (617278) (N06000294) (9897),Ministry of Coal,Coal,Maharashtra,2/1/2025,3/1/2030,630.37,0.61,0.38,0.0968,630.37,0,0,0,,,,
617279,Transmission System for evacuation of power from Mahan Energen Limited Generating Station in Madhya Pradesh [SPV Name - POWERGRID MEL Power Transmission Limited] (Power Grid Corporation of India Limited [POWERGRID]) (617279) (-) (7643),Ministry of Power,Transmission & Distribution,Madhya Pradesh,6/1/2025,12/1/2027,558,50.22,13.32,9,558,0,0,0,,,,
617280,"Construction of Basement + Ground Floor+ 10 Storeyed building for State of the Art Director General, GSI Building at plot No.GN-40, Sector-V, Salt Lake, Kolkata (Central Public Works Department [CPWD]) (617280) (N10000015) (-)",Ministry of Mines,Construction,West Bengal,2/1/2020,8/1/2026,255.37,98.92,64,38.736,255.37,0,0,0,,,,
617284,Chunar-Chopan doubling project (North Central Railway) (617284) (-) (7648),Ministry of Railways,Railways,Uttar Pradesh,1/1/2025,3/1/2028,1423.96,151.57,18.5,10.6443,1423.96,0,0,0,,,,
617287,KUSMUNDA OC EXPANSION PROJECT (SECL - CIL) (617287) (-) (9611),Ministry of Coal,Coal,Chhattisgarh,11/1/2024,3/1/2030,4516.88,834.14,23.75,18.4672,4516.88,0,0,0,,,,
617288,MANIKPUR OC EXPANSION PROJECT (South Eastern Coalfields Limited [SECL]) (617288) (-) (-),Ministry of Coal,Coal,Chhattisgarh,1/1/2025,3/1/2029,382.61,135.58,21.29,35.4356,382.61,0,0,0,,,,
617299,50 MW Wind Power Project (NLC India Limited [NLCIL]) (617299) (N06000292) (-),Ministry of Coal,Electricity Generation,Gujarat,1/1/2024,6/1/2025,383.84,329.59,52,85.8665,383.84,0,0,0,1/1/2026,214,7.03,1
617302,Durgapur - Haldia Pipeline [Section-3B of JHBDPL Project] (Ministry of Petroleum & Natural Gas) (617302) (N16000275) (-),Ministry of Petroleum & Natural Gas,Oil & Gas,West Bengal,3/1/2017,12/1/2020,1740,2370.4,95,136.2299,2493.15,753.15,43.2845,1,9/1/2026,2100,68.99,1
617304,"Setting up of LPG Plant with Rail Unloading Facility at Hathua, Dist. Gopalganj, Bihar (MinistryofPetroleumNaturalGas) (617304) (-) (-)",Ministry of Petroleum & Natural Gas,Oil & Gas,Bihar,10/1/2023,3/1/2027,340.15,172.18,53,50.6188,340.15,0,0,0,3/1/2027,0,0,0
617326,Implementation of Transmission Systems in the State of Jharkhand consisting of 400/220/132/33 kV transmission lines and substations under Jharkhand Consultancy Project (Power Grid Corporation of India Limited [POWERGRID]) (617326) (-) (9893),Ministry of Power,Transmission & Distribution,Jharkhand,2/1/2012,3/1/2026,1842.25,1648.05,96.2,89.4585,1842.25,0,0,0,8/1/2026,153,5.03,1
617327,Thane Integral Ring Metro Rail Project (Maharashtra Metro Rail Corporation Limited [MMRCL]) (617327) (-) (7735),Ministry of Housing & Urban Affairs,Urban Public Transport,Maharashtra,9/1/2024,9/1/2029,12200.1,83.69,8.74,0.686,12200.1,0,0,0,,,,
617333,Surface triangle line bet. Bhadura stn and new crossing stn Karma (East Central Railway [ECR] - I) (617333) (-) (-),Ministry of Railways,Railways,Uttar Pradesh,5/1/2024,2/1/2027,199.96,7.67,0.6,3.8358,199.96,0,0,0,,,,
617338,Stamp Charge Battery No.12 Battery Proper at IISCO Steel Plant (Steel Authority of India Limited [SAIL]) (617338) (-) (9892),Ministry of Steel,Steel,West Bengal,2/1/2025,7/1/2028,2518.39,389.09,23.6,15.45,2518.39,0,0,0,,,,
617345,SER Upgradation of maintenance infrastructure at Shalimar into Vande Bharat Chair Car maintenance cum workshop depot. (South Eastern Railway - JH) (617345) (-) (-),Ministry of Railways,Railways,West Bengal,12/1/2024,10/1/2026,226.87,86.69,50,38.2113,226.87,0,0,0,,,,
617361,Babupeth - Sasti New Rail Line [13.114 KMs] (CentralRailway) (617361) (-) (-),Ministry of Railways,Railways,Maharashtra,10/1/2024,3/1/2028,362.81,0.48,0,0.1323,362.81,0,0,0,,,,
617364,Double Chord line Between Nilaje-Kopar (CentralRailway) (617364) (-) (-),Ministry of Railways,Railways,Maharashtra,1/1/2025,7/1/2028,338.33,29.33,24,8.6691,205,-133.33,-39.4083,0,,,,
617370,Doubling between Jaunpur Jn - Zaffarabad 6.28 km (M/S SRC company Infra Private Limited) (617370) (-) (-),Ministry of Railways,Railways,Uttar Pradesh,2/1/2025,1/1/2027,180.66,65.5,27.54,36.256,180.66,0,0,0,,,,
617372,Doubling between Pradhankunta-Patherih-Bhojudih of East Central Railway (East Central Railway [ECR] - I) (617372) (-) (-),Ministry of Railways,Railways,Jharkhand,11/1/2022,12/1/2025,349.22,145.57,72,41.6843,349.22,0,0,0,3/1/2026,90,2.96,1
617374,"Dallirajhara - Rowghat New Rail Line Project, Phase-I (Rail Vikas Nigam Limited) (617374) (N22000602) (-)",Ministry of Railways,Railways,Chhattisgarh,11/1/2009,3/1/2025,1516.45,2143.72,98,141.3644,1881.26,364.81,24.0568,1,2/1/2026,337,11.07,1
617375,North Eastern Region Expansion Scheme-XXIII [NERES-XXIII] (Power Grid Corporation of India Limited [POWERGRID]) (617375),Ministry of Power,Transmission & Distribution,Arunachal Pradesh,8/1/2025,2/1/2028,209.38,3.14,1.5,1.4997,209.38,0,0,0,,,,
617379,Development of New Bijwasan Railway Terminal (Northern Railways) (617379) (-) (-),Ministry of Railways,Railways,Delhi,3/1/2013,3/1/2020,446.21,556.36,80,124.6857,446.21,0,0,0,12/1/2026,2466,81.02,1
617390,Sardega -Bhalumuda New Double line [37.24 Km] (SECR) (617390) (-) (9702),Ministry of Railways,Railways,"Multi-States (Chhattisgarh, Odisha)",9/1/2024,3/1/2028,1281.81,128.07,4,9.9913,1281.81,0,0,0,,,,
617391,Augmentation of Transformation Capacity at Bhuj-II PS [GIS] (Power Grid Corporation of India Limited [POWERGRID]) (617391) (-) (-),Ministry of Power,Transmission & Distribution,Gujarat,2/1/2025,11/1/2026,488.29,5.86,2.7,1.2001,488.29,0,0,0,6/1/2027,212,6.97,1
617403,SADULPUR - CHURU DOUBLING PROJECT (North Western Railway [NWR]) (617403) (-) (-),Ministry of Railways,Railways,Rajasthan,1/1/2024,6/1/2026,468.64,195.42,94,41.6994,468.64,0,0,0,,,,
617404,POKHRAN - RAMDEVRA New Line (North Western Railway [NWR]) (617404) (-) (-),Ministry of Railways,Railways,Rajasthan,4/1/2025,3/1/2028,189.21,55.58,1,29.3748,189.21,0,0,0,,,,
617405,Jamnagar Transmission Limited (Adani Transmission Limited) (617405) (-) (9765),Ministry of Power,Transmission & Distribution,Gujarat,10/1/2024,10/1/2026,4000,553,19,13.825,4000,0,0,0,,,,
617406,RATLAM- DUNGARPUR VIA BANSWARA NEW LINE PROJECT (North Western Railway [NWR]) (617406) (-) (9722),Ministry of Railways,Railways,"Multi-States (Madhya Pradesh, Rajasthan)",5/1/2023,3/1/2028,2417.24,7.35,8,0.3041,2417.24,0,0,0,,,,
617408,NATHDWARA- NATHDWARA TOWN NL (North Western Railway [NWR]) (617408) (-) (-),Ministry of Railways,Railways,Rajasthan,4/1/2024,3/1/2027,166.33,112.55,15,67.6667,166.33,0,0,0,,,,
617409,Railway Manufacturing Unit (RVNL - II) (617409) (-) (9725),Ministry of Railways,Railways,Telangana,2/1/2023,12/1/2026,521.36,492.08,90,94.3839,521.36,0,0,0,3/1/2026,-275,-9.03,0
617412,"Construction of One Tower of Office Complex and another Tower of Residential quarters consisting of 10Nos. Type-V, 10Nos. Type-VI & 1No.Type-VII Quarters i/c internal water supply, sanitary installation and all development and bulk services, Horticulture works on EPC Mode-I basis i/c comprehensive operation and maintenance of Civil, E&M services for 7 years after completion of original construction work for Ranga Reddy, Secunderabad, Medchal, AuditI, Audit-II Commissionerates of Central Tax at Khajaguda, Serilingampally, Hyderabad. (Central Public Works Department - CPWD) (617412) (-) (9743)",Ministry of Housing & Urban Affairs,Construction,Telangana,11/1/2024,9/1/2027,644,161.57,22,25.0885,644,0,0,0,,,,
617413,Mobile connectivity in Left Wing Extremism [LWE] affected areas-Phase 1 Upgradation (Department of Telecommunications [DoT]) (617413) (-) (9761),Department of Telecommunications,Telecommunication,"Multi-States (Andhra Pradesh, Bihar, Chhattisgarh, Jharkhand, Madhya Pradesh, Maharashtra, Odisha, Telangana, Uttar Pradesh, West Bengal)",5/1/2024,5/1/2025,1884.6,376.8,98.28,19.9936,1884.6,0,0,0,3/1/2026,304,9.99,1
617416,"Revised Jharia Master Plan for Dealing with Fire, Subsidence & Rehabilitation of affected families in Jharia Coalfield- Reg. (Bharat Coking Coal Limited [BCCL]) (617416) (-) (9943)",Ministry of Coal,Coal,Jharkhand,7/1/2025,12/1/2028,5940.47,274.27,28,4.617,5940.47,0,0,0,,,,
617422,Bodwad Parisar Sinchan Yojna (Department of Water Resources-MH) (617422) (-) (9764),"Department of Water Resources, River Development & GR",Water Resources,Maharashtra,1/1/2017,7/1/2027,1923.81,1949.56,49.5,101.3385,1923.81,0,0,0,,,,
617727,Orvakal Industrial Area (NICDC) (617727) (-) (9936),Department for Promotion of Industry & Internal Trade,Real Estate,Andhra Pradesh,10/1/2025,10/1/2028,2786,260.49,10.27,9.35,2786,0,0,0,,,,
617729,Kopparthy Industrial Area (NICDC) (617729) (-) (9937),Department for Promotion of Industry & Internal Trade,Real Estate,Andhra Pradesh,10/1/2025,10/1/2028,2136,39.75,5.07,1.861,2136,0,0,0,,,,
617730,600 MW Khavda Solar Power Project (NLC India Limited [NLCIL]) (617730) (-) (10775),Ministry of Coal,Electricity Generation,Gujarat,6/1/2024,6/1/2026,3335.85,2254.57,60,67.5861,3335.85,0,0,0,,,,
617764,North Dhadu Western Part OCP (NLC India Limited [NLCIL]) (617764) (-) (9968),Ministry of Coal,Coal,Jharkhand,12/1/2023,3/1/2029,1354.2,227.34,40,16.7878,1354.2,0,0,0,,,,
617801,Provision of ICT Augmentation & Bus Reactor at Bhuj-II PS (Power Grid Corporation of India Limited [POWERGRID]) (617801) (-) (9955),Ministry of Power,Transmission & Distribution,Gujarat,3/1/2025,12/1/2026,581.74,11.63,2,1.9992,581.74,0,0,0,6/1/2027,182,5.98,1
617802,Augmentation of Transformation Capacity and Implementation of Line Bays at Mandsaur S/S for RE Interconnection [SPV Name- POWERGRID Mandsaur I RE Transmission Limited] (Power Grid Corporation of India Limited [POWERGRID]) (617802) (-) (-),Ministry of Power,Transmission & Distribution,Madhya Pradesh,10/1/2025,3/1/2028,319,12.76,2.5,4,319,0,0,0,,,,
617803,Transmission System Strengthening at Davanagere for Integration of RE Generation [SPV Name - POWERGRID Davanagere Power Transmission Limited] (Power Grid Corporation of India Limited [POWERGRID]) (617803) (-) (-),Ministry of Power,Transmission & Distribution,Karnataka,9/1/2025,9/1/2027,379,17.06,2.5,4.5013,379,0,0,0,,,,
617804,Mechanization of Berth No.14 for handling Containers and other cargo on DBFOT basis - Phase II (New Mangalore Port Authority) (617804) (-) (-),"Ministry of Ports, Shipping and Waterways",Shipping,Karnataka,6/1/2024,3/1/2027,153.23,65.47,60,42.7266,153.23,0,0,0,,,,
617806,Transmission System for Integration of Ananthapur 2 REZ Phase 1 for 4.5 GW. SPV Name Anantapuram 2 REZ Transmission Ltd (Sterlite Power) (617806) (-) (9970),Ministry of Power,Transmission & Distribution,"Multi-States (Andhra Pradesh, Karnataka)",3/1/2025,3/1/2027,4535.99,1057.57,50,23.3151,4535.99,0,0,0,,,,
617807,Inter-regional [NR-WR] Transmission System strengthening to relieve the loading of 765 kV Vindhyachal-Varanasi D/c line (Power Grid Corporation of India Limited [POWERGRID]) (617807) (-) (10787),Ministry of Power,Transmission & Distribution,"Multi-States (Bihar, Uttar Pradesh)",10/1/2025,10/1/2027,2368,35.52,2.03,1.5,2368,0,0,0,,,,
617808,Inter-Regional Strengthening between SR Grid and WR Grid (Power Grid Corporation of India Limited [POWERGRID]) (617808) (-) (10788),Ministry of Power,Transmission & Distribution,"Multi-States (Karnataka, Maharashtra)",10/1/2025,10/1/2027,1007,20.14,2.5,2,1007,0,0,0,,,,
617818,"City Gas Distribution [CGD] Project in Gajapati, Kandhamal, Boudh, & Sonepur GA (Ministry of Petroleum & Natural Gas) (617818) (-) (9999)",Ministry of Petroleum & Natural Gas,Oil & Gas,Odisha,2/1/2022,12/1/2031,514.91,21.98,5.9,4.2687,514.91,0,0,0,12/1/2031,0,0,0
617819,"City Gas Distribution [CGD] Project in Kondagaon, Bastar, Sukma, Narayanpur, Bijapur & Dantewada GA (Ministry of Petroleum & Natural Gas) (617819) (-) (9998)",Ministry of Petroleum & Natural Gas,Oil & Gas,Chhattisgarh,6/1/2022,6/1/2030,557.04,8.76,2.2,1.5726,557.04,0,0,0,6/1/2030,0,0,0
617822,ATF Pipeline from BPCLs Malkapur POL Installation to Hyderabad International airport (MinistryofPetroleumNaturalGas) (617822) (-) (-),Ministry of Petroleum & Natural Gas,Oil & Gas,Telangana,3/1/2025,9/1/2027,215,45.93,25.3,21.3628,215,0,0,0,9/1/2027,0,0,0
617827,"Pipeline Rehabilitation Project, Phase-II (Ministry of Petroleum & Natural Gas) (617827)",Ministry of Petroleum & Natural Gas,Oil & Gas,Assam,12/1/2024,12/1/2029,680,8.55,26,1.2574,680,0,0,0,12/1/2029,0,0,0
617828,Siliguri-Jhapa Pipeline Project (Indian Oil Corporation Limited [IOCL]) (617828) (-) (-),Ministry of Petroleum & Natural Gas,Oil & Gas,West Bengal,9/1/2024,3/1/2029,267,2.29,12.7,0.8577,267,0,0,0,3/1/2029,0,0,0
617829,LPG Bottling Plant at Mualkhang (Ministry of Petroleum & Natural Gas) (617829),Ministry of Petroleum & Natural Gas,Energy Storage,Mizoram,7/1/2024,10/1/2028,225.71,30.4,32.5,13.4686,225.71,0,0,0,3/1/2028,-214,-7.03,0
617830,C2/C3 Vijaipur Pata Pipeline (Ministry of Petroleum & Natural Gas) (617830) (-) (10000),Ministry of Petroleum & Natural Gas,Oil & Gas,Madhya Pradesh,5/1/2024,1/1/2027,1792,488,68.2,27.2321,1792,0,0,0,1/1/2027,0,0,0
617832,Koderma-Arigada Doubling 133.38 Km of East Central Railway (East Central Railway [ECR] - I) (617832) (-) (10780),Ministry of Railways,Railways,Jharkhand,6/1/2025,12/1/2029,2887.11,0.1,0,0.0035,2887.11,0,0,0,,,,
617836,Coke Drum Structure Package (Ministry of Petroleum & Natural Gas) (617836),Ministry of Petroleum & Natural Gas,Oil & Gas,Assam,12/1/2022,12/1/2025,635.28,543,69,85.4741,635.28,0,0,0,9/1/2026,274,9,1
617837,Siliguri Marketing Terminal [SMT] Capacity Augmentation Project (Ministry of Petroleum & Natural Gas) (617837) (-) (-),Ministry of Petroleum & Natural Gas,Oil & Gas,West Bengal,11/1/2021,12/1/2025,484,311.17,88,64.2913,484,0,0,0,10/1/2026,304,9.99,1
617838,Augmentation of CCKPL and IDPL Pipelines capacity along with setting up of Palakkad TOP (Ministry of Petroleum & Natural Gas) (617838) (-) (10010),Ministry of Petroleum & Natural Gas,Oil & Gas,Kerala,9/1/2024,8/1/2028,1130,284.58,41,25.1841,1130,0,0,0,8/1/2028,0,0,0
617839,Capacity Augmentation of Kandla LPG Import Terminal [KLIT] from 0.6 MMTPA to 2.5 MMTPA (Ministry of Petroleum & Natural Gas) (617839) (-) (-),Ministry of Petroleum & Natural Gas,Energy Storage,Gujarat,5/1/2023,7/1/2026,356.86,161.02,67,45.1213,304.4,-52.46,-14.7004,0,7/1/2026,0,0,0
617877,"Phase B Construction of Permanent Campus of IIT Bhilai (Indian Institute of Technology, Bhilai) (617877) (-) (10102)",Department of Higher Education,Education,Chhattisgarh,1/1/2026,10/1/2028,1188.97,0,0,0,1188.97,0,0,0,,,,
617878,Phase B of Construction of Permanent Campus of IIT Palakkad (INDIAN INSTITUTE OF TECHNOLOGY PALAKKAD) (617878) (-) (10104),Department of Higher Education,Education,Kerala,1/1/2026,10/1/2028,1527,9.8,0,0.6418,1527,0,0,0,,,,
617880,Desalpar-Hajipir-Luna and Vayor-Lakhpat New Line (Western Railway [WR] - II) (617880) (-) (10790),Ministry of Railways,Railways,Gujarat,9/1/2025,9/1/2028,2526.47,0,0,0,2526.47,0,0,0,,,,
617882,"Setting up IT Infrastructure including Network Security and Hosting at AIIMS, New Delhi (PMSSY AND Institute of NATIONAL Importance) (617882) (-) (-)",Ministry of Health & Family Welfare,Healthcare,Delhi,9/1/2025,9/1/2026,358.19,53.73,20,15.0004,358.19,0,0,0,,,,
617883,"Redevelopment of Residential colonies at Ayur Vigyan Nagar and West Ansari Nagar campuses of AIIMS, New Delhi (PMSSY AND Institute of NATIONAL Importance) (617883) (-) (10791)",Ministry of Health & Family Welfare,Healthcare,Delhi,6/1/2022,6/1/2027,4441,44.44,57,1.0007,4441,0,0,0,,,,
617885,Rehabilitation and Up-gradation of Nongstoin Wahkaji section of Project Road Km 0000 to Km 43060 to Intermediate Lane with earthern shoulder under SARDP-NE Phase-A in the State of Meghalaya on EPC mode. Job No- SARDP- NE ong-Don-Maw/MG/2020-21/294 (MoRTH) (617885),Ministry of Road Transport & Highways,Roads & Highways,Meghalaya,2/1/2022,8/1/2023,302.88,182.58,99.1,60.2813,302.88,0,0,0,6/1/2026,1035,34,1
617886,Widening of existing Single lane / Intermediate lane road to 2 lane from Km 101 to Km 125 of NH 61 (MoRTH) (617886),Ministry of Road Transport & Highways,Roads & Highways,Nagaland,6/1/2024,6/1/2026,252.2,0,44.46,0,252.2,0,0,0,12/1/2026,183,6.01,1
617887,Beawer Gomti 4LPS from km 58.245 to km 108.600 Pkg-I (MoRTH) (617887) (N24001411) (-),Ministry of Road Transport & Highways,Roads & Highways,Rajasthan,10/1/2021,10/1/2023,379.23,179.11,99,47.2299,379.23,0,0,0,12/1/2025,792,26.02,1
617888,Landslide treatment work on NH 58 from Kodiyala Km. 266.130 to Devprayag Km. 296.925 10 location under EPC mode in the State of Uttarakhand on EPC Mode (MoRTH) (617888) (-) (-),Ministry of Road Transport & Highways,Roads & Highways,Uttarakhand,2/1/2024,2/1/2025,192.54,0,99,0,192.54,0,0,0,6/1/2026,485,15.93,1
617889,Treatment of landslide zone from location no. 01 to 28 km 62.860 to 152.750 on NH- 12509 in the State of Uttarakhand under EPC mode in NHO Annual Plan 2022-23 (MoRTH) (617889) (-) (-),Ministry of Road Transport & Highways,Roads & Highways,Uttarakhand,6/1/2023,6/1/2024,192.22,0,98.5,0,192.22,0,0,0,6/1/2026,730,23.98,1
617890,Construction of Champawat Bypass with two lane with paved shoulder configuration starting from existing chainage 121.700 to existing chainage 129.450 Design Length 9.847 of NH-125 in District-Champawat in the state of Uttrakhand on EPC mode. (MoRTH) (617890) (-) (-),Ministry of Road Transport & Highways,Roads & Highways,Uttarakhand,1/1/2026,12/1/2027,220.89,0,8,0,220.89,0,0,0,,,,
617891,"Construction of Two lane with Paved Shoulder for Fatehpur Bypass Design Km 0.000 to Km 7.400 , Mandawa Bypass Design Km 20.925 to Km 27.300 & Jhunjhunu Bypass Design Km 41.625 to Km 54.689 of NH-11 on EPC Mode in the state of Rajasthan . (MoRTH) (617891) (N24001866) (-)",Ministry of Road Transport & Highways,Roads & Highways,Rajasthan,2/1/2023,8/1/2024,186.29,66.7,100,35.8044,186.29,0,0,0,8/1/2025,365,11.99,1
617892,Construction of 2-lane road of Potin to Pangin section of NH-13 from Km 163.59 to Km 206.66 Package-5 on EPC Mode in the State of Arunachal Pradesh under Arunachal Pradesh Package of Roads and Highways of SARDP-NE [Job No SARDP-NE/P-P/Pkg-A/NH-13/Ar.Pr./PWD/2018-19/116] (MoRTH) (617892),Ministry of Road Transport & Highways,Roads & Highways,Arunachal Pradesh,11/1/2020,11/1/2023,450.65,308.61,96.61,68.4811,450.65,0,0,0,7/1/2026,973,31.97,1
617893,Construction of additional major Bridge with 4- lane configuration of length 1.48 km on NH-60 NH-14 over River Kangshabati from Km. 117.770 to Km 119.250 and additional major Bridge with 4- lane configuration of length 0.900 km on NH-60 NH- 14 over River Shilabati from Km. 173.220 to Km 174.120 in the district of Paschim Medinipur of West Bengal under Annual Plan for FY 2023-24 on EPC mode. Job No 014-W8-2023-24/527 . (MoRTH) (617893) (-) (-),Ministry of Road Transport & Highways,Roads & Highways,West Bengal,11/1/2025,5/1/2028,304.83,0,0,0,304.83,0,0,0,5/1/2028,0,0,0
617894,"Construction or 4 lane Raniganj Bypass of length 5.261 km on NH-60 new NH-14 from km 273.00 of NH to km 478.18 of NH-2 New NH 16 in paschim Bardhaman, West Bengal in EPC Mode- reg. Job No. 014-WB-2022-23/514 (MoRTH) (617894) (-) (-)",Ministry of Road Transport & Highways,Roads & Highways,West Bengal,3/1/2024,3/1/2026,410.83,169.08,66.82,41.1557,410.83,0,0,0,3/1/2027,365,11.99,1
617895,Construction of Mangaldoi Bypass NH-15 starting at Ch 26400 and terminating at Ch 41505 under Rangia NH Division L 15.105 Km in the State of Assam. Job No. 15/AS/2021-22/234 (MoRTH) (617895),Ministry of Road Transport & Highways,Roads & Highways,Assam,4/1/2023,4/1/2025,535.03,181.49,75.65,33.9215,535.03,0,0,0,12/1/2026,609,20.01,1
617896,"Construction of 4 lane Gauripur Bypass Starting bfrom Km 852.56 of NH- 31Dumardoha Pt-II and Terminating at Km 862.17 Baladmara via. Khudimari Pt.- II, Fulkumari, Charaldanga, Sajuakuti,Geramari Pt.-III and finally meeting at km 862.17 of NH-17New/ NH-31Old in the State of Assam under EPC Mode Job no. 31/AS/ 2023-24/265 (MoRTH) (617896)",Ministry of Road Transport & Highways,Roads & Highways,Assam,4/1/2025,10/1/2026,421.15,0,18.3,0,421.15,0,0,0,10/1/2026,0,0,0
617897,Construction of proposed 4Lane Revelgunj bypass NH-19 in the State of Bihar on EPC mode connecting NH 19 to 85 origin (MoRTH) (617897) (N24001879) (-),Ministry of Road Transport & Highways,Roads & Highways,Bihar,7/1/2023,7/1/2025,295.24,33.07,83.48,11.2011,295.24,0,0,0,10/1/2026,457,15.01,1
617898,New construction of Major Bridge with Approaches from Km 0.000 to 1.200 Madhopur -Badabanta section of NH-20 under NHO in Annual Plan 2022-23 in the State of Odisha (MoRTH) (617898) (-) (-),Ministry of Road Transport & Highways,Roads & Highways,Odisha,4/1/2025,10/1/2027,199.5,0.1,0,0.0501,199.5,0,0,0,10/1/2027,0,0,0
617899,Widening and Strengthening to 4LPS/2LPS from km 0.000 to 35.800 Kuakhia - Mangalpur section of NH 20 in the state of Odisha on Annual Plan 2021-22 (MoRTH) (617899) (N24002136) (10133),Ministry of Road Transport & Highways,Roads & Highways,Odisha,2/1/2024,2/1/2026,636.1,292.86,56.11,46.0399,636.1,0,0,0,11/1/2026,273,8.97,1
617900,Upgradation to Two Lane Paved Shoulder in km 33/0 to 126/520 of NH-23 Old NH- 11B Kothun-Lalsot-Karoli-Dholpur road in the state of Rajasthan under EPC mode Length-93.52 Km. (MoRTH) (617900) (N24001530) (-),Ministry of Road Transport & Highways,Roads & Highways,Rajasthan,9/1/2022,9/1/2024,150.11,12.2,99,8.1274,150.11,0,0,0,9/1/2025,365,11.99,1
617901,Widening of Pachpadra-Bagundi Section to 4 Lane from Km 73/60 to 95/70 of NH-25 on EPC mode in the state of Rajasthan. (MoRTH) (617901) (N24001528) (-),Ministry of Road Transport & Highways,Roads & Highways,Rajasthan,12/1/2022,12/1/2024,194.88,48.47,98.58,24.8717,194.88,0,0,0,3/1/2026,455,14.95,1
617902,construction or By-pass road on NH-26 for Nabrangpur Town (MoRTH) (617902) (-) (-),Ministry of Road Transport & Highways,Roads & Highways,Odisha,12/1/2024,12/1/2026,168.95,7.96,35,4.7115,168.95,0,0,0,12/1/2026,0,0,0
617904,Construction of Bypass road to Balangir town from km 72/400 Desing km 0/0 to km 79/800 Design km 11/670 of NH-26 in the State of Odisha. (MoRTH) (617904) (N24001862) (-),Ministry of Road Transport & Highways,Roads & Highways,Odisha,4/1/2023,10/1/2025,238.78,6.09,55,2.5505,238.78,0,0,0,7/1/2026,273,8.97,1
617905,Construction of 4 lane ROB with approaches in lieu of LC No. RV-172 at km 176.00 of NH-201 present NH-26 at Kesinga including land acquisition in the state of Odisha on EPC mode under Annual Plan 2021-22 (MoRTH) (617905) (N24001865) (-),Ministry of Road Transport & Highways,Roads & Highways,Odisha,5/1/2023,5/1/2025,324.09,84.57,70.09,26.0946,324.09,0,0,0,10/1/2026,518,17.02,1
617906,Up-gradation of Dhoraji-Jamkandorna-Kalavad Section of NH-927D from Design Chainage km 0/00 to km 58/115 to Two lane with PS configuration in the State of Gujarat on EPC (MoRTH) (617906) (N24002118) (-),Ministry of Road Transport & Highways,Roads & Highways,Gujarat,1/1/2025,1/1/2027,246.6,0,35,0,291.19,44.59,18.0819,1,1/1/2027,0,0,0
617907,Rehabilitation and Up-gradation from Km 170700 Bhadrachalam to Km 234567 Konta on NH-30 to Two lane with Paved Shoulder in the State of Andra Pradesh on EPC mode. (MoRTH) (617907) (N24001953) (-),Ministry of Road Transport & Highways,Roads & Highways,Andhra Pradesh,9/1/2022,9/1/2024,436.09,221.22,100,50.7281,436.09,0,0,0,4/1/2026,577,18.96,1
617908,Bemetara Bypass NH 30 (MoRTH) (617908) (-) (-),Ministry of Road Transport & Highways,Roads & Highways,Chhattisgarh,4/1/2025,4/1/2027,161.96,0,37,0,161.96,0,0,0,4/1/2027,0,0,0
617909,Construction of Rewa Bypass to 4-lane with paved shoulder along with service road from Ratahara Chowk to Chorhata Chowk Road section of NH-30 from km 00.000 to 19.200 in the State of Madhya Pradesh on Hybrid Annuity Mode HAM. (MoRTH) (617909) (-) (10134),Ministry of Road Transport & Highways,Roads & Highways,Madhya Pradesh,2/1/2025,2/1/2027,648.05,0,50,0,648.05,0,0,0,2/1/2027,0,0,0
617911,Rehabilitation and upgradation Umaria to Shahdol section of NH-78 from Existing Km. 68/4 to Km. 142/2 to 2LPS including construction of Birshinghpur and Shahdol Bypass on EPC mode under NHDP-IVA (MoRTH) (617911) (N24000513) (10135),Ministry of Road Transport & Highways,Roads & Highways,Madhya Pradesh,8/1/2015,7/1/2017,511.83,0,94.5,0,613.16,101.33,19.7976,1,6/1/2026,3257,107.01,1
617912,Construction of 6 lane flyover from Khapari ROB to Mihan Interchange design chainage km 8760 to 11450 L- 2.69 km and upgradation of existing 4L PS road to 6LPS with service road by flexible pavement design chainage km 11450 to 14500 L- 3.05 [total project length 5.74 km] in section of Nagpur - Hyderabad NH-44 Old NH-7 in Nagpur district in the state of Maharashtra on HAM mode. (MoRTH) (617912) (-) (10136),Ministry of Road Transport & Highways,Roads & Highways,Maharashtra,10/1/2025,10/1/2027,619.55,0,8.24,0,619.55,0,0,0,10/1/2027,0,0,0
617913,6-laning of km 9.900 to km 19/948 Aramgarh to Shamshabad Section of Hyderabad- Bangalore section of NH-44 Under NHO EPC basis in the state of Telangana (MoRTH) (617913) (N24000987) (-),Ministry of Road Transport & Highways,Roads & Highways,Telangana,5/1/2018,5/1/2020,283.15,480.38,92.62,169.6557,300.7,17.55,6.1981,1,6/1/2026,2222,73,1
617915,Upgradation of Dindori-Sagartola-kabichabutra MP-CG border section of NH -45 from km 000Design to km 77.00 Design to Two lane with paved shoulder configration along with one time improvement in 04 nos. of bypaased built-up areas in a total length of 9.1 km in the state of Madhya Pradesh on EPC mode. (MoRTH) (617915) (N24002019) (-),Ministry of Road Transport & Highways,Roads & Highways,Madhya Pradesh,9/1/2023,9/1/2025,329.14,0,93.68,0,319.09,-10.05,-3.0534,0,5/1/2026,242,7.95,1
617916,Work of 6 laning/Construction of elevated corridor from km 0/0 to 10/170 Narol Junction to Sarkhej junction including 4 lane Shastri Bridge on Sabarmati river on NH 47 in the State of Gujarat on HAM mode (MoRTH) (617916) (-) (10137),Ministry of Road Transport & Highways,Roads & Highways,Gujarat,8/1/2025,2/1/2028,1295.39,0,28,0,1295.39,0,0,0,2/1/2028,0,0,0
617917,"Construction of 4 Lane Flyover at Nagpur RTO Chowk To Nagpur University Campus from Ch 2/250 to 5/100 and 4 lane flyover at wadi/midc junction from km 8/360 to km, 10/300 on NH 53 in state of Maharashtra. (MoRTH) (617917) (N24001883) (-)",Ministry of Road Transport & Highways,Roads & Highways,Maharashtra,3/1/2022,3/1/2024,478.83,0,95,0,490.52,11.69,2.4414,1,4/1/2025,396,13.01,1
617919,Construction of 4 Nos Grade separtor between km. 281.000 to km. 307.600 km. 286.400 kumhari km. 299.000 Transport Nagar km. 302.000 Power House km. 304.000 Chandra Moura Chowk to km. 305.000 supeia of NH-53 old NH-06 Raipur - Durg 4 Lane on EPC mode in the state of chhattisgarh job NO. NH-53old NH-06 CG- 2017-18-56 (MoRTH) (617919) (N24001227) (-),Ministry of Road Transport & Highways,Roads & Highways,Chhattisgarh,1/1/2019,1/1/2021,349.03,0,97.9,0,349.03,0,0,0,8/1/2025,1673,54.97,1
617920,Widening and Strengthening to 2LPS including LA from km 318.970 to 353.450 Balikuda-Mulkani Section of NH-55 under NHO in Annual Plan 2022-23 in the State of Odisha. Job No. NH-55-OD-2022-23-656 (MoRTH) (617920) (-) (10138),Ministry of Road Transport & Highways,Roads & Highways,Odisha,6/1/2025,6/1/2027,511.54,0,3,0,511.54,0,0,0,6/1/2027,0,0,0
617921,Widening and strengthening to 2LPS including LA of Kandarpur-Balikuda from km 277/500 to 318/970 of NH-55 in the State of Odisha under Annual Plan 2021-22. (MoRTH) (617921) (N24001858) (-),Ministry of Road Transport & Highways,Roads & Highways,Odisha,6/1/2023,6/1/2025,499.79,129.74,60.65,25.9589,499.79,0,0,0,11/1/2026,518,17.02,1
617922,Construction of Jharsuguda Bypass including Land acqusition on NH-49 from km 258.636 to km 283.300 design chainage 258.636 to km 289.876 under NHO in Annual Plan 2022-23 for the state of Odisha Job No.NH-49-OD-2022-23-655 (MoRTH) (617922) (-) (10139),Ministry of Road Transport & Highways,Roads & Highways,Odisha,1/1/2025,7/1/2027,587.1,52.48,23,8.9389,587.1,0,0,0,7/1/2027,0,0,0
617923,Construction of Daspalla Bypass from km 195.250 To 200.635 of NH-57 including land acquisition in the state of Odisha on EPC mode under Annual Plan 2022-23. (MoRTH) (617923) (-) (-),Ministry of Road Transport & Highways,Roads & Highways,Odisha,5/1/2025,5/1/2027,155.97,44.71,25,28.6658,155.97,0,0,0,5/1/2027,0,0,0
617924,Construction of bypass to Nayagarh town from km 235.469 to 252.482 of NH-57 including land acquisition in the state of Odisha. (MoRTH) (617924) (N24001860) (-),Ministry of Road Transport & Highways,Roads & Highways,Odisha,5/1/2023,4/1/2025,300.33,82.33,100,27.4132,300.33,0,0,0,3/1/2026,334,10.97,1
617925,Construction of Bypass to Khordha town from Km 294/000 to 300/300 on NH-57 including LA in the State of Odisha on EPC mode. (MoRTH) (617925) (N24001861) (-),Ministry of Road Transport & Highways,Roads & Highways,Odisha,5/1/2023,11/1/2024,157.49,33.61,82,21.341,157.49,0,0,0,6/1/2026,577,18.96,1
617926,Construction of new 4 lane major bridge with approaches on Sabarmati River near Dharoi at Km. 82/00 to 86/00 Design length 3.300 km on NH-58 in the State of Gujarat on Hybrid Annuity Mode HAM (MoRTH) (617926) (-) (-),Ministry of Road Transport & Highways,Roads & Highways,Gujarat,8/1/2025,8/1/2027,398.4,0,33,0,398.4,0,0,0,8/1/2027,0,0,0
617927,Widening to 2LPS between Km 0/0 to 56/0 Khokhara Gujarat Border Vijayanagar Antrasuba Mathasur road of NH 58 in the State of Gujarat (MoRTH) (617927) (-) (10140),Ministry of Road Transport & Highways,Roads & Highways,Gujarat,9/1/2025,9/1/2027,699.19,0,24,0,699.19,0,0,0,9/1/2027,0,0,0
617928,"Widening 2 lane to 4-lane from KM 92/320 to Km 115/320 Vav Chokdi-Satlasana to to Vrundavan Chokdi, Kheralu on NH-58 in the State of Gujarat. (MoRTH) (617928) (N24002183) (-)",Ministry of Road Transport & Highways,Roads & Highways,Gujarat,3/1/2024,3/1/2026,151.13,0,98,0,171.27,20.14,13.3263,1,6/1/2026,92,3.02,1
617929,Construction of 2 lane with paved shoulder of Kund Bypass from Design Km 35.130 to Km 47.700 existing Km 33.130 to Km 41.260 of NH-109 in the State of Uttarakhand (MoRTH) (617929) (N24000781) (-),Ministry of Road Transport & Highways,Roads & Highways,Uttarakhand,5/1/2018,5/1/2020,247.41,110.98,73.5,44.8567,247.41,0,0,0,12/1/2026,2405,79.01,1
617930,Construction of Bypass on NH-59 from Km 336/350 to 349/910 13.56 km near Berhampur town including 4-lane RoB in the state of Odisha. (MoRTH) (617930) (N24001859) (-),Ministry of Road Transport & Highways,Roads & Highways,Odisha,3/1/2022,12/1/2025,196.94,51.17,75,25.9825,196.94,0,0,0,6/1/2026,182,5.98,1
617931,Construction of ROB and its approaches in lieu of LC No. 10/B/T at Km 307.050 of NH-60. (MoRTH) (617931) (-) (-),Ministry of Road Transport & Highways,Roads & Highways,West Bengal,8/1/2023,8/1/2025,155.87,0,16.35,0,138.57,-17.3,-11.099,0,3/1/2027,577,18.96,1
617932,Construction of New Four Lane Bypass to Parbhani City Parwa to Asola Km 463/265 to Km 481/180 Design Ch. 19220 to Ch. 34434 Length-15.214 Km section of NH-61 on EPC mode in the State of Maharashtra. (MoRTH) (617932) (N24001882) (-),Ministry of Road Transport & Highways,Roads & Highways,Maharashtra,7/1/2023,10/1/2024,496.64,0,70.14,0,496.64,0,0,0,6/1/2026,608,19.98,1
617933,Up-gradation to four lane/ Two lane with paved shoulders configuration of Kalyan - Murbad - Malshej Ghat - Nirmal Road NH- 61 km 15/200 to Km 38/00 and from Km. 58/00 to Km 84/00 Design length 48.58 km of NH-61 on EPC Mode in Thane District in the state of Maharashtra (MoRTH) (617933) (N24002174) (10141),Ministry of Road Transport & Highways,Roads & Highways,Maharashtra,3/1/2024,8/1/2026,984.07,0,100,0,984.07,0,0,0,8/1/2026,0,0,0
617934,Nasratpur to Barasgaon section of NH-61 2L / 4L PS from Km.514/00 to 558/200 (MoRTH) (617934) (N24001112) (-),Ministry of Road Transport & Highways,Roads & Highways,Maharashtra,9/1/2017,9/1/2019,406.54,0,95.84,0,406.54,0,0,0,6/1/2026,2465,80.99,1
617935,"Construction of Elevated corridor from Km. 135.650 to 136.300 on 63, from Km. 249 to Km. 250.050 on old NH-4 and from Km. 192.910 to Km. 193.350 on NH-218 from decongestion of traffic in Ranichennamma circle in Hubli city in the state of Karnataka on EPC basis (MoRTH) (617935) (N24001938) (-)",Ministry of Road Transport & Highways,Roads & Highways,Karnataka,6/1/2021,6/1/2024,298,175.06,65,58.745,349.49,51.49,17.2785,1,11/1/2026,883,29.01,1
617936,Widening to two/four lane with paved shoulder from Km.180.600 to Km.223.000 of NH-63 on Nizamabad-Jagadalpur road on EPC mode under NHO in the state of Telangana. (MoRTH) (617936) (N24000981) (-),Ministry of Road Transport & Highways,Roads & Highways,Telangana,3/1/2017,3/1/2019,253.99,0,100,0,183.26,-70.73,-27.8476,0,,,,
617937,Udgir Raavi Degloor Aadampur phata to Sagroli fata (MoRTH) (617937) (-) (12150),Ministry of Road Transport & Highways,Roads & Highways,Maharashtra,4/1/2026,4/1/2028,809.77,0,0,0,809.77,0,0,0,,,,
617939,6-Laning of Pune-Hyderabad Section of NH-65 from Km 493/0 to Km 524/0 from Sangareddy X Roads to Madinaguda in the State of Telangana (MoRTH) (617939) (-) (10143),Ministry of Road Transport & Highways,Roads & Highways,Telangana,7/1/2024,7/1/2026,1297.75,0,37.5,0,1297.75,0,0,0,7/1/2026,0,0,0
617940,"Rehabilitation and Upgradation of LB-Nagar to Malkapur section to 6-Lane main carriageway with service roads, drains cum footpath, including VUPs and widening of Minor bridge & road safety provisions from Km. 15/00 to Km 40/00 of NH-65 Old NH-9 under NH O for the year 2020-21 in the state of Telangana on EPC Mode. (MoRTH) (617940) (N24002004) (10144)",Ministry of Road Transport & Highways,Roads & Highways,Telangana,7/1/2022,7/1/2024,545.11,275.13,81.79,50.4724,545.11,0,0,0,7/1/2026,730,23.98,1
617941,4-Laning from End of Zuari approaches to Start of Margao Bypass section of NH-66 from Km 536.800 to Km 543.450 (MoRTH) (617941) (-) (-),Ministry of Road Transport & Highways,Roads & Highways,Goa,2/1/2026,2/1/2028,398.25,0,0.5,0,398.25,0,0,0,2/1/2028,0,0,0
617942,Construction of Six lane Elevated Corridor from Km. 508.000 to Km. 513.150 including approaches on NH-66 (MoRTH) (617942) (N24002181) (10145),Ministry of Road Transport & Highways,Roads & Highways,Goa,4/1/2024,4/1/2026,641.46,0,96.75,0,641.46,0,0,0,10/1/2026,183,6.01,1
617943,4-laning of Navelim to Cuncolim Section of NH-66 from Km 554.245 to Km 561.480 on HAM Mode (MoRTH) (617943) (-) (-),Ministry of Road Transport & Highways,Roads & Highways,Goa,4/1/2026,10/1/2028,746.75,0,0,0,746.75,0,0,0,,,,
617944,Kashedi ghat tunnel NH-66 [Bhogaon Khurd - Kashedi section] 4 lanes under NHDP on EPC mode (MoRTH) (617944) (N24001132) (10146),Ministry of Road Transport & Highways,Roads & Highways,Maharashtra,10/1/2018,4/1/2021,680.43,0,98.37,0,701.46,21.03,3.0907,1,4/1/2021,0,0,0
617945,Balance work of NH-66 from design Km 84/00 to Km 87/100 Indapur Bypass and Km 91/600 to Km 99/100 Mangaon Bypass to four lane with paved shoulder in State of Maharashtra under NHO on EPC Mode. (MoRTH) (617945) (-) (-),Ministry of Road Transport & Highways,Roads & Highways,Maharashtra,10/1/2025,4/1/2027,354.21,0,58.14,0,354.21,0,0,0,4/1/2027,0,0,0
617946,Kashedi to Parshuram Ghat section of NH-66 from Km 161/600 - Km 205/400 - 4L PS (MoRTH) (617946) (N24000584) (10147),Ministry of Road Transport & Highways,Roads & Highways,Maharashtra,2/1/2018,2/1/2020,1142.62,0,97.5,0,1142.62,0,0,0,12/1/2025,2130,69.98,1
617947,Arawali Kante section of NH-17New NH-66 4L PS from Km.241/300 to 281/300 (MoRTH) (617947) (N24000585) (10148),Ministry of Road Transport & Highways,Roads & Highways,Maharashtra,11/1/2017,11/1/2019,1006.99,0,80.06,0,1443.09,436.1,43.3073,1,3/1/2026,2312,75.96,1
617948,Kante - Wakad section of NH-66 4L PS from Km.281/300 to 332/200 (MoRTH) (617948) (N24001134) (10149),Ministry of Road Transport & Highways,Roads & Highways,Maharashtra,11/1/2017,11/1/2019,1117.75,287.96,90.14,25.7625,2020.56,902.81,80.7703,1,11/1/2025,2192,72.02,1
617949,Tadipatri Bypass Km 0000 to Km 6285 of 4-Lane on NH-67 in Anantapuramu district of AP state under NHO on EPC Mode under Annual Plan 2022-23 (MoRTH) (617949) (N24002145) (-),Ministry of Road Transport & Highways,Roads & Highways,Andhra Pradesh,3/1/2024,3/1/2026,159.66,59.26,100,37.1164,159.66,0,0,0,3/1/2026,0,0,0
617950,Construction of Srinivasapura Bypass from existing Km 453.890 Design Ch. 0000 to existing Km 461.450 Design Ch 10080 on NH-69 in the State of Karnataka Under NH O in EPC mode under Annual Plan 2022-23 NH-69-KNT-2022-23-966 dated 22.11.2022 (MoRTH) (617950) (-) (-),Ministry of Road Transport & Highways,Roads & Highways,Karnataka,7/1/2025,1/1/2027,204.42,0,0,0,204.42,0,0,0,1/1/2027,0,0,0
617951,Construction of Chintamani Bypass from Design Ch.0000 Existing Ch.428880 to Design Ch.15400 Existing Ch.444010 on NH-69 in the State of Karnataka in EPC Mode under NHO Annual Plan 2022-23. NH-69-KNT-2022-23-989 dated 24.03.2023 (MoRTH) (617951) (-) (-),Ministry of Road Transport & Highways,Roads & Highways,Karnataka,1/1/2026,7/1/2027,314.55,0,0,0,314.55,0,0,0,7/1/2027,0,0,0
617954,Balance work of Rehabilitation and upgrading to 2lane/2lane with paved shoulder configuration and strengthening from from Km 343.80 to 400.33 of Gowribidanur-Chik Ballapur section in the state of Karnataka Under Annual Plan 2021-22 under EPC Mode.-952 (MoRTH) (617954) (N24001937) (-),Ministry of Road Transport & Highways,Roads & Highways,Karnataka,2/1/2023,2/1/2025,398.48,211.59,93.25,53.0993,398.48,0,0,0,4/1/2026,424,13.93,1
617955,Widening to two lane with paved Shoulders from Km 40.00 to Km 75.00 Existing chainages of Mangalore - Tumkur section of NH-73 in the State of Karnataka on EPC Mode under Annual Plan 2021-22 Job No NH-73-KNT-2021-22-945 (MoRTH) (617955) (N24002012) (10150),Ministry of Road Transport & Highways,Roads & Highways,Karnataka,3/1/2023,3/1/2025,718.52,308.84,83,42.9828,718.52,0,0,0,12/1/2026,640,21.03,1
617957,Construction of Jasra Bypass with four lane paved shoulder configurationfrom Km 379.670 on NH-76New NH-35 to Km 18.00 on NH-27New NH-30 on EPC in the State of Uttar Pradesh. (MoRTH) (617957) (N24002120) (-),Ministry of Road Transport & Highways,Roads & Highways,Uttar Pradesh,3/1/2024,9/1/2025,274.06,0,91.85,0,274.06,0,0,0,,,,
617958,Widening & Strenthening from km132.895 to km 190.15 NH-80 (MoRTH) (617958) (N24001876) (10151),Ministry of Road Transport & Highways,Roads & Highways,Bihar,11/1/2022,11/1/2024,566.1,253.68,95.01,44.8119,566.1,0,0,0,7/1/2026,607,19.94,1
617959,Rehabilitation & Widening work for 2 Lane with Paved Shoulder of Existing NH-80 from km 70.15 to Km 121.025 of Munger-Suttanganj -BhagatpurMirzachowki section on EPC Mode in the State of Bihar. (MoRTH) (617959) (N24001875) (-),Ministry of Road Transport & Highways,Roads & Highways,Bihar,2/1/2023,1/1/2025,477.54,311.39,95.66,65.2071,477.54,0,0,0,,,,
617960,Construction of new road at the missing link portion of NH-81 along approved alignment between Harishchandrapur and Eastern approach of Kalindri Bridge from Km 46.550 to Km 59.697 in the district of Malda. Job No-081-WB-2015-16/400 (MoRTH) (617960) (N24000874) (-),Ministry of Road Transport & Highways,Roads & Highways,West Bengal,11/1/2016,11/1/2018,271.17,209.23,84.78,77.1582,291.2,20.03,7.3865,1,8/1/2026,2830,92.98,1
617961,Gaya-Hisua-Rajgir-Nalanda-Biharsharif section km0.00 to 92.935 NH-82 (MoRTH) (617961) (N24000579) (10152),Ministry of Road Transport & Highways,Roads & Highways,Bihar,11/1/2016,11/1/2019,1408.85,0,97,0,2138.16,729.31,51.7663,1,7/1/2026,2434,79.97,1
617962,"Construction of Bypass to Madurai Achambathu Viratipathu in between km 6/850 10/382 of NH 49 Extn New NH 85 including Land Acquisition on Engineering, Procurement & Construction EPC basis Contract under NH O Annual Plan 2021-22 in the state of Tamil Nadu job No.NH-49 Extn New NH 85 - TN-2021-22-997 (MoRTH) (617962) (N24002165) (-)",Ministry of Road Transport & Highways,Roads & Highways,Tamil Nadu,9/1/2024,8/1/2026,238.97,119.33,94,49.9351,260.07,21.1,8.8296,1,8/1/2026,0,0,0
617963,Rehabilitation and upgradation to four lane road from km 70.500 to km 78.600 of NH- 92 under EPC mode in the State of Uttar Pradesh (MoRTH) (617963) (N24002211) (-),Ministry of Road Transport & Highways,Roads & Highways,Uttar Pradesh,1/1/2025,1/1/2027,296.02,0,33,0,351.78,55.76,18.8366,1,7/1/2027,181,5.95,1
617964,"Widening to Four Lane rigid pavement configuration from Km 90.00 to Km 100.800 on NH-96 Km 42.0 to Km 53.300 as per new NH-330,design length of 11.300 km under EPC mode in the state of Uttar Pradesh. (MoRTH) (617964) (N24002199) (-)",Ministry of Road Transport & Highways,Roads & Highways,Uttar Pradesh,11/1/2024,11/1/2026,309.63,37.26,26,12.0337,309.63,0,0,0,11/1/2026,0,0,0
617965,Kopargaon to Savali Vihir section (MoRTH) (617965) (N24001904) (-),Ministry of Road Transport & Highways,Roads & Highways,Maharashtra,1/1/2023,7/1/2024,195.38,0,80,0,195.38,0,0,0,6/1/2026,700,23,1
617966,Rehabilitation and Upgrading to 2 lanes/2-lane with paved shoulders configuration and strengthening of of Birpur and Bihpur Section from km 0.0 to Km 106 of NH 106 under phase I of National Highways Interconnectivity Improvement Projects NHIIP ICB No. NHIIP-BR-106-7 [NHIIP-BR-106-7] (MoRTH) (617966) (N24000382) (10153),Ministry of Road Transport & Highways,Roads & Highways,Bihar,10/1/2016,10/1/2019,780.77,0.04,99.74,0.0051,961.33,180.56,23.1259,1,7/1/2026,2465,80.99,1
617967,Construction of Rudraprayag tunnel of length 900.30 MTR including approaches and one major bridge on river Alaknanda connecting NH-107/old-109 to NH-07old-58 on EPC mode in the state of Uttarakhand. (MoRTH) (617967) (-) (-),Ministry of Road Transport & Highways,Roads & Highways,Uttarakhand,1/1/2023,7/1/2025,251.88,0,99,0,251.88,0,0,0,5/1/2026,304,9.99,1
617968,Construction & Widening Including Augustmuni Bypass Ch-16.545 to Ch - 19.890 to 2L/PS from Km 16.545-Km 33.130 & 45.980 -57.975 Augustmuni to Kund & Guptkashi to Sitapur on NH 109 in UK (MoRTH) (617968) (N24000779) (-),Ministry of Road Transport & Highways,Roads & Highways,Uttarakhand,2/1/2018,2/1/2020,418.89,422.72,95,100.9143,418.89,0,0,0,3/1/2024,1490,48.95,1
617969,Construction of 4 Lane ROB and its approaches at the level crossing LC No 29 B of Km 29 Ekangarsarai at NH 110 New NH 33 & Railway Km 32.63 at Fatwa FUT Islampur IPR section in the state of Bihar on EPC mode. (MoRTH) (617969) (N24002193) (-),Ministry of Road Transport & Highways,Roads & Highways,Bihar,7/1/2024,7/1/2026,201.08,0.01,60,0.005,201.08,0,0,0,9/1/2026,62,2.04,1
617970,Reconstruction of existing 2 L/IL to 2L with paved shoulder from existing km 52.200 to 92.880 of NH- (MoRTH) (617970) (N24000775) (-),Ministry of Road Transport & Highways,Roads & Highways,Uttarakhand,6/1/2017,6/1/2019,282.08,166.13,100,58.8946,282.08,0,0,0,10/1/2023,1583,52.01,1
617971,Up-gradation to Two/Four lane with paved shoulder Configuration of Kondagaon- Narayanpur from design ch. 0.00 - 48.693 Design Length 47.493 Km. 1.20 Km. retained on NH-130D under EPC mode in the State Chhattisgarh. (MoRTH) (617971) (-) (-),Ministry of Road Transport & Highways,Roads & Highways,Chhattisgarh,3/1/2025,3/1/2027,322.4,1.1,66,0.3412,322.4,0,0,0,3/1/2027,0,0,0
617972,Upgradation to Two lane with Paved Shoulder Configuration of Narayanpur Kasturmeta pkg-II from design ch. 48.693 to 70.453 design length21.760 Km. on NH-130D under EPC mode in the state of Chhattisgarh. (MoRTH) (617972) (-) (-),Ministry of Road Transport & Highways,Roads & Highways,Chhattisgarh,12/1/2024,6/1/2026,200.67,14.99,0,7.47,200.67,0,0,0,,,,
617973,Strengthening and widening of existing 2 lane road to two lane paved shoulder from km 7.750 to 26.542 & km. 32.093 to 45.786 of NH-130 on EPC mode in the state of chhattisgarh.job No. 130-CG-2017-18-348 (MoRTH) (617973) (N24001228) (-),Ministry of Road Transport & Highways,Roads & Highways,Chhattisgarh,5/1/2019,11/1/2020,188.8,102.56,97,54.322,188.8,0,0,0,2/1/2026,1918,63.01,1
617974,Rehabilitation and upgradation of 2 lane with paved shoulder from existing km. 195.175 to km. 220.000 Design Chainage km71.300 to Km. 95.947 Excluding existing chainage Km 200.300 to Km 202.400 Design chainage Km 76.400 to Km 78.400 on Dharasu to Yamunotri Road of NH- 134 Old NH-94 (MoRTH) (617974) (-) (-),Ministry of Road Transport & Highways,Roads & Highways,Uttarakhand,10/1/2025,4/1/2028,344.73,0,23.38,0,344.73,0,0,0,,,,
617975,Rehabilitation and upgradation to 2 lane with paved shoulder configuration from km 122.00 Dharasu Bend to km 147.230 Silkyara Bend of NH-94 in the state of Uttarakhand (MoRTH) (617975) (N24000820) (-),Ministry of Road Transport & Highways,Roads & Highways,Uttarakhand,11/1/2017,11/1/2019,237.79,79.56,100,33.4581,237.79,0,0,0,7/1/2024,1704,55.98,1
617976,Work of development and construction of elevated corridorfrom km 38/660 to km 42/690 Iscon junction to start point of approach of sanand flyover of NH-147 in the sate of Gujarat (MoRTH) (617976) (N24002182) (10154),Ministry of Road Transport & Highways,Roads & Highways,Gujarat,6/1/2024,6/1/2026,530.2,58.29,90,10.994,530.2,0,0,0,6/1/2026,0,0,0
617977,Development of Chiloda - Gandhinagar- Sarkhej ofNH-147 Package -II (MoRTH) (617977) (-) (-),Ministry of Road Transport & Highways,Roads & Highways,Gujarat,11/1/2018,11/1/2020,211.28,0,99.55,0,234.44,23.16,10.9618,1,7/1/2022,607,19.94,1
617978,"Rehabilitation, upgradation & widening of existing highway to 2L/4LPS Rigid Pavement of NH 160 section- Phaltan to Mhaishal near Karnataka Border including Tasgaon Bypass, from existing chainage Km 301/430 to Km 458/415 in the State of Maharashtra- Package-II & Package III combined- starting from existing chainage Km 341/300 to Km 394/130 and design chainage Km 340/250 at Dahiwadi Village to Km 392/950 ending at Vita Village in the State of Maharashtra on EPC Mode. (MoRTH) (617978) (-) (10155)",Ministry of Road Transport & Highways,Roads & Highways,Maharashtra,5/1/2025,5/1/2027,631.76,187.58,78.2,29.6917,631.76,0,0,0,5/1/2027,0,0,0
617979,"Rehabilitation, upgradation & widening of existing highway to 2L/4LPS Rigid Pavement of NH 160 section- Phaltan to Mhaisal near Karnataka Border including Tasgaon Bypass, from existing chainage Km 301/430 to Km 458/415 in the State of Maharashtra. Package-I starting from existing chainage Km 301/430 at Phaltan Village Junction of Phaltan Baramati Road Design Chainage -301/430km & ending at existing chainage Km 341/300 Dahiwadi Village Bus Stop Design chainage Km 340466km in the S (MoRTH) (617979) (-) (10156)",Ministry of Road Transport & Highways,Roads & Highways,Maharashtra,5/1/2025,5/1/2027,533.76,0,65.57,0,533.76,0,0,0,11/1/2026,-181,-5.95,0
617980,Construction of six lane elevated corridor from km 7.950 Uppal to km 14.200 of NH- 163 to De-Congest the urban limits of Hyderabad-Bhoopalapatnam section on EPC mode in the state of Telangana (MoRTH) (617980) (N24000994) (10157),Ministry of Road Transport & Highways,Roads & Highways,Telangana,7/1/2018,7/1/2020,626.76,16.13,52.32,2.5736,626.76,0,0,0,10/1/2026,2283,75.01,1
617981,Widening to Two with Paved shoulders from Km 59.500 to Km 132.033 of Manneguda- Ravunapally section of NH-163 Erstwhile SH-4 in the State of Telangana on EPC mode under NH O Annual Plan 2016-17 (MoRTH) (617981) (-) (-),Ministry of Road Transport & Highways,Roads & Highways,Telangana,5/1/2017,5/1/2019,359,0,99.92,0,359,0,0,0,5/1/2026,2557,84.01,1
617982,Widening and strengthening of existing 2-lane to 2- lane with paved shoulders from km 159/0 to 165/4 and 186/0 to 215/0 of NH-163 on EPC mode int the state of Telangana (MoRTH) (617982) (N24000988) (-),Ministry of Road Transport & Highways,Roads & Highways,Telangana,6/1/2018,11/1/2019,230.03,0,0,0,230.03,0,0,0,12/1/2020,396,13.01,1
617983,Widening & Strengthening of Existing 2LPS to 4 lane PS from Km 150000 to Km 159000 and Km 165400 to Km 186000 of NH-163 old NH-202 under NH O for the year 2020-21 on EPC Mode in the state of Telangana. (MoRTH) (617983) (N24001925) (-),Ministry of Road Transport & Highways,Roads & Highways,Telangana,7/1/2022,7/1/2024,317.19,175.28,88,55.2603,300.56,-16.63,-5.2429,0,6/1/2026,700,23,1
617984,"Gudivada Town 2 RoB, and Road improvement NH-165 (MoRTH) (617984) (N24000989) (-)",Ministry of Road Transport & Highways,Roads & Highways,Andhra Pradesh,5/1/2023,5/1/2025,317.22,0,73.46,0,317.22,0,0,0,11/1/2026,549,18.04,1
617985,Widening to two lane with paved shoulders from Km 0/0 to 64/020 Pamarru to Akiveedu (MoRTH) (617985) (N24000983) (10158),Ministry of Road Transport & Highways,Roads & Highways,Andhra Pradesh,11/1/2021,11/1/2023,529.54,0,69.62,0,588.65,59.11,11.1625,1,5/1/2027,1277,41.95,1
617986,Kurnool/Kadapa Border-Jammalamadugu section of NH-167K i.e. Design Ch. Km 248010 to km 269900 to 2 (MoRTH) (617986) (N24001537) (-),Ministry of Road Transport & Highways,Roads & Highways,Andhra Pradesh,12/1/2024,12/1/2026,292.63,0,90.97,0,292.63,0,0,0,12/1/2026,0,0,0
617987,Nandyala-Kurnool/Kadapa Border section of NH-167K i.e. Km 186/000 to Km 250/000Design Ch.186000 to 248010 to 2LPS (MoRTH) (617987) (-) (10159),Ministry of Road Transport & Highways,Roads & Highways,Andhra Pradesh,9/1/2025,9/1/2027,691.81,0,42.28,0,691.81,0,0,0,9/1/2027,0,0,0
617988,Sangameswaram - Atmakuru section from Km 96 to Km 124 & Velegodu- Nandyal section including Nandyal Bypass from Km 143/6 to 185/9 NH-167K (MoRTH) (617988) (-) (10160),Ministry of Road Transport & Highways,Roads & Highways,Andhra Pradesh,7/1/2025,7/1/2027,776.17,0,23.38,0,644.14,-132.03,-17.0104,0,7/1/2027,0,0,0
617989,Construction of Major Bridge at Km.180.865 across river Krishna on NH 167 Hagari Jadcherla section (MoRTH) (617989) (N24001450) (-),Ministry of Road Transport & Highways,Roads & Highways,Karnataka,5/1/2019,11/1/2021,157.32,103.33,69,65.6814,187.61,30.29,19.2538,1,4/1/2027,1977,64.95,1
617990,Construction of bypass road to Adoni town connecting NH-167 Hagari - Jadcharla road from km.62/700 to 71/400 in Kurnool District in the State of Andhra Pradesh. (MoRTH) (617990) (N24002025) (-),Ministry of Road Transport & Highways,Roads & Highways,Andhra Pradesh,2/1/2024,11/1/2025,242,78.49,95.94,32.4339,242,0,0,0,,,,
617991,"Rehabilitation and up-gradation of NH-167 from Km 14/900 to Km70/000 Design Ch. 14/900 to 69/700 Chintakunta to Adoni section to two lane with paved shoulders in the State of Andhra Pradesh under Corridor Approach through Engineering, Procurement (MoRTH) (617991) (N24001278) (-)",Ministry of Road Transport & Highways,Roads & Highways,Andhra Pradesh,5/1/2017,5/1/2019,290.15,140.23,91.9,48.3302,290.15,0,0,0,10/1/2026,2710,89.03,1
617992,Rehabilitation & upgradation of NH - 167 from design km 187.723 to 234.434 Miryalaguda to Kodad section to two lane with paved shoulder on EPC mode in the state of Telangana (MoRTH) (617992) (N24001281) (-),Ministry of Road Transport & Highways,Roads & Highways,Telangana,9/1/2018,9/1/2020,322.81,148.48,98.14,45.9961,322.81,0,0,0,6/1/2026,2099,68.96,1
617993,Rehabilitation and upgradation of NH-167 from design km 157.707 to 187.723 design length 30.016 km to two lane with paved shoulders of Alinagar-Miryalaguda Sec on EPC mode in the state of Telangana (MoRTH) (617993) (-) (-),Ministry of Road Transport & Highways,Roads & Highways,Telangana,5/1/2018,11/1/2019,220.28,0,97.74,0,220.28,0,0,0,6/1/2026,2404,78.98,1
617994,Rehabilitation and upgradation of NH-167 from design km 113.900 to 154.479 Mallepally Haliya section to two lane with paved shoulders on EPC mode in the stte of Telangana (MoRTH) (617994) (N24001263) (-),Ministry of Road Transport & Highways,Roads & Highways,Telangana,6/1/2018,11/1/2019,294.13,239.25,88.22,81.3416,257.61,-36.52,-12.4163,0,12/1/2025,2222,73,1
617995,Widening to Two Lane with Paved Shoulders from Km 67.000 to Km 114.425 of Kalwakurthy- Mallapally Section of NH 167 Erstwhile section of SH 18 in the State of Telangana on EPC mode under NH O Annual Plan 2016-17 (MoRTH) (617995) (N24001323) (-),Ministry of Road Transport & Highways,Roads & Highways,Telangana,5/1/2017,5/1/2019,300,175.1,99.2,58.3667,300,0,0,0,12/1/2025,2406,79.05,1
617996,Widening to 2/4 Lane with paved shoulders from Km 182.120 to Km 227.600 of NH 167 on Haggari-Jadcherla Road on EPC mode under NHO in the state of Telangana (MoRTH) (617996) (N24002132) (-),Ministry of Road Transport & Highways,Roads & Highways,Telangana,2/1/2017,2/1/2019,298,234.7,95.6,78.7584,298,0,0,0,3/1/2026,2585,84.93,1
617997,Widening of existing 2 lane to 4 lane with paved shoulder from Designed km 25.15 to km 56.70 Except Km 52.70 to 53.50 of NH-169 Nellisara Camp to Thirthahalli of NH- 169 on Shimoga-Mangalore section in the state of Karnataka on EPC mode under Annual plan 2022-23 NH-169-KNT-2022-23-978 dated 08.03.2023 (MoRTH) (617997) (-) (-),Ministry of Road Transport & Highways,Roads & Highways,Karnataka,2/1/2026,2/1/2028,538.71,0.28,6,0.052,538.71,0,0,0,2/1/2028,0,0,0
617998,Widening to existing 2 lane with paved Shoulder to 4 Lane with paved shoulder from design Km 153.00 to 168.27 Mala Gate to Karkala of NH -169 on Shimoga - Mangalore section in the state of Karnataka on EPC mode under Annula Plan 2021-22 Job No. NH-169-KNT-2021-22-949 (MoRTH) (617998) (N24000979) (-),Ministry of Road Transport & Highways,Roads & Highways,Karnataka,2/1/2023,2/1/2025,177.94,111.41,83,62.611,177.94,0,0,0,11/1/2026,638,20.96,1
617999,Widening to 2LPS from Km 67 to Km 115 on Kadur-Hosadurga section NH 173 in the state of Karnataka NH-173-KNT-2022-23-980 dated 13.03.2023 (MoRTH) (617999) (-) (-),Ministry of Road Transport & Highways,Roads & Highways,Karnataka,9/1/2024,4/1/2026,471.62,80.08,64.33,16.9798,471.62,0,0,0,10/1/2026,183,6.01,1
618000,Widening to 2-Lane with Paved Shoulders from Km 116.800 to 149.070Design Changes on Hosadurga - Holalkere Section of NH-173 in the State of Karnataka on EPC mode under Annual Plan 2021-22 Job no. NH-173-KNT-2021-22-946 (MoRTH) (618000) (N24001390) (-),Ministry of Road Transport & Highways,Roads & Highways,Karnataka,8/1/2022,2/1/2024,170.34,106.88,92.65,62.7451,147.39,-22.95,-13.4731,0,4/1/2026,790,25.95,1
618001,"Construction of 4-lane flyover at Amberpet-X road, Hyderabad on NH-202 in the State of Telangana (MoRTH) (618001) (N24001416) (-)",Ministry of Road Transport & Highways,Roads & Highways,Telangana,6/1/2021,6/1/2023,216.53,156.4,92.1,72.2302,265.88,49.35,22.7913,1,6/1/2026,1096,36.01,1
618002,Widening of existing single lane to intermediate lane road from Mokokchung to Chare via Dikhu in the state of Nagaland on EPC mode (MoRTH) (618002),Ministry of Road Transport & Highways,Roads & Highways,Nagaland,6/1/2023,6/1/2025,192.93,99.65,0,51.6509,192.93,0,0,0,,,,
618003,Construction of four lane ROB and its approaches in lieu of existing Level Crossing No. RV-71 at km 435 on NH-217 New NH-353 at Khariar including land acquisition under NHO in Annual Plan 2021-22 for the state of Odisha for F.Y. 2021-22 to F.Y 2033-34 (MoRTH) (618003) (N24001419) (-),Ministry of Road Transport & Highways,Roads & Highways,Odisha,6/1/2023,12/1/2024,154.49,22.32,72,14.4475,154.49,0,0,0,6/1/2026,547,17.97,1
618005,Sheohar-Sitamarhi Section km 40.000 to 79.400 km Lot-I (MoRTH) (618005) (N24001647) (-),Ministry of Road Transport & Highways,Roads & Highways,Bihar,5/1/2016,5/1/2018,178.85,0,98.65,0,278.53,99.68,55.7339,1,7/1/2026,2983,98,1
618006,Sitamarhi-Jaynagar Section km 79.400 to km 156.500 Lot-II (MoRTH) (618006) (N24001590) (10161),Ministry of Road Transport & Highways,Roads & Highways,Bihar,6/1/2016,12/1/2018,369.77,0,98.78,0,503.28,133.51,36.1062,1,7/1/2026,2769,90.97,1
618007,Jaynagar-Narahia Section km 156.500 to km 219.945 Lot-III (MoRTH) (618007) (N24001792) (10162),Ministry of Road Transport & Highways,Roads & Highways,Bihar,5/1/2016,11/1/2018,553.3,0,99,0,706.39,153.09,27.6685,1,7/1/2026,2799,91.96,1
618008,"Construction of four-lane elevated viaduct from km.4634 to km.6345 on NH-24A including Retaining wall, service lane, at grade road and improvement of junctions, on EPC mode (MoRTH) (618008) (N24001730) (-)",Ministry of Road Transport & Highways,Roads & Highways,Uttar Pradesh,3/1/2022,9/1/2023,185.09,175.09,100,94.5972,269.81,84.72,45.7723,1,12/1/2024,457,15.01,1
618009,Balance work of Construction of Ring Road for Raebareli City on eastern side of NH- 24B Phase-1 on EPC mode. (MoRTH) (618009) (N24000331) (-),Ministry of Road Transport & Highways,Roads & Highways,Uttar Pradesh,10/1/2020,4/1/2022,319.96,0,95,0,347.8,27.84,8.7011,1,7/1/2026,1552,50.99,1
618010,Development to 4-lane with paved shoulder for the road section Talwandi Sabo- Raman road to refinery Road junction with Bathinda Dabwali Road of NH-254 from existing Km 131.600 to Km 155.650 Design Km 131600 to km 155600 in the State of Punjab. Job No NH-254-PB-2022-23-565 (MoRTH) (618010) (-) (10163),Ministry of Road Transport & Highways,Roads & Highways,Punjab,5/1/2025,11/1/2026,546.67,0,45,0,546.67,0,0,0,11/1/2026,0,0,0
618011,Construction of 2 lane with paved shoulder for the work of Development of remaining sections of NH-325 Balotra to sanderao via Jalore to 2 lane with paved shoulder configuration by Construction of Byasses for town portions1 Asotra- Brahmdham bypass 2Siwana Bypass 3 Mokalsar Bypass 4 Major realignment at Kathadi 5 Major realignment at Bishangarh 6 Jalore Bypass 7 Ahore Town portion 8 Dujana Bypass in the state of Rajasthan on EPC Mode (MoRTH) (618011) (N24001527) (-),Ministry of Road Transport & Highways,Roads & Highways,Rajasthan,5/1/2022,5/1/2024,411.44,66.63,91.04,16.1943,411.44,0,0,0,7/1/2026,791,25.99,1
618012,"Widening & strengthenlng to 2LPS from km 0,000 to 40.000 Dhaugaon- Podamari section of NH 326 in the State of Odisha under Annual Plan 2021.22. (MoRTH) (618012) (N24002135) (-)",Ministry of Road Transport & Highways,Roads & Highways,Odisha,2/1/2024,2/1/2026,186.52,42.93,60,23.0163,186.52,0,0,0,6/1/2026,120,3.94,1
618013,4-laning of Puttaparthi-Koduru Section of NH-342 (MoRTH) (618013) (-) (10164),Ministry of Road Transport & Highways,Roads & Highways,Andhra Pradesh,11/1/2023,11/1/2025,1318.59,341.52,79.5,25.9004,909.19,-409.4,-31.0483,0,6/1/2026,212,6.97,1
618014,"Upgradation of Ambikapur-Ramanujganj-Garwa road of NH-343, Package-III, Badki mahri village to Ramanujganj section from existing km 80.600 to km 110.330 Design Ch. 85.370 to Ch. 114.800 of total length 29.430 km to two lane with paved shoulders udner corridor scheme under EPC Mode in the of Chhattisgarh (MoRTH) (618014) (-) (-)",Ministry of Road Transport & Highways,Roads & Highways,Chhattisgarh,5/1/2025,10/1/2026,199.05,28.95,32.87,14.5441,199.05,0,0,0,10/1/2026,0,0,0
618015,"Upgradation of Keonchi - Ratanpur Road of NH 45 Package-I, from design chainage km 237.860 to km 273.200 of length 35.340 km to two lane with paved shoulders under Corridor scheme on EPC mode in the state of Chhattisgarh. (MoRTH) (618015) (-) (-)",Ministry of Road Transport & Highways,Roads & Highways,Chhattisgarh,7/1/2024,1/1/2026,225.41,70.96,57,31.4804,228.93,3.52,1.5616,1,12/1/2026,334,10.97,1
618016,"Upgradation of Ambikapur Ramanujganj - Garhwa Road NH 343 of Package-I, Rajpuri Khurd Village to Padih Village section from existing km 7.830 to km 57.650 Design Ch. 13.700 to Ch. 62.700 of total length 49.00 km to two lane with paved shoulders under EPC mode in the state of Chhattisgarh (MoRTH) (618016) (-) (-)",Ministry of Road Transport & Highways,Roads & Highways,Chhattisgarh,5/1/2025,5/1/2027,397.44,24.33,17.25,6.1217,397.44,0,0,0,5/1/2027,0,0,0
618017,"Upgradation of Keonchi - Ratanpur Road of NH 45 Package-II, from design chainage km 278.75 to km 321.348 of length 42.598 km to two lane with paved shoulders under Corridor scheme on EPC mode in the state of Chhattisgarh. (MoRTH) (618017) (-) (-)",Ministry of Road Transport & Highways,Roads & Highways,Chhattisgarh,7/1/2024,1/1/2026,286,78.7,60,27.5175,286,0,0,0,12/1/2026,334,10.97,1
618018,Upgradation of Bilaspur-Takhatpur-Mungeli-Pandariya-Pondi Road on N.H.-130A Package IIIA Takhatpur By-pass from existing Ch. 26.542 to 32.093 [Design Ch. 18.700 to 25.900] & Mungeli By-pass from existing Ch. 45.786 to 56.275 [Design Ch. 29.600 to 51.600] and Package IIIB Pandariya By-Pass from existing Ch. 82.582 to 87.133 [Design Ch. 77.900 to 81.1000 & Pondi By-pass from existing Ch. 103.166 to 104.756 [Design Ch. 97.000 to 103.395] to two lane with paved shoulder configuration in the (MoRTH) (618018) (-) (-),Ministry of Road Transport & Highways,Roads & Highways,Chhattisgarh,1/1/2024,7/1/2025,351.19,11.48,11,3.2689,351.19,0,0,0,12/1/2026,518,17.02,1
618019,Upgradation & widening of Jharkheda- Berasia - Dholkhedi from design km 0000 to km 87900 Design length 87.90km of NH-346 including 3 nos. bypasses of 13.10 Km in the State of Madhya Pradesh under EPC mode. (MoRTH) (618019) (N24001964) (-),Ministry of Road Transport & Highways,Roads & Highways,Madhya Pradesh,5/1/2023,5/1/2025,365.21,0,88,0,365.21,0,0,0,6/1/2026,396,13.01,1
618021,Up-gradation of Pichhore- Dinara section of NH-346 from Km 292.750 to 334.550 to two lane with paved shoulders in the state of Madhya Pradesh on EPC mode (MoRTH) (618021) (-) (-),Ministry of Road Transport & Highways,Roads & Highways,Madhya Pradesh,12/1/2025,6/1/2027,425.97,0,29.74,0,425.97,0,0,0,6/1/2027,0,0,0
618022,Upgradation to two lane with paved Shoulder Configuaration from Km. 0/00 to 47/000 of NH 351 Mahuva to Badhada section in the State of Gujarat (MoRTH) (618022) (N24002118) (-),Ministry of Road Transport & Highways,Roads & Highways,Gujarat,2/1/2024,8/1/2025,173.06,22.53,67,13.0186,219.08,46.02,26.5919,1,12/1/2026,487,16,1
618023,Work of Widening/upgradation of 2-Lane with paved shoulder of Sri Muktsar Sahib to Malout road from Km 279.400 to Km 307.060 section of NH-354 in the State of Punjab on EPC mode. Job No. NH-354-PB-2021-22-555 (MoRTH) (618023) (N24001961) (-),Ministry of Road Transport & Highways,Roads & Highways,Punjab,10/1/2023,4/1/2025,152.58,0,100,0,152.58,0,0,0,3/1/2026,334,10.97,1
618024,Up-gradation to two lane with paved shoulder configuration of NH-354 Section Arifkes- Ferozepur-Muktsar-Malaut from Km 201.500 to Km 212.500 & Km 229.690 to Km 269.960 and strengthening of existing pavement from Km 212.500 to Km 229.690 excluding Km 218.500 to 223.690 of NH-354 on EPC Mode in the State of Punjab. Job No. NH-354-PB-2020-21-532 (MoRTH) (618024) (N24001960) (-),Ministry of Road Transport & Highways,Roads & Highways,Punjab,10/1/2023,4/1/2025,263.19,0,83,0,263.19,0,0,0,6/1/2026,426,14,1
618025,Rehabiitation and upgradation from km 121/000 to 154/000 Nakrekal to Mallampally section of NH-365 to 2 lane with paved shoulders in the state of Telangana in the EPC mode (MoRTH) (618025) (N24000997) (-),Ministry of Road Transport & Highways,Roads & Highways,Telangana,6/1/2018,12/1/2019,192.67,141.81,96,73.6025,192.67,0,0,0,8/1/2026,2435,80,1
618026,Rehabilitation and upgradation to two lane with paved shoulders from Km 0/000 to 72/6 of NH-365 Nakrekal to Tanamcherla section under NHDP IV in the state of Telangana under EPC mode (MoRTH) (618026) (N24000996) (10165),Ministry of Road Transport & Highways,Roads & Highways,Telangana,11/1/2017,10/1/2019,605.08,585.2,99.9,96.7145,605.08,0,0,0,5/1/2026,2404,78.98,1
618027,Widening to 2LPS from Km 71.00 to 104.00 Existing chainages Sarjapur to Pattadkallu on Bhanapur to Gaddanakeri section NH-367 in the State of Karnataka under NHO on EPC mode under Annual Plan 2022-23 NH-367-KNT-2022-23-972 dated 08.02.2023 (MoRTH) (618027) (-) (-),Ministry of Road Transport & Highways,Roads & Highways,Karnataka,3/1/2024,3/1/2026,445.62,0,85,0,445.62,0,0,0,12/1/2026,275,9.03,1
618028,"Construction of Bypass at Kuknoor, Yelburga, Gajendragada of Bhanapur Gaddanakeri section of NH-367 in the State of Karnataka under NHO on EPC mode under Annual Plan 2022-23. NH-367-KNT-2022-23-973 dated 08.02.2023 (MoRTH) (618028) (-) (-)",Ministry of Road Transport & Highways,Roads & Highways,Karnataka,6/1/2025,6/1/2027,333.96,48.88,31,14.6365,333.96,0,0,0,6/1/2027,0,0,0
618029,Widening to 4 lane from Km. 133.00 to 158.04 design Chainage Km. 130.88 to 155.145 Shirur Cross to Gaddankeri of NH-367 in the State of Karnataka on EPC mode. Job No. NH-367-KNT-2021-22-930 (MoRTH) (618029) (N24001941) (-),Ministry of Road Transport & Highways,Roads & Highways,Karnataka,1/1/2023,1/1/2025,350.69,191.38,81.62,54.5724,312.06,-38.63,-11.0154,0,3/1/2027,789,25.92,1
618030,Widening to 2 lane with paved shoulder from Km. 103.225 Pattadakal to Km. 133.00 Shirur cross of NH-367 in the state of Karnataka on EPC Mode.Job No. NH-367-KNT- 2021-22-934 (MoRTH) (618030) (N24001940) (-),Ministry of Road Transport & Highways,Roads & Highways,Karnataka,11/1/2022,5/1/2024,264.14,3.58,0,1.3553,264.14,0,0,0,12/1/2026,944,31.01,1
618031,Balance work of Construction of Two/Four lane with paved shoulder from Km 422.000 to 523.600 Chitradurga to Shivamogga of NH-13 in the state of Kanataka on EPC mode. (MoRTH) (618031) (N24002011) (10166),Ministry of Road Transport & Highways,Roads & Highways,Karnataka,12/1/2021,12/1/2025,516.96,105.08,98,20.3265,516.96,0,0,0,8/1/2026,243,7.98,1
618033,4-Laning of Itanagar to Bandardewa section of NH-415from km 40430 to km 51735 Package-Bon EPC Mode in the state of Arunachal Pradesh Job NO. 415/Ar. P/2020-21/031 (MoRTH) (618033),Ministry of Road Transport & Highways,Roads & Highways,Arunachal Pradesh,12/1/2021,12/1/2024,496.47,165.43,51.37,33.3212,496.47,0,0,0,7/1/2026,577,18.96,1
618034,Construction of 2 lane Barpeta Bypass from Km 77900Baradi to Km 86150 Deurikuchi Length8.25Km on NH-427 in the state of Assam under EPC ModeJob No.427/AS/2022-23/245 (MoRTH) (618034),Ministry of Road Transport & Highways,Roads & Highways,Assam,2/1/2025,8/1/2026,173.65,8.07,20,4.6473,173.65,0,0,0,8/1/2026,0,0,0
618035,Rehabilitation & Upgradation of existing intermediate lane to two Lane with paved shoulder from km. 0.600 Gulganj bypass on NH-34 to km. 43.00 Barna River length 42.400 km. on Gulganj-Amanganj-Pawai-Katni NH43 Extn. in the state of Madhya Pradesh on EPCmode. (MoRTH) (618035) (-) (-),Ministry of Road Transport & Highways,Roads & Highways,Madhya Pradesh,11/1/2024,5/1/2026,275.4,0,53,0,275.4,0,0,0,12/1/2026,214,7.03,1
618036,Upgradation and reconstruction of existing intermediate lane to two Lane with paved shoulder configuration from km. 43.00 Barna River to km. 77.00 ken river length 34.00 km. on Gulganj-Amanganj-Pawai-Katni NH43 Extn. along with One time improvement in 01 no. of bypassed built-up area in a total length of 1.585 km in the state of Madhya Pradesh on EPCmode. (MoRTH) (618036) (-) (-),Ministry of Road Transport & Highways,Roads & Highways,Madhya Pradesh,11/1/2024,11/1/2026,315.55,0,25.3,0,315.55,0,0,0,11/1/2026,0,0,0
618037,Rehabilitation and Up-gradation of existin of road from 2-lane to 2-lane with paved shoulders from km. 0.00 to km 53.590 total length-53.590 km of Raychoti to Vempalli section of NH-440 in the State of Andhra Pradesh on EPC mode. (MoRTH) (618037) (N24001934) (-),Ministry of Road Transport & Highways,Roads & Highways,Andhra Pradesh,5/1/2022,5/1/2024,439.82,199.72,82,45.4095,359.52,-80.3,-18.2575,0,6/1/2026,761,25,1
618038,Construction of Shopian Bypass on NH-444 taking off from existing chainage Km 36500 and re-joining at km 47588 of existing Chainage New Design Ch. From km 28000 to km 36925 as 2- lane with paved shoulder in the UT of Jammu & Kashmir on EPC mode. (MoRTH) (618038) (-) (-),Ministry of Road Transport & Highways,Roads & Highways,Jammu and Kashmir,1/1/2026,1/1/2028,224.44,0,3,0,224.44,0,0,0,,,,
618039,Widening to 2 Lane from Existing Chainage Km 74.700 Km 100.660 Design Chainage Km 53.365 to Km 78.785 on NH- 507 in the State of Uttarakhand. (MoRTH) (618039) (-) (-),Ministry of Road Transport & Highways,Roads & Highways,Uttarakhand,10/1/2025,4/1/2028,346.82,0,30.29,0,346.82,0,0,0,,,,
618040,Rehabilitation and Upgradation to Two lanes with Paved Shoulders configuration and Strengthening from Km 175.00 to Km 196.00 Gumkhal to Satpuli of NH-119 New NH- 534 in the State of Uttarakhand under NHO Annual Plan 2021-22 under EPC mode (MoRTH) (618040) (-) (-),Ministry of Road Transport & Highways,Roads & Highways,Uttarakhand,1/1/2025,1/1/2027,452.81,0,42,0,452.81,0,0,0,,,,
618041,Rehabilitation and upgrading to two lanes with paved shoulders and Strengthening of Kotdwar-Pauri-Srinagar road section from Km 232.00 to 274.470 on NH-119 New 534 Paidul to Srinagar in the State of Uttarakhand on EPC Mode under NHO Annual Plan 2021-22. (MoRTH) (618041) (-) (-),Ministry of Road Transport & Highways,Roads & Highways,Uttarakhand,12/1/2025,12/1/2027,299.31,0,2,0,299.31,0,0,0,,,,
618042,"Rehabilitation/ Upgradation of existing Highway to four lane standards in Kurkheda town from km.413257 to km 410775, Two lane in Shankarpur Gurnuli km 42400 to km 43100 section and Reconstruction of Major Bridge at Ch. 448558 Bhuti Nallah and Ch. 411695 Sati River bridge, Minor Bridge at Ch. 411477 and Ch. 405800 Lendhari Bridge of NH 543 Bhamhapuri-wadsa-kurkheda-korchi-Deori-Amgaon road on EPC mode in the State of Maharashtra (MoRTH) (618042) (N24002170) (-)",Ministry of Road Transport & Highways,Roads & Highways,Maharashtra,11/1/2023,5/1/2025,163.86,0,42.78,0,163.86,0,0,0,12/1/2026,579,19.02,1
618044,Upgradation of Shahdol- Sagartola Section of NH 543 from km 0000 to km 69400 to 2 lane with paved shoulders under Hybrid Annuity Mode HAM in the State of Madhya Pradesh (MoRTH) (618044) (-) (12152),Ministry of Road Transport & Highways,Roads & Highways,Madhya Pradesh,3/1/2026,3/1/2028,851.4,0,0,0,851.4,0,0,0,,,,
618045,"Construction of Mihona bypass, Lahar bypass, Daboh bypass & Bhander Bypass total length 20.60 km to 2-lane with paved shoulder from on Mihona-Bhander-MP/UP border section of NH 552E in the State of Madhya Pradesh on EPC mode (MoRTH) (618045) (N24001962) (-)",Ministry of Road Transport & Highways,Roads & Highways,Madhya Pradesh,6/1/2023,12/1/2024,179.18,71.77,67,40.0547,179.18,0,0,0,,,,
618046,Rehabilitation & Up-gradation of Sabalkhed to Ashti Section from Km 37900 to Km 55100 & Chinchpur to Jamkhed Section from km 70000 to km 72922 of NH-561 to Two lane with Paved shoulder/ Four lane configuration in the State of Maharashtra on EPC Mode Length20.122km. (MoRTH) (618046) (N24001902) (-),Ministry of Road Transport & Highways,Roads & Highways,Maharashtra,4/1/2023,9/1/2024,213.33,0,95.88,0,213.33,0,0,0,,,,
618047,"Widening, Reconstruction & Up-gradation to 2 lane with Paved Shoulder/Four Lane configuration for the work of Ahmednagar to Sabalkhed & Ashti to Chinchpur Section of NH-561 from Design km 2915 to km 37728 & Design km 55100 to km 70000 in the State of Maharashtra on EPC mode. Length 49.713 km (MoRTH) (618047) (-) (10168)",Ministry of Road Transport & Highways,Roads & Highways,Maharashtra,5/1/2025,5/1/2027,657.16,0,79.44,0,657.16,0,0,0,5/1/2027,0,0,0
618049,Up-gradation to 2/4 lane with paved shoulder configuration of NH-652 from Tuljapur Naldurg-Akkalkot road Chainage from Km. 00.000 to km 30.982 in the State of Maharashtra on EPC mode. (MoRTH) (618049) (-) (-),Ministry of Road Transport & Highways,Roads & Highways,Maharashtra,1/1/2025,7/1/2026,183.41,64.87,95,35.3688,183.41,0,0,0,7/1/2026,0,0,0
618050,Rehabilitation and Upgradation to 2-lane/Intermediate lane configuration of Ashyari- Shri Kyari Section km 50.000 to km 75.000 of NH-707 in the state of Himachal Pradesh under Green National Highways Corridor Project GNHCP with the loan assistance of World Bank on EPC mode. (MoRTH) (618050) (N24001422) (-),Ministry of Road Transport & Highways,Roads & Highways,Himachal Pradesh,9/1/2021,9/1/2023,345.89,146.64,98.16,42.395,359.56,13.67,3.9521,1,11/1/2024,427,14.03,1
618052,Gorantla - Hindupur section from Km 120/300 to 165/000 of NH716G in the State of Andhra Pradesh (MoRTH) (618052) (-) (10169),Ministry of Road Transport & Highways,Roads & Highways,Andhra Pradesh,8/1/2025,8/1/2027,808.7,0,18.72,0,808.7,0,0,0,8/1/2027,0,0,0
618053,Muddanur to B. Kothapalli section of NH-716G from Km. 0/000 to Km. 56/500 56.500 Km in the State of Andhra Pradesh on EPC mode Job no. 741 (MoRTH) (618053) (-) (10170),Ministry of Road Transport & Highways,Roads & Highways,Andhra Pradesh,8/1/2025,8/1/2027,1019.97,0,26.07,0,1019.97,0,0,0,8/1/2027,0,0,0
618054,Construction of Balrampur bypass with 2L flexible pavement configuration from km.223.000 of NH-330 to km.328.300 of NH-730 under EPC mode (MoRTH) (618054) (N24002150) (10171),Ministry of Road Transport & Highways,Roads & Highways,Uttar Pradesh,8/1/2024,2/1/2026,515.69,118.71,52,23.0196,515.69,0,0,0,8/1/2026,181,5.95,1
618055,Construction of Pratapgarh Bypass Extension connecting NH-31 to NH-330 on EPC mode in the State of Uttar Pradesh. (MoRTH) (618055) (N24002016) (-),Ministry of Road Transport & Highways,Roads & Highways,Uttar Pradesh,1/1/2024,6/1/2025,225.17,0,73,0,225.17,0,0,0,9/1/2026,457,15.01,1
618056,Improvement and Up-gradation to two Lane with Paved Shoulder Configuration from existing km. 420.00 Shohrathgarh to km. 454.00 Uska Bazar of NH-730 in the state of Uttar Pradesh EPC basis (MoRTH) (618056) (N24002121) (-),Ministry of Road Transport & Highways,Roads & Highways,Uttar Pradesh,3/1/2024,9/1/2025,509.65,106.67,56,20.9301,484.42,-25.23,-4.9505,0,12/1/2026,456,14.98,1
618057,Construction of Shohratgarh Bypass on NH-730 under EPC mode in the State of Uttar Pradesh (MoRTH) (618057) (N24001997) (-),Ministry of Road Transport & Highways,Roads & Highways,Uttar Pradesh,11/1/2023,5/1/2025,189.31,0,50,0,189.31,0,0,0,12/1/2026,579,19.02,1
618060,Widening and Strengthening of existing paveemnt to two lane with paved shoulders from km 116.00 to km 176.355 of NH-75E in the State of Jharkhand on EPC mode. (MoRTH) (618060) (N24001923) (-),Ministry of Road Transport & Highways,Roads & Highways,Jharkhand,1/1/2023,7/1/2024,315.21,129.54,87,41.0964,315.21,0,0,0,7/1/2026,730,23.98,1
618061,"Strengthening, Widening & Up-gradation of newly declared NH-761 from NH- 61Junction-BelheAlkutiDevibhoyareNighojShirur, from Design chainage Km 0.000 to Km 37.970 from Single/Intermediate/2L to 2LPS in the State of Maharashtra on EPC Mode Length 37.970 Km (MoRTH) (618061) (-) (-)",Ministry of Road Transport & Highways,Roads & Highways,Maharashtra,3/1/2025,9/1/2026,386.16,30.86,58.42,7.9915,386.16,0,0,0,9/1/2026,0,0,0
618062,Dornala to Kunta Junction from Design Chainage Km 244000 to 267990 section of NH-765 Package-2 (MoRTH) (618062) (N24002147) (-),Ministry of Road Transport & Highways,Roads & Highways,Andhra Pradesh,3/1/2024,9/1/2025,244.83,0,99.64,0,244.83,0,0,0,1/1/2026,122,4.01,1
618063,Widening & Strenghteningof section from Bharthana chowk to Kodarkoot km.0.00 to km.40.00 of NH-91-A on EPC mode (MoRTH) (618063) (N24001587) (-),Ministry of Road Transport & Highways,Roads & Highways,Uttar Pradesh,3/1/2023,9/1/2024,262.37,115.39,92,43.9799,343.77,81.4,31.0249,1,9/1/2026,730,23.98,1
618064,Up-gradation of NH-930 Sherpar to Kohka from Km.67880 to Km.114860 to 2LPS in Chhattisgarh under EPC mode (MoRTH) (618064) (N24001917) (-),Ministry of Road Transport & Highways,Roads & Highways,Chhattisgarh,5/1/2022,5/1/2024,278.97,201.05,90,72.0687,278.97,0,0,0,,,,
618065,"Rehabilitation/Upgradation of existing Highway to 2LPS/4 lane of Dhawali to Rajoli from Design Km.149476 to 163476 existing Km.150000 to 164000, Pandhasala to Mohadongri from design Km.170476 to 181476 existing Km.171000 to 182000, Ambeshivni Fata to Bodli from design Km.183476 to 185476 existing Km.184000 to 186000 and Made Tukum to Gadchiroli from design Km.188476 to 189476 existing Km.188000 to 18900 having length 28 km of NH-930 of Dhawali to Gadchroli road in the (MoRTH) (618065) (N24002169) (-)",Ministry of Road Transport & Highways,Roads & Highways,Maharashtra,3/1/2024,9/1/2025,316.44,0,37,0,316.44,0,0,0,8/1/2026,334,10.97,1
618066,Construction of Amethi bypass Part-II at km.30.050 of NH-931 under EPC mode in the state of Uttar Pradesh (MoRTH) (618066) (N24002214) (-),Ministry of Road Transport & Highways,Roads & Highways,Uttar Pradesh,2/1/2025,2/1/2027,283.86,31.97,44,11.2626,283.86,0,0,0,2/1/2027,0,0,0
618067,"Rehabilitation & Up-gradation from design Km. 0.000 to Km. 69.280 of NH-931 Pratapgarh - Amethi - Gauriganj -Musafirkhana to two lane with paved shoulder on Engineering, Procurement & Construction EpC mode in the State of Uttar Pradesh (MoRTH) (618067) (-) (10172)",Ministry of Road Transport & Highways,Roads & Highways,Uttar Pradesh,11/1/2025,11/1/2027,1086.3,0,5,0,1086.3,0,0,0,11/1/2027,0,0,0
618068,"Construction of Kaithi-Padaria Kala bypass, Patna-Tamoli bypass, Jaso bypass and Nagod bypass total length 15.44 Km to 2-lane with paved shoulders flexible pavement on NH-943 in the State of Madhya Pradesh on EPC Mode. (MoRTH) (618068) (N24002020) (-)",Ministry of Road Transport & Highways,Roads & Highways,Madhya Pradesh,10/1/2023,10/1/2025,158.36,0,60,0,158.36,0,0,0,12/1/2026,426,14,1
618069,Upgradation to Two-lane with paved shoulder of Hanumangarh to Kenchiyan section from Km 0.000existing chainage-Km 23.200 to Km 49.605existing chainage-Km 74.645 of NH-54 in the State of Rajasthan on EPC mode. (MoRTH) (618069) (N24002167) (-),Ministry of Road Transport & Highways,Roads & Highways,Rajasthan,10/1/2024,10/1/2026,334.64,0,68,0,334.64,0,0,0,10/1/2026,0,0,0
618070,Widening to 2 Lanes with paved shoulders from Km.87/000 to 133/720 Nattukal to Thanau Jn. in Palakkad of NH-966 Old NH-213 on EPC mode Basis under NHO Annual Plan 2016-17 in the state of Kerala (MoRTH) (618070) (N24001369) (-),Ministry of Road Transport & Highways,Roads & Highways,Kerala,8/1/2017,8/1/2019,294.28,0,98,0,315.63,21.35,7.255,1,6/1/2026,2496,82,1
618071,Construction of two lane with paved shoulder Gangtok Bypass Road from Ranipool to Burtuk Ch 0.00 Km to 23.316 L23.316 Km in the State of Sikkim (MoRTH) (618071),Ministry of Road Transport & Highways,Roads & Highways,Sikkim,5/1/2022,5/1/2024,385.15,0,90,0,342.89,-42.26,-10.9723,0,8/1/2026,822,27.01,1
618072,Widening to Existing single lane /intermediate lane to 2 lane from Km185.00 to Km 220.00 of NH-61 New NH-02 in the state of Nagaland. (MoRTH) (618072),Ministry of Road Transport & Highways,Roads & Highways,Nagaland,7/1/2022,7/1/2024,297.25,149.19,100,50.1901,297.25,0,0,0,3/1/2026,608,19.98,1
618073,Improvement to Two lane with Paved Shoulder from Junction of NH22 near Hajipur to Junction of NH -122 at Bachhwara via Mahnar and Mohiuddin Nagar from Km 0.00 to Km 29.730 of NH 122 B in the State of Bihar. (MoRTH) (618073) (N24002197) (-),Ministry of Road Transport & Highways,Roads & Highways,Bihar,8/1/2024,2/1/2026,226.16,0,50,0,226.16,0,0,0,12/1/2026,303,9.95,1
618074,Pre construction activity of NH 122B from km 0 to 72.348 and Improvement to two lane with paved shoulders of NH 122B from km 29.730 to km 72.348 in state of Bihar under EPC mode (MoRTH) (618074) (N24001870) (10173),Ministry of Road Transport & Highways,Roads & Highways,Bihar,5/1/2023,11/1/2024,624.43,153.21,94,24.536,624.43,0,0,0,6/1/2026,577,18.96,1
618075,Construction of two lane with paved shoulder from existing Km.0.000 to Km.55.610 design km. 0.000 to km. 54.048 of NH-124D (MoRTH) (618075) (N24002031) (10174),Ministry of Road Transport & Highways,Roads & Highways,Uttar Pradesh,2/1/2024,2/1/2026,840.93,185.58,71,22.0684,773.58,-67.35,-8.009,0,9/1/2026,212,6.97,1
618076,Improvement and Widening two lannig with paved Shoulder of NH 127B from km 31.500 Goeragre to km 63.224 Package-II in state of Meghalaya (MoRTH) (618076),Ministry of Road Transport & Highways,Roads & Highways,Meghalaya,5/1/2025,5/1/2027,504,0,2.5,0,350.67,-153.33,-30.4226,0,,,,
618078,Up-gradation of NH-130C Abhanpur to Paund from NH Km. 0000 to KM 40380 to two lane with paved shoulders in the State of Chhattisgarh on EPC mode. (MoRTH) (618078) (N24001919) (-),Ministry of Road Transport & Highways,Roads & Highways,Chhattisgarh,3/1/2022,9/1/2023,193.16,97.78,85,50.6212,193.16,0,0,0,2/1/2026,884,29.04,1
618079,Construction of Dharmagarh Bypass on NH-130C including land acquisition in the state of Odisha on EPC Mode under Annual plan 2022-23. (MoRTH) (618079) (-) (-),Ministry of Road Transport & Highways,Roads & Highways,Odisha,4/1/2025,10/1/2026,172.66,0,15,0,172.66,0,0,0,10/1/2026,0,0,0
618081,Construction of Mariahu Bypass with four lane paved shoulder configuration Km. 53.540 to Km.59.200 of NH-135A on EPC mode in the state of Uttar Pradesh (MoRTH) (618081) (N24002115) (-),Ministry of Road Transport & Highways,Roads & Highways,Uttar Pradesh,2/1/2024,2/1/2026,438.24,0,52,0,362.39,-75.85,-17.3079,0,9/1/2026,212,6.97,1
618082,Widening & Upgradation to four lane configuration from Km.34.900 Bhadohi to km.73.134 Jaunpur of NH-135A on EPC mode (MoRTH) (618082) (N24001479) (-),Ministry of Road Transport & Highways,Roads & Highways,Uttar Pradesh,11/1/2022,5/1/2024,395.62,0,94,0,392.03,-3.59,-0.9074,0,9/1/2026,853,28.02,1
618083,Construction of byepass around Lohardaga town of NH-143A in the Sate of Jharkhand under EPC mode. (MoRTH) (618083) (-) (-),Ministry of Road Transport & Highways,Roads & Highways,Jharkhand,1/1/2024,1/1/2026,458.78,0,5,0,458.78,0,0,0,9/1/2026,243,7.98,1
618084,Widening to 2-lane with paved shoulder from km 0.00 to 44.00 Kuru-Ghaghra section of NH-143A including re-construction of culverts and bridges. (MoRTH) (618084) (N24001922) (-),Ministry of Road Transport & Highways,Roads & Highways,Jharkhand,8/1/2021,8/1/2023,153.01,85.59,95,55.9375,133.67,-19.34,-12.6397,0,6/1/2026,1035,34,1
618085,Upgradation of Nasrullagani-Rehti-Budhni Scction to 2-lane with paved shoulder from Km 0150 to Km 50500 of NH-146B in the state of Madhya Pradesh on EPC mode. (MoRTH) (618085) (N24001963) (-),Ministry of Road Transport & Highways,Roads & Highways,Madhya Pradesh,4/1/2023,10/1/2024,305.12,0,78,0,293.74,-11.38,-3.7297,0,6/1/2026,608,19.98,1
618086,"Widening to Two Lane with Paved Shoulders from KB Cross to Chunchanahalli ie., Design Ch. 485240 Km Existing Km 494.000 to Design Ch. 523393 Km Existing km 533.152 & From Design Ch. 530393 Existing Km 540.175 to Design Ch. 534476 Existing Km 544.200 at Nelligere of NH-150A on EPC mode under Annual Plan 2022-23 NH-150A-KNT-2022-23-977 dated 08.03.2023 (MoRTH) (618086) (-) (10175)",Ministry of Road Transport & Highways,Roads & Highways,Karnataka,7/1/2025,1/1/2027,617.28,4.72,47.7,0.7646,617.28,0,0,0,1/1/2027,0,0,0
618087,Widening to intermediate/two lane to 2 lane with paved shoulder from Existing chanages Km 112.750 to 142.00 Liingasur to Mudabal cross & from Km. 147.070 to Km. 149.070 Maski city limit of Jewargi Chamrajnagar setion of NH-150A in the state of Karnataka on EPC mode. Job No. NH-150A-KNT-2021-22-951 (MoRTH) (618087) (N24001944) (-),Ministry of Road Transport & Highways,Roads & Highways,Karnataka,1/1/2023,7/1/2024,255.88,179.66,96,70.2126,255.88,0,0,0,8/1/2026,761,25,1
618088,Nandurshingote to Kolhar (MoRTH) (618088) (-) (-),Ministry of Road Transport & Highways,Roads & Highways,Maharashtra,6/1/2025,12/1/2026,325.79,22.7,27,6.9677,325.79,0,0,0,12/1/2026,0,0,0
618089,Rehabilitation & Up-gradation of Mudkhed to Nanded section from Km. 372000 to Km 388400 of NH 161A i.e. Nanded-Bhokar-Himayatnagar-Kinwat-Mahur-Arani Road Design chainage from Km 372000 Mudkhed to Km 387650 Nanded of NH 161A Length 15.65 Km to 2/4Lane with paved shoulders configuration in the State of Maharashtra on EPC mode. (MoRTH) (618089) (N24001903) (-),Ministry of Road Transport & Highways,Roads & Highways,Maharashtra,4/1/2023,4/1/2025,206.54,0,65.14,0,206.54,0,0,0,6/1/2026,426,14,1
618090,Sarsam - Kothari of NH-161A - 2L PS from Km.33/00 to 90/00 (MoRTH) (618090) (N24001002) (10176),Ministry of Road Transport & Highways,Roads & Highways,Maharashtra,6/1/2017,6/1/2019,545.64,0,97.25,0,545.64,0,0,0,11/1/2025,2345,77.04,1
618091,Widening to two lane with paved shoulders from Km 0/000 to Km 45/946 of Nizampet- Narayankhed-bidar section of NH-161B in the state of Telangana under Annual Plan 2021-22 on EPC mode under NHO (MoRTH) (618091) (-) (10177),Ministry of Road Transport & Highways,Roads & Highways,Telangana,2/1/2024,2/1/2026,512.98,117.6,41.97,22.9249,512.98,0,0,0,3/1/2027,393,12.91,1
618092,Up-gradation to 2 lane with paved shoulder from Neechli Oden Nathdwara at Design Km 88.800 existing km 55.95 to Bhatewar at Design Km 142.028 existing km 0.00 of NH-162E in the State of Rajasthan on EPC mode. (MoRTH) (618092) (N24002168) (10178),Ministry of Road Transport & Highways,Roads & Highways,Rajasthan,10/1/2024,10/1/2026,606.61,0,55.23,0,606.61,0,0,0,10/1/2026,0,0,0
618093,Up-gradation to 2 lane with Paved shoulder from Charbhuja at Design km 0.00 existing km 150.00 to Neechli Oden Nathdwara at Design ch. Km 88.800 existing km 55.950 of NH-162E on EPC mode. (MoRTH) (618093) (N24001927) (10179),Ministry of Road Transport & Highways,Roads & Highways,Rajasthan,9/1/2023,9/1/2025,838.43,55.04,0,6.5647,838.43,0,0,0,,,,
618094,Pen to Khopoli 2LPS (MoRTH) (618094) (N24001106) (-),Ministry of Road Transport & Highways,Roads & Highways,Maharashtra,6/1/2018,12/1/2019,369.39,330.37,86.3,89.4366,369.39,0,0,0,12/1/2025,2192,72.02,1
618095,Widening to Two Lane with Paved Shoulders from Km 0.00 Design Chainage 0.00 to Km 23.338 Design Chainage 23310 of NH-166E MH/KNT Border- Kanamadi- Bijjargi- Tikota section in the state of Karnataka in EPC Mode under Annual plan 2022-23 NH- 166E-KNT-2022-23-974 (MoRTH) (618095) (-) (-),Ministry of Road Transport & Highways,Roads & Highways,Karnataka,9/1/2024,3/1/2026,196.05,0,71,0,196.05,0,0,0,3/1/2027,365,11.99,1
618096,Rehabilitation and Up-gradation to 2 lane road with paved shoulders configuration for the balance work of 13 km length on Helwak-Patan-Karad section Km. 85000 to 133 417 of NH-166E in the state of Maharashtra on EPC mode. (MoRTH) (618096) (-) (-),Ministry of Road Transport & Highways,Roads & Highways,Maharashtra,10/1/2024,4/1/2026,181.45,0,87,0,181.45,0,0,0,12/1/2026,244,8.02,1
618097,Guhagar - Rampur - 2L-PS - km 0/00 Guhagar to 26/230 Rampur and 40/00 Mirjoli to 53/600 Sati on NH-166E (MoRTH) (618097) (N24001057) (-),Ministry of Road Transport & Highways,Roads & Highways,Maharashtra,6/1/2017,6/1/2019,407.2,0,91.89,0,407.2,0,0,0,8/1/2025,2253,74.02,1
618098,"Upgradation of exhisting 2 lane flexible pavement to 2 lane paved shoulders rigid pavement from design chainage Km 66.00 to Design Km 82.440 Start of Kolhapur Municipal corporation near Phulewadi to kale, design length 16.440 Km section on Talere Gaganbawada-Kolhapur road NH 166G in the state of Maharashtra on EPC mode (MoRTH) (618098) (N24001908) (-)",Ministry of Road Transport & Highways,Roads & Highways,Maharashtra,11/1/2022,5/1/2024,167.97,0,93.75,0,167.97,0,0,0,3/1/2026,669,21.98,1
618099,"Rehabilitation & up-gradation for Talere Gaganbawada - kolhapur Road NH 166G stretch start from km. 0/00 to Km. 06/00 and km. 13/00 to km 19/440 of NH-166G, length 12.440 km in the State of Maharashtra. (MoRTH) (618099) (-) (-)",Ministry of Road Transport & Highways,Roads & Highways,Maharashtra,10/1/2024,4/1/2026,164.13,98.68,100,60.1231,164.13,0,0,0,4/1/2026,0,0,0
618101,Kondamodu to Perecherla Section Design Ch. Km 000 to Km 49917 of NH-167AG to to 4LPS (MoRTH) (618101) (-) (10181),Ministry of Road Transport & Highways,Roads & Highways,Andhra Pradesh,4/1/2025,4/1/2027,881.61,0,37.95,0,881.61,0,0,0,4/1/2027,0,0,0
618103,Rehabilitation and upgradation from Km 22300 to 58635 of MudireddyPalle to Kadapa/Nellore Border via porumamilla Section of NH 167 Two Lane with paved Shoulder in (MoRTH) (618103) (-) (-),Ministry of Road Transport & Highways,Roads & Highways,Andhra Pradesh,10/1/2024,4/1/2026,279.29,159.13,90.33,56.9766,279.29,0,0,0,6/1/2026,61,2,1
618104,Widening to two lane with paved shoulders from Km 0/000 to Km 79/300 of Kalwakurthy - Kollapur section of NH-167K in the state of Telangana under annual plan 2021-22 on EPC mode under NHO. (MoRTH) (618104) (N24002007) (10183),Ministry of Road Transport & Highways,Roads & Highways,Telangana,7/1/2023,7/1/2025,886.69,584.84,86.74,65.9577,886.69,0,0,0,7/1/2026,365,11.99,1
618105,Widening and strengthening to 4 lane / 2-lane with paved shoulders of Mahabubnagar - Chincholi section from km 60/255 to Km 102/834 of NH-167N in the State of Telangana on EPC mode. (MoRTH) (618105) (N24002010) (10184),Ministry of Road Transport & Highways,Roads & Highways,Telangana,10/1/2023,10/1/2025,631.49,92.56,30.8,14.6574,631.49,0,0,0,11/1/2026,396,13.01,1
618106,Widening and Strengthening to 2/4 lane with paved shoulders of Mahabubnagar Chincholi section from Km 0/0 to Km 60/255 of NH-167N in the state of Telangana under Annual plan 2021-22 on EPC modepackage-I under NHO Job No.167N-TS- 2021-22-75 (MoRTH) (618106) (N24002009) (10185),Ministry of Road Transport & Highways,Roads & Highways,Telangana,1/1/2023,1/1/2025,703.68,279.83,90.69,39.7667,703.68,0,0,0,5/1/2026,485,15.93,1
618108,Up-gradation and strengthening to 2lanePS from Km 95/500 to km 129/775 of Nh 168G Idar-Bhiloda-Samlaji in the state of Gujarat Length 34.275 km (MoRTH) (618108) (N24002014) (-),Ministry of Road Transport & Highways,Roads & Highways,Gujarat,12/1/2023,12/1/2025,237.28,0,63,0,237.28,0,0,0,12/1/2026,365,11.99,1
618109,Widening to 4 lane from Km 51.60 to 76.20 Hebri to Parkala and from Km 85.20 to 88.90 Karavali junction to Malpe of Thirthahalli-Udupi-Malpe Section of NH-169A in the State of Karnataka on EPC Mode under Annual plan 2021-22 Job No. NH-169A- KNT-2021-22-927 (MoRTH) (618109) (N24001948) (-),Ministry of Road Transport & Highways,Roads & Highways,Karnataka,12/1/2022,12/1/2024,355.72,184.79,88.33,51.9482,355.72,0,0,0,11/1/2026,700,23,1
618110,Improvement and upgradation to two lane with Paved Shoulder configuration from existing km 55.00 to km 90.00 Design length 34.76 of NH-227A near Chhapia Village to near Sikriganj in the State of UP on EPC Mode. (MoRTH) (618110) (N24001469) (-),Ministry of Road Transport & Highways,Roads & Highways,Uttar Pradesh,11/1/2022,5/1/2024,307.11,125.88,0,40.9886,307.11,0,0,0,7/1/2025,426,14,1
618111,Improvement and upgradation to two lane with paved shoulder configuration from existing km 90.00 to 130.00 Design length 39.15 of NH-227A near Sikriganj to Barhalganj in the State of UP on EPC Mode. (MoRTH) (618111) (N24002015) (-),Ministry of Road Transport & Highways,Roads & Highways,Uttar Pradesh,12/1/2023,6/1/2025,403.36,0,94,0,345.34,-58.02,-14.3842,0,6/1/2026,365,11.99,1
618112,"Improvement and up-gradation of NH-227B 84 Kosi Parikrama Marg Package I, from km 228.920 Jagarnathpur to Km 235.960/0.000 MakhaudaDham to Km 29.000 Sarpur in the State of Uttar Pradesh on EPC basis (MoRTH) (618112) (N24002240) (10186)",Ministry of Road Transport & Highways,Roads & Highways,Uttar Pradesh,5/1/2025,11/1/2026,912.5,1.9,4,0.2082,912.5,0,0,0,11/1/2026,0,0,0
618113,"Improvement and up-gradation of NH-227B 84 Kosi Parikrama Marg Package III, from Km.47.800 Gosaiganj to Km.73.300 Bikapur in the State of Uttar Pradesh on EPC basis. (MoRTH) (618113) (N24002241) (10187)",Ministry of Road Transport & Highways,Roads & Highways,Uttar Pradesh,5/1/2025,11/1/2026,587.97,47.45,39,8.0701,587.97,0,0,0,11/1/2026,0,0,0
618114,"Improvement and up-gradation of NH-227B 84 Kosi Parikrama Marg PackageV, from Design Km.140.960 Patranga to Km.160.200 Bahuvan Madar Majha on EPC mode in the State of Uttar Pradesh (MoRTH) (618114) (-) (12089)",Ministry of Road Transport & Highways,Roads & Highways,Uttar Pradesh,2/1/2026,8/1/2028,1192.33,0,2,0,1192.33,0,0,0,8/1/2028,0,0,0
618116,lmprovement and Up-gradation from Km. 73.300 Bikapur to Km.140.960 Patranga of NH-227B 84 Kosi Parikrama Marg to 2LPS along with Parikrama Path (MoRTH) (618116) (-) (-),Ministry of Road Transport & Highways,Roads & Highways,Uttar Pradesh,1/1/2026,1/1/2028,1679.75,97.67,34.5,5.8146,1679.75,0,0,0,1/1/2028,0,0,0
618117,Upgradation to 2-Lane with Paved Shoulder from Design Km 36300 to Design Chainage 47918 and from Design Ch 69900 to Design Ch 83940 of NH-248A Natni Ka Bara in the State of Rajasthan on EPC Mode. (MoRTH) (618117) (-) (-),Ministry of Road Transport & Highways,Roads & Highways,Rajasthan,11/1/2024,5/1/2026,154.89,14.8,23,9.5552,154.89,0,0,0,5/1/2026,0,0,0
618118,Upgradation of two lane paved shoulder from Shahpura existing km. 0.00 Design Ch. 000 to Thanagazi existing Km.37352 Design Ch. 36810 of NH-248A on EPC mode in the State of Rajasthan. (MoRTH) (618118) (N24001867) (-),Ministry of Road Transport & Highways,Roads & Highways,Rajasthan,2/1/2023,7/1/2024,174.34,63.55,100,36.4518,174.34,0,0,0,7/1/2025,365,11.99,1
618119,Rehabilitation and up-gradation to 2-lane configuration of Bageshwar to Kangarchina road from km 129.600 to Km 161.600 Existing Chainage 136.00 to Km 169.00 of NH- 309Ain the State of Uttarakhand Package-IV under NHO Annual Plan 2021-22 (MoRTH) (618119) (-) (-),Ministry of Road Transport & Highways,Roads & Highways,Uttarakhand,8/1/2024,2/1/2027,472.23,0,60,0,472.23,0,0,0,,,,
618120,construction of Four-Lane of chausa-Buxar Bypass from Km 45.000 to Km 65.915 Package - 2 in the State of Bihar on EPC Mode. (MoRTH) (618120) (-) (-),Ministry of Road Transport & Highways,Roads & Highways,Bihar,1/1/2026,1/1/2028,1060.16,0,0,0,1060.16,0,0,0,1/1/2028,0,0,0
618121,Improvement to two lane with paved shoulders of NH-319A from km 0 to km 45 in state of Bihar under EPC mode (MoRTH) (618121) (N24001878) (-),Ministry of Road Transport & Highways,Roads & Highways,Bihar,6/1/2023,12/1/2024,427.29,178.43,93,41.7585,427.29,0,0,0,7/1/2026,577,18.96,1
618122,Widening to 2 lane with paved shoulded of Jareikela Jharkhand/Odisha Border - Dhabaleswar section from 0/0 to 36/0 of NH-320D in the State of Odisha under Annual Plan 2021-22. (MoRTH) (618122) (-) (-),Ministry of Road Transport & Highways,Roads & Highways,Odisha,10/1/2024,10/1/2026,172.09,0,32,0,172.09,0,0,0,10/1/2026,0,0,0
618123,Widening and Strengthening/Reconstruction to Two Lane with Paved Shoulder/ Two Lane with paved shoulders with service road from km 0000 to km 42250 excluding design Ch. 03220 to 04200 & 28350 to 29060 of NH-320G in the state of Jharkhand under EPC mode (MoRTH) (618123) (N24001925) (-),Ministry of Road Transport & Highways,Roads & Highways,Jharkhand,8/1/2023,8/1/2025,423.18,4.11,0,0.9712,423.18,0,0,0,,,,
618124,Rehabilitation and upgradation from km 51.600 to km 75.700 of NH-321G Nuhkhas to Etah section to two lane with paved shoulder configuration under EPC mode in the State of Uttar Pradesh (MoRTH) (618124) (N24002116) (-),Ministry of Road Transport & Highways,Roads & Highways,Uttar Pradesh,2/1/2024,8/1/2025,343.54,83.27,65,24.2388,343.54,0,0,0,9/1/2026,396,13.01,1
618125,Rehabilitation and upgradation of NH 326A from km 0/0 to 41/979 excluding km 2/255 to 3/372 and km 36/820 to 38/275 Odisha border to Narasamapeta to two lane with paved Shoulders in the State of Andhra Pradesh under NHO on EPC Mode (MoRTH) (618125) (-) (-),Ministry of Road Transport & Highways,Roads & Highways,Andhra Pradesh,9/1/2018,3/1/2020,228.32,44.45,100,19.4683,228.32,0,0,0,10/1/2025,2040,67.02,1
618126,"Pre-Construction activities from Km 134.000 to Km 190.233 of NH-333A and Construction of 4 no. of Bypasses at Katoria, Lakhpura, Banka & Panjwara total length-14.359 Km to two lane with paved shoulders standard in State of Bihar. (MoRTH) (618126) (-) (-)",Ministry of Road Transport & Highways,Roads & Highways,Bihar,12/1/2024,12/1/2026,479.37,11.75,58,2.4511,479.37,0,0,0,12/1/2026,0,0,0
618127,Construction of 2- Lane with paved shoulder from km 56.45 Dharampur More to 93.050 Pakur of NH-333A in the State of Jharkhand on EPC mode (MoRTH) (618127) (-) (-),Ministry of Road Transport & Highways,Roads & Highways,Jharkhand,11/1/2025,5/1/2027,255.73,10.06,10.4,3.9338,255.73,0,0,0,5/1/2027,0,0,0
618130,Widening to 2 lane with paved shoulders from 0.00 to 32.970 ofAdilabadto Bela section of NH 353B in the State of Telangana (MoRTH) (618130) (-) (-),Ministry of Road Transport & Highways,Roads & Highways,Telangana,5/1/2024,5/1/2026,490.92,0,76.02,0,490.92,0,0,0,6/1/2026,31,1.02,1
618132,Widening & strengthening of existing carriageway in 2 lane with paved shoulders from km 25/0 to 59/2 design Ch km 25.467 to 59.200 of NH - 353C on EPC mode in the state of Telangana (MoRTH) (618132) (N24000989) (-),Ministry of Road Transport & Highways,Roads & Highways,Telangana,6/1/2018,6/1/2020,206.13,152.77,98.57,74.1134,206.13,0,0,0,,,,
618134,Rehabilitation /Upgradation from Lagam to Alapalli section Desing Km. 199/400 to km 227/400 Length 28.0 Km to 2 lane with Paved Shoulders/ 4 lane configuration section of NH-353 C Sakoli-Wadsa-Armori-Gadchiroli-Ashti-Alapalli Sironcha in Gadchiroli District on EPC mode in the state of Maharashtra. (MoRTH) (618134) (-) (-),Ministry of Road Transport & Highways,Roads & Highways,Maharashtra,9/1/2024,9/1/2026,459.39,0,79.87,0,459.39,0,0,0,9/1/2026,0,0,0
618136,Upgradatiobn and Rehabilitation of Section of NH 361 F from Parli 00/000 to Gangakhed 30/400 to Two Lanes with paved shoulder / Four lane configurations on EPC mode in the State of Maharashtra. (MoRTH) (618136) (N24001537) (-),Ministry of Road Transport & Highways,Roads & Highways,Maharashtra,2/1/2022,9/1/2023,224.44,0,91,0,224.44,0,0,0,3/1/2026,912,29.96,1
618137,Rehabilitation and Up-gradation of Jarud - Sirsala section of NH-361F km 59500 to km11500 to Two lane with paved shoulder/ Four Lane in the state of Maharashtra on EPC mode Length 55.5 Km. (MoRTH) (618137) (-) (10189),Ministry of Road Transport & Highways,Roads & Highways,Maharashtra,5/1/2025,5/1/2027,540.35,139.12,56.55,25.7463,540.35,0,0,0,5/1/2027,0,0,0
618138,"Widening, Reconstruction & Up-gradation to 2 lane with Paved Shoulder/Four Lane configuration for the work of Sautada to Shirapur Section of NH-561 from Design km 86300 to km 125589 in the state of Maharashtra on EPC mode. Design length 39.289 km (MoRTH) (618138) (-) (-)",Ministry of Road Transport & Highways,Roads & Highways,Maharashtra,5/1/2025,11/1/2026,349.57,0,49.75,0,349.57,0,0,0,11/1/2026,0,0,0
618139,Rehabilitation and Up-gradation of Gangakhed Loha section of NH-361F from Km 169/00 to 210/00 to two lane with paved shoulder/ four lane configuration in the state of Maharashtra on EPC mode Length - 41.00 Km. (MoRTH) (618139) (-) (-),Ministry of Road Transport & Highways,Roads & Highways,Maharashtra,4/1/2025,9/1/2026,355.12,0,43.46,0,355.12,0,0,0,9/1/2026,0,0,0
618140,Widening to two/four lane with paved shoulders from Km.34.250 to Km.71.830 of NH- 365A on Kodad-Khammam-Kurvi road. (MoRTH) (618140) (-) (-),Ministry of Road Transport & Highways,Roads & Highways,Telangana,2/1/2025,1/1/2027,445.76,18.32,9.22,4.1098,445.76,0,0,0,1/1/2027,0,0,0
618141,Widening and Improvement of existing carriage way to 2 lane with paved shoulders from Km. 86/160 to 131/730 of Jangaon-Duddeda section of NH-365B in the State of Telangana on EPC Mode (MoRTH) (618141) (N24001450) (-),Ministry of Road Transport & Highways,Roads & Highways,Telangana,12/1/2022,12/1/2024,423.48,160.2,77.34,37.8294,423.48,0,0,0,6/1/2026,547,17.97,1
618142,Widening to Two lane with Paved shoulders from km.40/410 to 84/037 of Thirumanlagiri-- Suryapet Section of NH-365B earstwhile section of SH-16 (MoRTH) (618142) (N24002025) (-),Ministry of Road Transport & Highways,Roads & Highways,Telangana,5/1/2017,5/1/2019,244.54,0,99.96,0,244.54,0,0,0,9/1/2019,123,4.04,1
618143,widening to two lane with Paved shoulders from Km.0/970 to Km.40/410 of Jangaon - Thirumal giriof NH- 365B in the state of Telanganaon EPC mode under NHO Annual Plan 2016-17 (MoRTH) (618143) (N24000983) (-),Ministry of Road Transport & Highways,Roads & Highways,Telangana,11/1/2017,10/1/2019,197,0,92.74,0,197,0,0,0,10/1/2019,0,0,0
618144,Construction of Major Bridge Across Sharavathi Backwaters and approches between Ambargodu and Kalasavalli Near Sigandhur in Sagar Taluk on NH 369E in the State of Karnataka on EPC mode.Job No. NH-369E-KNT-2018-19-895 dated 06.03.2019. (MoRTH) (618144) (N24001281) (-),Ministry of Road Transport & Highways,Roads & Highways,Karnataka,12/1/2019,12/1/2022,423.15,0,0,0,423.15,0,0,0,,,,
618145,Widening to two lane with paved shoulder of Rampachodavaram - Koyyuru section of NH 516E from Km 43700 to Km 113820 in the State of Andhra Pradesh on EPC mode Job No. 737 (MoRTH) (618145) (N24001263) (10190),Ministry of Road Transport & Highways,Roads & Highways,Andhra Pradesh,1/1/2023,1/1/2025,568.12,303.13,98.63,53.3567,568.12,0,0,0,4/1/2026,455,14.95,1
618146,Estimate for Improvement to two lane with paved shoulder from Ramnagar to Roseda from km 3.500 to 43.000 of NH 527 E on EPC mode in State of Bihar (MoRTH) (618146) (N24001323) (-),Ministry of Road Transport & Highways,Roads & Highways,Bihar,10/1/2024,4/1/2026,495.16,0,36,0,495.16,0,0,0,4/1/2027,365,11.99,1
618147,Widening to 2 Lane with Paved Shoulders from design Km 103.200 Existing Km 103.200 to design Km 116.700 Existing Km 118.470 on AP/KNT Border to Sira Section of NH-544E in the State of Karnatakaon EPC mode under Annual plan 2022- 23 (MoRTH) (618147) (-) (-),Ministry of Road Transport & Highways,Roads & Highways,Karnataka,3/1/2024,9/1/2025,166.58,35.33,65,21.209,166.58,0,0,0,8/1/2026,334,10.97,1
618148,Widening to 4LPS of NH-548B from Km 80.000 Near Murgundi to Km 140.200 Near Chikkodi excluding length from Km 118.450 to Km 128.450 in the State of Karnataka under NH O on EPC Mode under Annual Plan 2022-23 - Package 1 NH-548B-KNT- 2022-23-979 dated 09.03.2023 (MoRTH) (618148) (-) (-),Ministry of Road Transport & Highways,Roads & Highways,Karnataka,4/1/2026,4/1/2028,785.79,0,0,0,785.79,0,0,0,4/1/2028,0,0,0
618149,Widening to two lane with paved shoulders from Km 0.00 to 102.310 Design Chainage of NH-548B Murrum-Maharashtra Border in the State of Karnataka (MoRTH) (618149) (-) (10191),Ministry of Road Transport & Highways,Roads & Highways,Karnataka,1/1/2025,1/1/2027,957.09,248.81,60.21,25.9965,957.09,0,0,0,1/1/2027,0,0,0
618151,Widening to 4LPS of NH-548B from Km 118.450 Near Shirguppi to Km 128.450 Near Ankali in the State of Karnataka under NH O on EPC Mode Under Annual Plan 2022- 23 NH-548B-KNT-2022-23-982 (MoRTH) (618151) (-) (-),Ministry of Road Transport & Highways,Roads & Highways,Karnataka,5/1/2026,5/1/2029,1084.29,0,0,0,1084.29,0,0,0,,,,
618152,Mhaswad to Tembhurni section of NH-548C - 2L PS (MoRTH) (618152) (N24002132) (-),Ministry of Road Transport & Highways,Roads & Highways,Maharashtra,8/1/2017,7/1/2019,488.6,0,96.19,0,488.6,0,0,0,12/1/2025,2345,77.04,1
618153,Satara to Mhaswad (MoRTH) (618153) (N24000979) (10193),Ministry of Road Transport & Highways,Roads & Highways,Maharashtra,8/1/2017,8/1/2019,653.46,7.33,98.08,1.1217,653.46,0,0,0,7/1/2025,2161,71,1
618154,"Rehabilitation & upgradation of Jamkhed to Sautada Section of NH548 D from km 195.375 to km 208.774, Length 13.399 Km to 2L PS /4L configuration with rigid pavement in the state of Maharashtra on EPC mode. (MoRTH) (618154) (N24001390) (-)",Ministry of Road Transport & Highways,Roads & Highways,Maharashtra,1/1/2023,7/1/2024,157.62,0,68.93,0,157.62,0,0,0,6/1/2026,700,23,1
618155,Development/Widening of Talegaon Chakan Shikrapur Nhavara Section of NH-548D from existing chainage km. 54/000 to 82/300 and Design chainage Km. 54/000 to 82/120 Shikrapur to Nhavara Section to 2LPS/4L Configuration on EPC Mode in the State of Maharashtra. (MoRTH) (618155) (-) (-),Ministry of Road Transport & Highways,Roads & Highways,Maharashtra,1/1/2025,7/1/2026,396.17,85.57,73.05,21.5993,396.17,0,0,0,7/1/2026,0,0,0
618156,"Construction of Morena bypass, Ambah bypass & Porsa bypass Totat length 27.16 km Section of NH-552 Ext. to TWo lane with paved shoulder configuration in the state of Madhya Pradesh on EPC mode (MoRTH) (618156) (-) (-)",Ministry of Road Transport & Highways,Roads & Highways,Madhya Pradesh,10/1/2024,10/1/2026,492.66,0,72.1,0,492.66,0,0,0,10/1/2026,0,0,0
618160,"Construction of 2 lane Major Bridge including approaches over Brahmaputra between Majuli on North Bank and Jorhat on South Bank from km. 11.690 to km. 19.715 length of bridge 6,812.5m Package - II on NH-715K in the state of Assam Job no. 715/AS/2020-21/213 (MoRTH) (618160)",Ministry of Road Transport & Highways,Roads & Highways,Assam,12/1/2025,12/1/2027,1019.17,0,2.41,0,1019.17,0,0,0,12/1/2027,0,0,0
618161,Widening and Reconstruction of existing road to four lane from Km.56400 to Km 120300 i.e. from B.Kothapalli Junction to Gorantla excluding Kadiri Bypass from Km 70200 to Km 77105 of NH 716G in the State of Andhra Pradesh on EPC mode Job no. 742 (MoRTH) (618161) (N24001416) (10194),Ministry of Road Transport & Highways,Roads & Highways,Andhra Pradesh,9/1/2023,12/1/2025,839.98,355.56,99.45,42.3296,839.98,0,0,0,4/1/2026,121,3.98,1
618162,"Improvement and up-gradation to 2LPS of NH-227B 84-Kosi Parikrama Marg PackageVI, Design Km 160200 Bahuvan Madar Majha to Km 224040 Jagarnathpur under HAM (MoRTH) (618162) (-) (-)",Ministry of Road Transport & Highways,Roads & Highways,Uttar Pradesh,1/1/2026,1/1/2028,2008.7,0,12,0,2008.7,0,0,0,1/1/2028,0,0,0
618163,"Rehabilitation and Up-gradation from km. 0000 to km.40390 of NH-730S MaharajganjNichloulThuthibari to two lane with paved shoulders in the State of U.P. on Engineering, Procurement & Construction EPC Basis. (MoRTH) (618163) (N24001418) (10195)",Ministry of Road Transport & Highways,Roads & Highways,Uttar Pradesh,6/1/2024,12/1/2025,809.25,0,59,0,603.19,-206.06,-25.4631,0,12/1/2026,365,11.99,1
618164,Construction of four lane highway with paved shoulder from Km.74.700 to Km.112.950 of NH-731A i/c Yamuna Bridge on HAM in the state of Uttar Pradesh. (MoRTH) (618164) (N24001419) (10196),Ministry of Road Transport & Highways,Roads & Highways,Uttar Pradesh,6/1/2024,6/1/2026,1141.67,0,86,0,1157.31,15.64,1.3699,1,7/1/2026,30,0.99,1
618165,Construction of 4-lane highway with paved shoulders from Km 49.155 to Km 74.700 of NH-731A on Hybrid Annuity Mode in the state of Uttar Pradesh (MoRTH) (618165) (N24001545) (10197),Ministry of Road Transport & Highways,Roads & Highways,Uttar Pradesh,2/1/2024,1/1/2026,1156.72,0,100,0,1156.72,0,0,0,6/1/2026,151,4.96,1
618166,Construction of 4-lane green field highway from Km. 35.000 to Km. 49.155 of NH- 731A with paved shoulders on Hybrid Annuity Mode in the state of Uttar Pradesh (MoRTH) (618166) (N24001647) (10198),Ministry of Road Transport & Highways,Roads & Highways,Uttar Pradesh,10/1/2023,10/1/2025,697.66,0.04,100,0.0057,697.66,0,0,0,6/1/2026,243,7.98,1
618167,Rehabilitation & Upgradation of NH-731A from Km.0.00 to Km.35.00 to 2-lane with paved shoulder under EPC mode (MoRTH) (618167) (N24001590) (-),Ministry of Road Transport & Highways,Roads & Highways,Uttar Pradesh,8/1/2022,8/1/2023,264.86,0,93,0,264.86,0,0,0,6/1/2026,1035,34,1
618168,Widening to four lane with paved shoulder from Design Km.49.200 to Km.89.285 of NH-731B on EPC mode in the state of Uttar Pradesh (MoRTH) (618168) (N24001792) (10199),Ministry of Road Transport & Highways,Roads & Highways,Uttar Pradesh,1/1/2024,1/1/2026,917.91,128,56,13.9447,965.3,47.39,5.1628,1,1/1/2027,365,11.99,1
618169,Construction of Two Lane with paved shoulder highway from Design Ch.0.000 to Ch.49.2OO of NH-731B on EPC Mode (MoRTH) (618169) (N24001730) (10200),Ministry of Road Transport & Highways,Roads & Highways,Uttar Pradesh,11/1/2023,11/1/2025,640.18,242.32,96.79,37.8519,602.76,-37.42,-5.8452,0,7/1/2026,242,7.95,1
618170,Construction of Two lane with paved shoulder configuration of Shujalpur Bypass section of NH-752C from km 33100 Design to km. 42570 Design total design length 10.470 km in the State of Madhya Pradesh on EPC mode. (MoRTH) (618170) (-) (-),Ministry of Road Transport & Highways,Roads & Highways,Madhya Pradesh,3/1/2024,9/1/2025,214.07,0,40.3,0,214.07,0,0,0,12/1/2026,456,14.98,1
618171,"Work of Upgradation of Jirapur-Pachore Road including Pachore, Jirapur, Chhapiheda & Khujner Bypasses from 0000 to 58790 Design Length 58.79 Km section of NH-752C to 2LPS in the State of Madhya Pradesh under EPC mode (MoRTH) (618171) (-) (-)",Ministry of Road Transport & Highways,Roads & Highways,Madhya Pradesh,1/1/2024,1/1/2026,352.69,0,47.29,0,352.69,0,0,0,10/1/2026,273,8.97,1
618172,Paithan - Shirur section 2LPS Km 0.0 to 55.00 (MoRTH) (618172) (N24001122) (-),Ministry of Road Transport & Highways,Roads & Highways,Maharashtra,6/1/2017,6/1/2019,341.8,0,82,0,341.8,0,0,0,5/1/2026,2526,82.99,1
618173,Shirur-Kharda section from 55937 km to 114486 km to 2LPS/4L (MoRTH) (618173) (N24001123) (-),Ministry of Road Transport & Highways,Roads & Highways,Maharashtra,6/1/2017,6/1/2019,381.77,0,83.93,0,381.77,0,0,0,9/1/2025,2284,75.04,1
618174,Rehabilitation and Upgradation to two lane with paved shoulder configuration of NH- 752G from Sakri to Pimpalner Section Design Ch km 0000 to Ch km 21411 in the state of Maharashtra on EPC Mode. Length 21.411 km. (MoRTH) (618174) (-) (-),Ministry of Road Transport & Highways,Roads & Highways,Maharashtra,4/1/2025,10/1/2026,226.58,0,100,0,226.58,0,0,0,10/1/2026,0,0,0
618175,Rehabilitation and Upgradation of Satana to Mangrul Chandwad Section of NH752 G Design Ch Km 64.000 to Ch Km 101.140 two lane with paved shoulder/four lane configuration in the state of Maharashtra on EPC mode. (MoRTH) (618175) (N24001884) (-),Ministry of Road Transport & Highways,Roads & Highways,Maharashtra,5/1/2023,5/1/2025,428.8,0,93.46,0,428.8,0,0,0,6/1/2026,396,13.01,1
618176,Rehabilitation and upgradation from ch km 50/200 to 56/800 and km 62/600 to 100/403 of Kolde to Visarwadi Near Junction with NH-6 section of NH 752G total length 44.40 to two-lane with paved shoulder / four lanes in the State of Maharashtra on EPC mode. (MoRTH) (618176) (-) (-),Ministry of Road Transport & Highways,Roads & Highways,Maharashtra,1/1/2026,1/1/2028,349.08,0,21.6,0,349.08,0,0,0,,,,
618177,Pal Phata Phulambri - Khultabad 2LPS (MoRTH) (618177) (N24001060) (-),Ministry of Road Transport & Highways,Roads & Highways,Maharashtra,6/1/2018,12/1/2019,227.19,0,95.29,0,227.19,0,0,0,12/1/2025,2192,72.02,1
618178,Widening and strengthening of Gangakhed to Kingaon section of NH-752K in Km 38/750 to 72/304 Flexible Pavement Length33.554 km to 2-lane configuration on EPC mode in the State of Maharashtra. (MoRTH) (618178) (-) (-),Ministry of Road Transport & Highways,Roads & Highways,Maharashtra,12/1/2024,6/1/2026,162.67,0,72,0,162.67,0,0,0,5/1/2026,-31,-1.02,0
618179,Rehabilitation and Upgradation of Shewali phata to Kalambhir section i.e. Km 0443 to Km 4500 & Nizampur to Chadwel section i.e. Km 13485 to Km 26265 Length16.317 Km excluding 2 Major Bridges with approaches Km 13735 to Km 14095 & Km 19660 to Km 20030 of NH 753B to 2LPS Configuration in the State of Maharashtra on EPC Mode. (MoRTH) (618179) (-) (-),Ministry of Road Transport & Highways,Roads & Highways,Maharashtra,8/1/2024,2/1/2026,181.58,0,93.01,0,181.58,0,0,0,2/1/2026,0,0,0
618180,Pune raigarh District Border To Mangaon Ch 69000 to 103775 NH-753F (MoRTH) (618180) (N24001082) (-),Ministry of Road Transport & Highways,Roads & Highways,Maharashtra,6/1/2018,12/1/2019,223.46,0,89.08,0,223.46,0,0,0,6/1/2024,1644,54.01,1
618181,Rehabilitation / Upgradation to 4 Lane with Paved shoulder of Existing Section in Sillod Town with Design Ch. Km54500 to Km 60679 [Length6.179 km] section of NH 753F Aurangabad-Jalgaon road on EPC Mode in the State of Maharashtra (MoRTH) (618181) (N24002177) (-),Ministry of Road Transport & Highways,Roads & Highways,Maharashtra,1/1/2024,7/1/2025,153.79,0,98,0,153.79,0,0,0,3/1/2025,-122,-4.01,0
618182,Widening to Two lane with paved shoulders from 106/830 to 158/496 of Yellareddy- Rudrur Section of NH-765D in the state of Telangana on EPC mode under NHO under Annual plan 2022-23 (MoRTH) (618182) (-) (-),Ministry of Road Transport & Highways,Roads & Highways,Telangana,7/1/2024,7/1/2026,499.88,187.35,64.11,37.479,499.88,0,0,0,7/1/2026,0,0,0
618183,Widening to 2 lane with paved shoulders from Km 62/920 to km 106/830 of Medak - Yellareddy section in the State of Telangana under Annual Plan 2022-23 on EPC mode under NHO (MoRTH) (618183) (-) (-),Ministry of Road Transport & Highways,Roads & Highways,Telangana,8/1/2024,8/1/2026,399.01,0,66.04,0,399.01,0,0,0,8/1/2026,0,0,0
618184,Construction of 2 Lane with paved shoulder from km 55.6 to km 90.7 existing chainages of NH-766C complete Realignment of 13.76 km with 2 major Bridges across Sharavathi Backwaters on EPC mode under Annual Plan 2022-23 in the state of Karnataka NH-766C-KNT-2022-23 dated 14.10.2022 (MoRTH) (618184) (-) (-),Ministry of Road Transport & Highways,Roads & Highways,Karnataka,2/1/2024,2/1/2026,313.56,0,65,0,313.56,0,0,0,12/1/2027,668,21.95,1
618185,Widening to 2LPS from Km 0.000 to 37.850 Except Ex. Km 24.45 to 27.20 of NH-766c Byndoor-Ranebennur Section in the state of Karnataka on EPC Mode under Annual Plan 2022-23 NH-766C-KNT-2022-23-969 dated 30.12.2022 (MoRTH) (618185) (-) (-),Ministry of Road Transport & Highways,Roads & Highways,Karnataka,8/1/2025,8/1/2027,394.95,0,0,0,394.95,0,0,0,8/1/2027,0,0,0
618186,"Rehabilitation and Up-gradation of Valigonda to Thorrur Section to Two Lane with Paved Shoulders from Km 39.180 to Km 108.300 of NH-930P in the State of Telangana on Engineering, Procurement and Construction EPC Basis (MoRTH) (618186) (N24002003) (10201)",Ministry of Road Transport & Highways,Roads & Highways,Telangana,12/1/2022,12/1/2024,549.28,296.89,94.01,54.0508,549.28,0,0,0,9/1/2026,639,20.99,1
618188,Rehabilitation and Up-gradation to 2 lane with paved shoulder configuration of Mahud Sangola road NH 965 G 159400 to 161900and 162400 to 183960 Design Chainage from km. 32/300 to km. 34/800 and km. 35/800 to km. 56/860 Rigid Pavement on EPC mode in the State of Maharashtra. (MoRTH) (618188) (N24002173) (-),Ministry of Road Transport & Highways,Roads & Highways,Maharashtra,11/1/2023,5/1/2025,253.78,0,99.75,0,253.78,0,0,0,6/1/2026,396,13.01,1
618189,Widening to Two Lane with Paved Shoulder of NH-73 New Spur Road Ujire - Dharmasthala - Periyashanthi in the State of Karnataka under on HAM under NHO Annual Plan 2023-24Job No NH-73Spur-KNT-2023-24-996 (MoRTH) (618189) (-) (10203),Ministry of Road Transport & Highways,Roads & Highways,Karnataka,11/1/2025,11/1/2027,613.65,0,0,0,613.65,0,0,0,,,,
618190,Widening to two lane with paved shoulders of 'Bodhan Basar Bhainsa ' section from Km 38/900 to 95/300 of NH-161BB in the state of Telangana under Annual Plan 2021- 22 on EPC Mode under NH O. (MoRTH) (618190) (N24002005) (10204),Ministry of Road Transport & Highways,Roads & Highways,Telangana,3/1/2023,3/1/2025,644.45,350.2,98.6,54.3409,644.45,0,0,0,6/1/2026,457,15.01,1
618191,"Rehabilitation and upgradation of NH-167AD from Macherla to Dachepalli via Paluvai Junction, Rentachinthala, Gurazala from Km.0.000 to 43.659 to two lane with paved shoulders in the state of Andhra Pradesh job-729 (MoRTH) (618191) (N24001951) (-)",Ministry of Road Transport & Highways,Roads & Highways,Andhra Pradesh,1/1/2023,1/1/2025,403.22,227.13,99.06,56.3291,403.22,0,0,0,3/1/2026,424,13.93,1
618192,Duttalur at NH-565 Junction to Kavali Joining on NH-16 Chainage Km. 36/400 to Km. 107/224 excluding the stretch from Km 101.880 to 105.300 67.404 Km of NH-167BG from in the State of Andhra Pradesh on EPC mode (MoRTH) (618192) (N24001942) (-),Ministry of Road Transport & Highways,Roads & Highways,Andhra Pradesh,7/1/2022,7/1/2024,423.67,0,94.65,0,423.67,0,0,0,4/1/2026,639,20.99,1
618193,Widening of Existing Road to Two Lane with Paved Shoulder Configuration from Km 0.00 to 26.000 & Km 45.200 To 59.622 Of NH 365BB in the State of Andhra Pradesh Under Annual Plan 2023-24 through EPC Mode (MoRTH) (618193) (-) (-),Ministry of Road Transport & Highways,Roads & Highways,Andhra Pradesh,4/1/2025,12/1/2026,368.63,37.59,22.55,10.1972,368.63,0,0,0,12/1/2026,0,0,0
618194,Rehabilitation and upgradation of New NH 544DD from design Chainage Km. 56/000 to 102/20 of Kalyandrg - Molakalmuru Section (MoRTH) (618194) (N24000937) (-),Ministry of Road Transport & Highways,Roads & Highways,Andhra Pradesh,8/1/2018,2/1/2020,294.13,312.39,98.52,106.2081,285.29,-8.84,-3.0055,0,9/1/2025,2039,66.99,1
618196,Widening to 2 lane with Paved Shoulders of Siddipet-Elkathurthy section from Km 69/978 to km 133/619 of NH-765DG in the State of Telangana under Annual plan 2021-22 on EPC mode (MoRTH) (618196) (N24002008) (10205),Ministry of Road Transport & Highways,Roads & Highways,Telangana,12/1/2022,12/1/2024,578.85,0,85,0,578.85,0,0,0,6/1/2026,547,17.97,1
618197,Widening to 2 lane with Paved Shoulders of Medak - Siddipet section from Km 0/0 to km 69/978 of NH-765DG in the State of Telangana under Annual plan 2021-22 on EPC mode (MoRTH) (618197) (N24002001) (10206),Ministry of Road Transport & Highways,Roads & Highways,Telangana,1/1/2023,1/1/2025,882.18,347.73,74.06,39.4171,882.18,0,0,0,12/1/2026,699,22.97,1
618198,Balance work of Rehabilitation and Up-gradation to 2-lane road with paved shoulders configuration for NH- 965DD from Pacharal-Mandangad-Mhapral-Rajewadi Upto Junction of NH-66 Ch-22700 to 75100 Km and Ambadave connector Birth place of Dr. Babasaheb Ambedkar Ch-0000 to 7325 Km length Km 59.725 in the state of Maharashtra on EPC mode. Balance Work (MoRTH) (618198) (N24001107) (-),Ministry of Road Transport & Highways,Roads & Highways,Maharashtra,1/1/2022,1/1/2024,388.93,0,93.07,0,341.69,-47.24,-12.1461,0,6/1/2026,882,28.98,1
618199,"Rehabilitation, Upgradation & Widening of existing Highway to Rigid Pavement 2 Lane with Paved Shoulder of NH 965DD from Lonand Shirval-Bhor Mandangad-Pchral Section ShindewadiPhata to Varandah Ghat Dist Border from Km 33/550 to 92/550 in the state of Maharashtra on EPC mode. (MoRTH) (618199) (N24002178) (10207)",Ministry of Road Transport & Highways,Roads & Highways,Maharashtra,7/1/2024,7/1/2026,723.13,0,52.5,0,723.13,0,0,0,7/1/2026,0,0,0
618200,Construction of 2 lane with Paved Shoulder for Northern Bypass Phase-II of Kota city in the State of Rajasthan. (MoRTH) (618200) (N24001928) (-),Ministry of Road Transport & Highways,Roads & Highways,Rajasthan,10/1/2023,4/1/2025,317.74,6.08,48.2,1.9135,317.74,0,0,0,2/1/2027,671,22.05,1
618203,"Construction of 4 lane with paved shoulder Pattan bypass Greenfield bypass from existing Ch. Km 24320 to Km 33760 and Design Ch. from Km 24400 to Km 35300, total length 10.900 km on road SrinagarBaramulla Uri NH-01 in the UT of Jammu & Kashmir under Project BEACON, Border Roads Organization BRO on EPC mode. Package-II (MoRTH) (618203) (N24002179) (10210)",Ministry of Road Transport & Highways,Roads & Highways,Jammu and Kashmir,8/1/2024,7/1/2026,980.21,16.44,53.67,1.6772,980.21,0,0,0,2/1/2027,215,7.06,1
618205,"Construction of 4 lane with paved shoulder from Existing Ch. 14200 to 24320 Design Ch. 14200 to 24400, Ch. 33760 to 42780 Design Ch. 35300 to 44294 & Ch. 43440 to 47020 Design Ch. 44958 to 48500 Delina Flyover including construction of flyover length 1.704 km of total length 22.736 kms in AOR of 760 BRTF on road SRINAGAR BARAMULA URI NH-01 in the UT of Jammu & Kashmir under project BEACON, Border Roads Organization BRO Package-IJob No NH-1-J&K-2022-23-110 (MoRTH) (618205) (N24001998) (10211)",Ministry of Road Transport & Highways,Roads & Highways,Jammu and Kashmir,8/1/2023,8/1/2025,823.46,277.76,83.67,33.7308,823.46,0,0,0,8/1/2026,365,11.99,1
618206,Widening and Strengthening of Rafiabad-Kupwara-Chowkibal-Tangdhar-Chamkot NH- 701 road from design Ch. From 0000 to 51000 to two lanes with paved shoulders under Project Beacon in the UT of Jammu & Kashmir on EPC mode Package-I. (MoRTH) (618206) (-) (10212),Ministry of Road Transport & Highways,Roads & Highways,Jammu and Kashmir,11/1/2024,5/1/2027,1404.94,118.48,40,8.4331,1404.94,0,0,0,,,,
618207,Widening to 2-lane with Hard Shoulder configuration of Mana Ch. 0.00 to Mana Pass Ch. 50.987 road on NH-07 under Bharatmala Pariyojna in the state of Uttarakhand under Annual Plan 2022-23 length 50.987 (MoRTH) (618207) (-) (10213),Ministry of Road Transport & Highways,Roads & Highways,Uttarakhand,10/1/2023,10/1/2027,573.96,0,20.78,0,573.96,0,0,0,10/1/2028,366,12.02,1
618208,Construction and upgradation of existing road to 2-lane with paved shoulder from existing chainage Km 509.725 to Km 528.000 design chainage Km 490.550 to Km 507.850 of NH-58 new NH-07 Benakuli bend to Mana Village in EPC mode under Chardham Programme in the State of Uttarakhand. (MoRTH) (618208) (-) (-),Ministry of Road Transport & Highways,Roads & Highways,Uttarakhand,11/1/2019,10/1/2021,180.1,0,95,0,180.1,0,0,0,,,,
618209,Construction & up gradation of existing road to 2-Lane with paved shoulder from existing chainage km 468000 to km 489350 Design Chainage km 465150 to km 471500 of NH-07 Old NH-58 including Joshimath bypass on EPC mode in the state of Uttarakhand Length 6.35 km (MoRTH) (618209) (-) (-),Ministry of Road Transport & Highways,Roads & Highways,Uttarakhand,9/1/2022,9/1/2025,258.85,0,35.6,0,258.85,0,0,0,8/1/2027,699,22.97,1
618210,Rehabilitation and upgradation of Askot-Lipulekh on EPC Basis for Phase-I Existing Km 72.00 to 107.620 Design Chainage Km 21330 to Km 56935 under Project Hirak of BRO in the state of Uttarakhand under Bharatmala Pariyojna Phase-I on EPC Mode Length-35.605 Km CA No EPC/MORT&H/HRK/01/2021-22 (MoRTH) (618210) (-) (10214),Ministry of Road Transport & Highways,Roads & Highways,Uttarakhand,12/1/2021,12/1/2023,603.92,0,81.17,0,603.92,0,0,0,6/1/2026,913,30,1
618211,Improvement/construction of 2-lane with paved shoulder of Askote Llipulekh road from Tawaghat village to Budhi village design km. 56935 to km 95748 and from end of Tunnel portal to Kali Mandir design km 113828 to km. 133078 [total design length 58.063 km] under project Hirak of BRO in the state of Uttarakhand under Bharatmala Pariyojna on EPC Mode (MoRTH) (618211) (-) (10215),Ministry of Road Transport & Highways,Roads & Highways,Uttarakhand,11/1/2024,11/1/2026,649.6,0,29.72,0,649.6,0,0,0,11/1/2026,0,0,0
618212,"STABILIZATION OF LAND SLIDE AND SLOPE PROTECTION AT KM 11.00 TO KM 11.08, 29,730 KM TO 30,060 KM, 30,400 KM TO 31,060 KM, 34,750 KM TO 35,300 KM, 38,950 KM TO 39,030 KM & 39,460 KM TO 39,540 KM TWO LOC CLUBBED, KM 40,400 TO KM 40,650, KM 43,500 KM 43,680, 52,460 RISHIKESH - DHARASU ROAD NH-94 ON EPC MODE IN THE STATE OF UTTARAKHAND. NOSE OF LAND SLIDE - 12 NOS (MoRTH) (618212) (-) (-)",Ministry of Road Transport & Highways,Roads & Highways,Uttarakhand,10/1/2025,4/1/2027,197.26,0,22,0,197.26,0,0,0,,,,
618213,Rehabilitation and Upgradation of road Rishikesh Dharasu Old NH-94 with 2-lane with paved shoulder from km 76.000 to km 110.000 Design Chainage from km 74.733 to km 107.347 32.614 km including construction of Kamand re-alignment from existing Chainage Km 105.200 to Km 108.600 design chainage Km 103.436 to Km 105.949 - total length 2513 mtrs and land slide treatment work between design chainage Km 73.800 to Km 74.00 200m on EPC mode under improvement to NH connectivity to Chardham in (MoRTH) (618213) (-) (-),Ministry of Road Transport & Highways,Roads & Highways,Uttarakhand,1/1/2019,1/1/2021,273.76,0,96.46,0,273.76,0,0,0,1/1/2026,1826,59.99,1
618214,Rehabilitation and upgradation to 2 lane / 2 lane with paved shoulder configuration for design chainage km 107.347 to km 129.208 & km 133.878 to km 138.570 existing chainage km 110.000 to km 133.020 & km 137.330 to km 142.028 and land slide treatment at existing km 138.500 Design chainage km 134.970 of NH -94 on EPC mode under improvement to NH connectivity to Chardham in the state of Uttarakhand. (MoRTH) (618214) (-) (-),Ministry of Road Transport & Highways,Roads & Highways,Uttarakhand,1/1/2019,7/1/2021,346.5,0,100,0,346.5,0,0,0,6/1/2024,1066,35.02,1
618215,"Improvement/construction of existing CL-5 Road to NH Intermediate lane specification with hard shoulder from Km 166.000 to 203.77 net Length 37.770 kms of NH-505 Sumdo-Kaza-Gramphoo road in the state of Himachal Pradesh on EPC mode under project Deepak, BRO (MoRTH) (618215) (-) (-)",Ministry of Road Transport & Highways,Roads & Highways,Himachal Pradesh,6/1/2024,6/1/2027,274.36,0,22.26,0,194,-80.36,-29.29,0,6/1/2027,0,0,0
618216,"Improvement/construction of existing CL-5 Road to NH Intermediate lane specification with hard shoulder from Km 133.000 to 166.000 net Length 33.000 kms of NH-505 Sumdo-Kaza-Gramphoo road in the state of Himachal Pradesh on EPC mode under project Deepak, BRO (MoRTH) (618216) (N24001915) (-)",Ministry of Road Transport & Highways,Roads & Highways,Himachal Pradesh,7/1/2023,6/1/2026,230.55,15.16,23.24,6.5756,203.15,-27.4,-11.8846,0,9/1/2027,457,15.01,1
618217,Improvement/construction of existing Class-5 Road to NH Intermediate lane specification with hard shoulder from existing Km 76/340 to 134/940 Design chainage from Km 76/300 to 133/000 net Length 56.700 kms of NH-505 Sumdo-Kaza- Gramphoo road in the state of Himachal Pradesh Package I (MoRTH) (618217) (N24001916) (-),Ministry of Road Transport & Highways,Roads & Highways,Himachal Pradesh,5/1/2023,5/1/2026,314.67,76.97,60.02,24.4605,244.15,-70.52,-22.4108,0,8/1/2027,457,15.01,1
618218,Rehabilitation & upgradation of existing road to 2-lane with hard shoulder from Joshimath km 0.00 to Saraithota km 29.725 road on NH-107B under Bharatmala Pariyojna on EPC mode in the state of Uttarakhand (MoRTH) (618218) (-) (-),Ministry of Road Transport & Highways,Roads & Highways,Uttarakhand,5/1/2023,5/1/2025,338.38,0,78.2,0,338.38,0,0,0,3/1/2027,669,21.98,1
618219,Upgradation to 2-lane with Hard shoulder configuration of Suraithota Ch. 29.725 km to Malari Ch. 60.550 km road on NH- 107B under in the state of Uttarakhand. (MoRTH) (618219) (-) (-),Ministry of Road Transport & Highways,Roads & Highways,Uttarakhand,5/1/2024,5/1/2026,292.76,0,72.5,0,292.76,0,0,0,12/1/2026,214,7.03,1
618222,Widening and Strengthening up gradation to 2 lane with paved shoulder from existing chainage Km 192.98 to Km 229.820 design chainage Km 162.800 to Km 198.18 under 31 BRTF on Akhnoor-Poonch Road NH-144A in the UT of Jammu and Kashmir under Project Sampark Border Roads Organisation BRO on EPC Mode Package-VIII Job No NH-144A-J&K-2022-2023-111 (MoRTH) (618222) (N24002119) (10218),Ministry of Road Transport & Highways,Roads & Highways,Jammu and Kashmir,1/1/2024,1/1/2026,562.45,137.19,70.35,24.3915,562.45,0,0,0,12/1/2026,334,10.97,1
618223,Rehabilitation and up-gradation to 2 lane with paved shoulder from existing chainage km 64535 to km 85385 Design chainage km 55800 to km 74350 under 13 TF on Akhnoor-Poonch road NH-144A under Project Sampark BRO in the UT of Jammu & Kashmir on EPC mode Package-III Job no NH-144A-J&K-2019-20-79 (MoRTH) (618223) (N24001901) (-),Ministry of Road Transport & Highways,Roads & Highways,Jammu and Kashmir,9/1/2021,9/1/2023,152.93,75.64,89.51,49.4605,152.93,0,0,0,10/1/2026,1126,36.99,1
618225,Rehabilitation and up-gradation to 2 lane with paved shoulder from existing chainage km 134950 to km 166100 Design chainage km 116980 to km 146700 under 31 TF on Akhnoor-Poonch road NH-144A in the UT of Jammu & Kashmir under Project Sampark BRO on EPC mode Package-VI Job no NH-144A-J&K-2021-22-106 (MoRTH) (618225) (N24001899) (-),Ministry of Road Transport & Highways,Roads & Highways,Jammu and Kashmir,7/1/2022,7/1/2024,395.25,144.04,89.16,36.4428,395.25,0,0,0,8/1/2026,761,25,1
618226,Rehabilitation and upgradation to 2 lane with paved shoulder from existing chainage Km 30.053 to Km 49.150 design chainage Km 30.000 to Km 46.450 including Kandi Tunnel under 31 BRTF on Akhnoor-Poonch Road NH-144A Under Project Sampark in the UT of Jammu & Kashmir EPC modePackage-I Job no NH-144A-J&K-2020-21-83. (MoRTH) (618226) (N24001898) (-),Ministry of Road Transport & Highways,Roads & Highways,Jammu and Kashmir,11/1/2022,11/1/2024,272.49,157.74,94,57.8884,272.49,0,0,0,9/1/2026,669,21.98,1
618227,Development to 4/6-lanning of NH-31 New NH-10 with both side service roads from km 569.258 to km 581.030 end of AH-02 project on NH- 31 near Shivmandir to Sevoke Army Cantonment in districts of Darjeeling and Jalpaiguri in the state of West Bengal on EPC Mode Job No. 010/WB/2021-22/490 (MoRTH) (618227) (N24001850) (10220),Ministry of Road Transport & Highways,Roads & Highways,West Bengal,3/1/2023,9/1/2025,995.04,494.68,71.61,49.7146,1059.2,64.16,6.448,1,3/1/2027,546,17.94,1
618228,construction of a new 4 lane Parallel to existing MG Setu with its approaces from km 0.00 to km 14.500 across river Ganga on NH-19 at Patna in the state of Bihar. (MoRTH) (618228) (N24001201) (10221),Ministry of Road Transport & Highways,Roads & Highways,Bihar,3/1/2021,9/1/2024,2926.42,0,73.69,0,2926.42,0,0,0,9/1/2027,1095,35.98,1
618229,Rehabilitation and upgradation to 2-lane with paved sholuders configuration of Near Karri village-Etawah section Km30.000 to Km 57.346 Pakage-II of NH-92 in state of Uttar Pradesh undergreen national Highway Corridor ProjectGNHCP with the loan assistance of world Bank on EPC mode. (MoRTH) (618229) (N24001462) (-),Ministry of Road Transport & Highways,Roads & Highways,Uttar Pradesh,8/1/2022,2/1/2024,211.09,0,100,0,206.56,-4.53,-2.146,0,2/1/2025,366,12.02,1
618230,Rehabilitation and Upgradation to 2-lane configuration of Kalwahn-Mandi Section km 208.950 to 250.592 of NH-70 in the State of Himachal Pradesh under Green National Highways Corridor Project GNHCP with the loan assistance of World Bank on EPC mode.Package-3 (MoRTH) (618230) (N24001470) (-),Ministry of Road Transport & Highways,Roads & Highways,Himachal Pradesh,10/1/2022,4/1/2025,314.32,0,70.03,0,314.32,0,0,0,12/1/2026,609,20.01,1
618231,Rehabilitation and Upgradation to 2-lane configuration of Hamirpur-Karnohal Section km 141.00 to 181.00 of NH-70 in the State of Himachal Pradesh under Green National Highways Corridor Project GNHCP with the loan assistance of World Bank on EPC mode.Package-1 (MoRTH) (618231) (N24001447) (-),Ministry of Road Transport & Highways,Roads & Highways,Himachal Pradesh,6/1/2022,12/1/2024,371.93,198.34,93.53,53.3272,371.93,0,0,0,6/1/2026,547,17.97,1
618232,Rehabilitation and Upgradation to 2-lane configuration of Karnohal- Kalwahn Section km 181.00 to 208.950 of NH-70 in the State of Himachal Pradesh under Green National Highways Corridor Project GNHCP with the loan assistance of World Bank on EPC mode.Package-2 (MoRTH) (618232) (-) (-),Ministry of Road Transport & Highways,Roads & Highways,Himachal Pradesh,11/1/2023,5/1/2026,251.62,75.88,57.63,30.1566,190.02,-61.6,-24.4814,0,12/1/2026,214,7.03,1
618233,Construction of 6-lane bridge on Ganga on NH-96 and its approaches in Phaphamau Allahabad on EPC mode (MoRTH) (618233) (N24001421) (10222),Ministry of Road Transport & Highways,Roads & Highways,Uttar Pradesh,2/1/2021,2/1/2024,1948.25,0,88.9,0,1465.41,-482.84,-24.7833,0,9/1/2026,943,30.98,1
618234,Construction of a new 4-lane major bridge across river Kosi at Phulaut including Rehabilitation and upgradation of existing Birpur and Bihpur section of NH-106 from km 106.000 to km 136.000 to 2-lane with paved shoulders in the State of Bihar on EPC mode (MoRTH) (618234) (N24000943) (10223),Ministry of Road Transport & Highways,Roads & Highways,Bihar,6/1/2021,6/1/2024,1478.4,824.29,96.1,55.7555,1478.4,0,0,0,2/1/2027,975,32.03,1
618235,Balance work of Rehabilitation and Up-gradation to 4-Lane configuration of Ras- Beawar Section Km 00.000 to km 30.050 of NH-158 in the State of Rajasthan under Green National Highway Corridor Project GNHCP. (MoRTH) (618235) (-) (-),Ministry of Road Transport & Highways,Roads & Highways,Rajasthan,6/1/2025,12/1/2026,278.1,40.2,44.03,14.4552,278.1,0,0,0,12/1/2026,0,0,0
618236,Rehabilitation and Up-gradation of Dhindi - Digamarru section from Km 126/510 to Km 135/740 of NH -214New NH -216 and digamarru -Losari section from Km 0/000 tp Km 34/230 of NH-214 ANew Nh-216 to two lane with paved shoulder in the state of AP- NH (MoRTH) (618236) (-) (-),Ministry of Road Transport & Highways,Roads & Highways,Andhra Pradesh,5/1/2016,5/1/2018,316.06,220.75,100,69.8443,288.76,-27.3,-8.6376,0,11/1/2023,2010,66.04,1
618237,Rehabilitation and Up-gradation of Pasarlapudi to Dhindi section from Km 105/170 to Km 126/510 of NH -214 New NH -216 to two lane with paved shoulder in the state of Andhra Pradesh under NHDP-IV (MoRTH) (618237) (N24000969) (-),Ministry of Road Transport & Highways,Roads & Highways,Andhra Pradesh,9/1/2017,9/1/2019,263.45,151.56,98.4,57.5289,263.45,0,0,0,9/1/2025,2192,72.02,1
618238,Rehabilitation and Up-gradation of Thimmapuram to Gurajanapalli section from Km 26/150 to Km 41/161 of NH - 214 New NH - 216 to two lane with paved shoulder in the state of Andhra Pradesh under NHDP-IV (MoRTH) (618238) (N24000964) (-),Ministry of Road Transport & Highways,Roads & Highways,Andhra Pradesh,1/1/2017,7/1/2018,350.61,233.92,98.2,66.718,432.91,82.3,23.4734,1,7/1/2026,2922,96,1
618239,"Rehabilitation & Upgradation of NH214New NH-216 from Km 34/230 to Km 84/550 Losari to Machavaram Section to two lane with paved shoulder in the state of Andhrapradesh under NHDP-IV through Engineering, Procurement& Construction EPC mode. (MoRTH) (618239) (-) (-)",Ministry of Road Transport & Highways,Roads & Highways,Andhra Pradesh,9/1/2016,9/1/2018,445.22,0,98.6,0,459.37,14.15,3.1782,1,7/1/2025,2495,81.97,1
618240,Rehabilitation and upgradation to 2-lane with paved sholuders configuration of Bewar- naer Karri village section Km0.00 to Km30.00 Pakage-I of NH-92 in state of Uttar Pradesh undergreen national Highway Corridor Project GNHCP with the loan assistance of world Bank on EPC mode. (MoRTH) (618240) (N24001461) (-),Ministry of Road Transport & Highways,Roads & Highways,Uttar Pradesh,9/1/2022,3/1/2024,236.47,0,100,0,236.47,0,0,0,7/1/2026,852,27.99,1
618242,Widening and Reconstruction to 4-lane/4-lane with service road including structures from Pokharia More at Km 47.600 Ex. Km 50.230 to Govindpur at km 62.949 Ex. Km 65.325 of Nh-419 in the State of Jharkhand on EPC mode. (MoRTH) (618242) (-) (-),Ministry of Road Transport & Highways,Roads & Highways,Jharkhand,1/1/2024,1/1/2026,300.46,85.48,48.73,28.4497,300.46,0,0,0,6/1/2026,151,4.96,1
618243,Construction of Basti Ring Road Phase-I with 4L configuration for Basti City in the state of Uttar Pradesh on HAM mode (MoRTH) (618243) (N24002245) (10224),Ministry of Road Transport & Highways,Roads & Highways,Uttar Pradesh,6/1/2025,6/1/2027,1138.72,0,30,0,1138.72,0,0,0,6/1/2027,0,0,0
618244,Construction of Raebareli Ring Road Phase-2 with four Lane configuration for Raebareli City in the state of Uttar Pradesh on Hybrid Annuity Model HAM basis (MoRTH) (618244) (N24002235) (10225),Ministry of Road Transport & Highways,Roads & Highways,Uttar Pradesh,5/1/2025,5/1/2027,1273.72,0,51,0,1273.72,0,0,0,5/1/2027,0,0,0
618246,Construction of New 4-Lane Bridge Parallel to existing Vikramashila Setufrom km 8920 to Km 13375including approach road 35m Naugachhia side &53 m Bhagalpur sideacross River Ganga on newly declared NH-131B at Bhagalpur in the State of Bihar (MoRTH) (618246) (N24001877) (10226),Ministry of Road Transport & Highways,Roads & Highways,Bihar,5/1/2023,5/1/2027,1110.23,0,50.78,0,1110.23,0,0,0,5/1/2027,0,0,0
618247,Construction of 4 lane Mirzapur bypass including bridge over river Ganga from km 0.000 to km 15.000 of NH 135A in the State of Uttar Pradesh on HAM Mode. (MoRTH) (618247) (-) (-),Ministry of Road Transport & Highways,Roads & Highways,Uttar Pradesh,1/1/2026,1/1/2029,1708.62,0,3,0,1708.62,0,0,0,1/1/2029,0,0,0
618248,Widening to 4 lane from km. 139.00 to km 179.20 of NH-135A Pkg-III Jaunpur Akbarpur section and Akbarpur bypass on Hybrid Annuity Mode in the state of Uttar Pradesh. (MoRTH) (618248) (-) (-),Ministry of Road Transport & Highways,Roads & Highways,Uttar Pradesh,1/1/2026,1/1/2028,1653.15,0,14,0,1653.15,0,0,0,1/1/2028,0,0,0
618249,Widening to 4 lane from km. 108.50 to km 139.00 of NH-135A Pkg-II Jaunpur Akbarpur section on Hybrid Annuity Mode in the state of Uttar Pradesh (MoRTH) (618249) (N24002234) (10227),Ministry of Road Transport & Highways,Roads & Highways,Uttar Pradesh,3/1/2025,3/1/2027,1511.57,0,34,0,1511.57,0,0,0,3/1/2027,0,0,0
618250,Construction of 6-Lane Elevated / Extra Dose Cable Bridge on River Ganga parallel to & Western side of Digha-Sonepur Rail cum-Road Bridge of NH 139W in the State of Bihar (MoRTH) (618250) (N24002194) (10228),Ministry of Road Transport & Highways,Roads & Highways,Bihar,5/1/2024,11/1/2027,3064.45,0,15.83,0,3064.45,0,0,0,12/1/2028,396,13.01,1
618251,"Improvement and Up gradation to four lane with Paved shoulder configuration from Existing Km 0000 to Km 39500 design km 0500 to Km 40342, Design length km of NH 227A near Mehrauna GhatUP Bihar Border to Siwan on the state of Bihar on Hybrid Annuity Model HAM basis (MoRTH) (618251) (-) (10229)",Ministry of Road Transport & Highways,Roads & Highways,Bihar,9/1/2025,3/1/2028,1661.25,0,6.05,0,1661.25,0,0,0,3/1/2028,0,0,0
618252,"Improvement and Up-gradation to two Lane with Paved Shoulder/Four Lane configuration from existing Km 130.000 to Km 191.000 design km 131.500 to Km 188.735, Design length 57.235 Km of NH-227A near Barhalganj to Mehrauna Ghat in the state of Uttar Pradesh on Hybrid Annuity Model HAM basis (MoRTH) (618252) (N24002201) (10230)",Ministry of Road Transport & Highways,Roads & Highways,Uttar Pradesh,11/1/2024,5/1/2027,974.19,0.85,56,0.0873,1344.61,370.42,38.0234,1,5/1/2027,0,0,0
618253,Construction of missing link from Birhu to Lathiani from Km 35/550 Design chainage Km 0.000 to Km 42/800 Design Chainage Km 8.153on NH-503A including Lathiani Bridge on back water of Govindsagar and its approaches in Himachal Pradesh. (MoRTH) (618253) (-) (12090),Ministry of Road Transport & Highways,Roads & Highways,Himachal Pradesh,3/1/2026,3/1/2029,870.95,0,0,0,896.86,25.91,2.9749,1,3/1/2029,0,0,0
618254,Construction of Paderu bypass Km 0000 to Km 13000 of 2- lane with paved shoulder on NH-516E (MoRTH) (618254) (N24002148) (-),Ministry of Road Transport & Highways,Roads & Highways,Andhra Pradesh,1/1/2025,7/1/2026,244.43,15.38,13,6.2922,244.43,0,0,0,12/1/2026,153,5.03,1
618255,Two laning with paved shoulders of Lambasingi to Paderusection of NH 516E (MoRTH) (618255) (N24002142) (-),Ministry of Road Transport & Highways,Roads & Highways,Andhra Pradesh,11/1/2023,11/1/2025,361.24,114.73,43.22,31.76,358.05,-3.19,-0.8831,0,11/1/2026,365,11.99,1
618256,"Rehabilitation and Upgradation to 2-lane with paved should ders Sir, configuration of Chaprathipalem to Lambasingi section Km 165500 to Km 205000 of NH-516E in the State of Andhra Pradesh under Green National Highways Corridor Project GNHCP with the loan assistance of World Bank on EPC mode (MoRTH) (618256) (N24001958) (-)",Ministry of Road Transport & Highways,Roads & Highways,Andhra Pradesh,10/1/2022,10/1/2024,311.22,195.13,91.25,62.6984,311.22,0,0,0,5/1/2026,577,18.96,1
618257,Rehabilitation and Upgradation to 2-lane with paved shoulders configuration of Koyyuru to Chaprathipalem section Km 120000 to Km 165500 of NH-516E in the State of Andhra Pradesh under Green National Highways Corridor Project GNHCP with the loan assistance of World Bank on EPC mode (MoRTH) (618257) (N24001957) (-),Ministry of Road Transport & Highways,Roads & Highways,Andhra Pradesh,7/1/2022,7/1/2024,349.29,242.08,100,69.3063,349.29,0,0,0,3/1/2026,608,19.98,1
618258,Two laning with paved shoulders of Gondiguda to Araku uptoBhallaguda section of NH 516E (MoRTH) (618258) (N24001956) (-),Ministry of Road Transport & Highways,Roads & Highways,Andhra Pradesh,9/1/2021,9/1/2023,296.66,237.52,91.5,80.0647,289.11,-7.55,-2.545,0,4/1/2024,213,7,1
618259,Two laning with paved shoulders of Paderu to GundigudaSection of NH 516E (MoRTH) (618259) (N24001386) (-),Ministry of Road Transport & Highways,Roads & Highways,Andhra Pradesh,3/1/2021,3/1/2023,222.61,122.52,100,55.038,222.61,0,0,0,3/1/2024,366,12.02,1
618260,"Construction of Salempur bypass to 4LPS from km 64.000 of NH-727A Km 171.00 of Sonauli Balia Marg, old SH-01, near Mahadahan Chauraha to km 61.500 of NH-727B Km 178.500 of Sonauli Balia Marg, old SH-01, near near Ahirauli Village under Hybrid Annuity Mode HAM in the State of Uttar Pradesh (MoRTH) (618260) (-) (10231)",Ministry of Road Transport & Highways,Roads & Highways,Uttar Pradesh,11/1/2025,11/1/2027,1348.06,0,30.04,0,1348.06,0,0,0,11/1/2027,0,0,0
618262,Construction of Deoria Bypass from existing Km. 27.140 to existing Km. 46.780 Design Km. 49.109 on NH727A Design length 21.969 Km. to four lane with paved shoulder configuration under Hybrid Annuity Mode HAM in the State of Uttar Pradesh (MoRTH) (618262) (-) (10232),Ministry of Road Transport & Highways,Roads & Highways,Uttar Pradesh,8/1/2025,7/1/2027,1734.7,0,10,0,1734.7,0,0,0,7/1/2027,0,0,0
618263,"Rehabilitation and Up-gradation to 2LPS from Km. 0.000 to Km. 7.800 and Km. 35.400 to Km. 52.345 Design length 24.745 Km., except Bihar portion of NH-727B Tamkuhiraj to Bihar Border and Bihar Border to Majhauli on EPC mode in the State of Uttar Pradesh (MoRTH) (618263) (N24002213) (10233)",Ministry of Road Transport & Highways,Roads & Highways,Uttar Pradesh,1/1/2025,7/1/2026,701.02,0,81.18,0,701.02,0,0,0,7/1/2026,0,0,0
618264,"Widening and Strengthening to two Lane with Paved Shoulder/Four Lane with paved shoulder configuration from km. 61.500 of NH-727B near Nawalpur km 178.500 of Sonauli Balia Marg, Old SH-01 i.e. end point of Salempur Bypass to km. 106.495 of NH-727B near Sikanderpur under EPC mode (MoRTH) (618264) (-) (10234)",Ministry of Road Transport & Highways,Roads & Highways,Uttar Pradesh,12/1/2025,5/1/2028,2061.86,0,30,0,2061.86,0,0,0,5/1/2028,0,0,0
618265,Rehabilitation and upgradation to 2-lane with paved sholuders configuration of Miranpur Katra to radhaita section of NH-730CKm.114.000 to Km 137.250pakage-III in state of Uttar Pradesh undergreen national Highway Corridor ProjectGNHCP with the loan assistance of world Bank on EPC mode. (MoRTH) (618265) (N24001457) (-),Ministry of Road Transport & Highways,Roads & Highways,Uttar Pradesh,7/1/2022,7/1/2024,172.5,0,91,0,169.56,-2.94,-1.7043,0,7/1/2026,730,23.98,1
618266,Rehabilitation and upgradation to 2-lane with paved sholuders configuration of Bewar- Allahaganj- section of NH-730C Km.0.000 to Km 52.770 pakage-I in state of Uttar Pradesh undergreen national Highway Corridor Project GNHCP with the loan assistance of world Bank on EPC mode. (MoRTH) (618266) (N24001471) (-),Ministry of Road Transport & Highways,Roads & Highways,Uttar Pradesh,11/1/2022,11/1/2024,325.24,0,99,0,340.16,14.92,4.5874,1,7/1/2026,607,19.94,1
618267,Widening/Upgradation to four lane configuration of Shahjahanpur-Bisalpur section from km 0.00 to km 47.026 of NH-731K on Hybrid Annuity Mode in the state of Uttar Pradesh. (MoRTH) (618267) (-) (-),Ministry of Road Transport & Highways,Roads & Highways,Uttar Pradesh,5/1/2026,5/1/2028,1590.2,0,0,0,1590.2,0,0,0,,,,
618282,4-L Bilasipara-Guwahati Package-10 (NHIDCL) (618282),Ministry of Road Transport & Highways,Roads & Highways,Assam,12/1/2023,6/1/2026,1264.9,470.6,62.16,37.2045,1264.9,0,0,0,3/1/2027,273,8.97,1
618283,4-L Bilasipara-Guwahati Package-9 (NHIDCL) (618283),Ministry of Road Transport & Highways,Roads & Highways,Assam,12/1/2023,6/1/2026,1000.27,417.06,54.68,41.6947,1000.27,0,0,0,3/1/2027,273,8.97,1
618284,Widening/Improvement to 4-Lane with paved shoulder from Km 99930 to Km 143680 Design Chainage 96000 to 139750 of Paikan to Dhupdhara Sahar of Bilasipura-Guwahati Road on NH-17 in the state of Assam on EPC mode under Bharatmala Pariyojana in Economic Corridors Project Length 43.750km under NHO-NE Package-8 (NHIDCL) (618284),Ministry of Road Transport & Highways,Roads & Highways,Assam,12/1/2023,12/1/2026,1457.59,847.08,79.91,58.1151,1457.59,0,0,0,12/1/2026,0,0,0
618285,Widening/Improvement to 4 -Lane with Paved Shoulder from Ch. 88.000km to Ch.99.930 km Design Ch.84.100km to Ch.96.000 km of Sagunbashi forest near Nichinta to starting of Krishnai Bypass Section of Bilasipura Guwahati road NH 17 on EPC Package-7 (NHIDCL) (618285),Ministry of Road Transport & Highways,Roads & Highways,Assam,10/1/2023,10/1/2025,286.72,186.64,100,65.0949,286.72,0,0,0,1/1/2026,92,3.02,1
618286,Construction of New 2-Lane Bridge with its approaches from km 0000 to Km 4385 across River Brahmaputra on NH-17 at Jogighopa in Assam on EPC mode (NHIDCL) (618286),Ministry of Road Transport & Highways,Roads & Highways,Assam,11/1/2021,11/1/2024,746.76,417.02,79.23,55.8439,746.76,0,0,0,12/1/2026,760,24.97,1
618287,"Widening/Improvement to 4-Lane with paved Shoulder from Ch. 25.633 Km to Ch. 52.470 Km Design Ch. 21.850 Km to Ch.48.670 Km for Package-2 of Bilasipura- Guwahati road NH-17 Section Near Mowatari, before Chapar Bypass to Tulungia junction with NH-17 in the state of Assam on HAM mode under NHO- NE Package-2 (NHIDCL) (618287)",Ministry of Road Transport & Highways,Roads & Highways,Assam,12/1/2024,6/1/2027,1338.61,0,12.45,0,1338.61,0,0,0,6/1/2027,0,0,0
618288,"Widening/lmprovement to 4-Lane with Paved Shoulder from Ch.5.580 Km to Ch.25.633 Km Design Ch.0.000 Km to Ch.17.737km Km 901.100 to Km 921.145 of old NH-31 of Bilasipara- Guwahati road NH-17 Section Near Chirakuta to near Mowatari, before Chapar Bypass in the state ol Assam on HAM mode Package-1 (NHIDCL) (618288)",Ministry of Road Transport & Highways,Roads & Highways,Assam,2/1/2025,8/1/2027,1081.15,0,30.8,0,1081.15,0,0,0,8/1/2027,0,0,0
618289,Construction and up gradation to 4-Lane of existing two lane with paved shoulder from Hapachara to Tulungia road of NH-117 of existing Km 0.00 to km 14.050 and Design Km 0.000 to km 14.660 under BMP on EPC mode (NHIDCL) (618289),Ministry of Road Transport & Highways,Roads & Highways,Assam,6/1/2020,12/1/2022,224.85,204.31,97.76,90.865,224.85,0,0,0,3/1/2026,1186,38.97,1
618290,"Construction of 2-lane with Paved shoulder of Kohima- Bypass Road Connecting NH-39New NH-02, NH-150New NH-02, NH-61New NH-29, NH-39New NH-02 from Design Km 32.00 to Design Km 43.454Design Length-11.454 Km in the State of Nagaland under SARDP-NE on EPC Mode Package-IV (NHIDCL) (618290)",Ministry of Road Transport & Highways,Roads & Highways,Nagaland,10/1/2020,4/1/2022,202.36,94.2,45.55,46.5507,202.36,0,0,0,12/1/2026,1705,56.02,1
618291,"Construction of 2-lane with Paved shoulder of Kohima-Bypass Road connecting NH- 39 New NH-02, NH150New NH-02, NH7-61 New NH-29 and NH-39 New NH-02 from Design km 21.000 to km 32.268 [Design length11.268 km] in the state of Nagaland Under SARDP-NE on EPC Mode Package- 3 (NHIDCL) (618291)",Ministry of Road Transport & Highways,Roads & Highways,Nagaland,6/1/2023,6/1/2025,159.85,84.66,37.38,52.9622,342.29,182.44,114.132,1,12/1/2026,548,18,1
618292,Construction of 2-Lane with paved shoulder of Kohima-Bypass Road connecting New NH-02 and New NH-29 from Design Km 10.500 to design Km 21.000 [Design Length- 10.500 km] including TUNNEL of 500m at Ch. 11.000 in the state of Nagaland Under SARDP-NE on EPC Mode Package-2 (NHIDCL) (618292),Ministry of Road Transport & Highways,Roads & Highways,Nagaland,10/1/2020,10/1/2022,277.44,192.83,69.82,69.5033,277.44,0,0,0,6/1/2026,1339,43.99,1
618293,"Construction of 2-Lane with paved shoulder of Kohima-Bypass Road connecting NH-39New NH-02, NH-150New NH-02, NH-61New NH-29 and NH-39New NH-02 from design Km 0.00 to Km 10.500 in the State of Nagaland under SARDP-NE on EPC Mode Package-1 -Balance work (NHIDCL) (618293)",Ministry of Road Transport & Highways,Roads & Highways,Nagaland,11/1/2023,11/1/2026,232.29,16.22,25.61,6.9827,350.88,118.59,51.0526,1,11/1/2026,0,0,0
618294,Improvement and Widening of National Highway No. 127B Darugiri - Songsak - Williamnagar Junction Section to two lane with paved shoulder from design Km 0000 to Km 36635 Design length 36.635 Km existing Km 112000 to Km 151060 of NH-1278 under Bharatmala Pariyojana Lot-1 Pkg-1B Meghalaya portion (NHIDCL) (618294),Ministry of Road Transport & Highways,Roads & Highways,Meghalaya,9/1/2025,9/1/2027,801.07,64.53,24.74,8.0555,801.07,0,0,0,9/1/2027,0,0,0
618295,Improvement/Widening of New NH-217 Dainadubi-Darugiri section to Two lane with paved shoulder in Meghalaya from design Km 0000 to Km 40840 existing Km 8600 to Km 53000 of Old NH-62 under BMP Lot-1 Pkg-1B Meghalaya portion (NHIDCL) (618295),Ministry of Road Transport & Highways,Roads & Highways,Meghalaya,3/1/2025,3/1/2027,705.83,0,42.09,0,705.83,0,0,0,3/1/2027,0,0,0
618296,Balance work of Construction of 2-lane with hard shoulder of Kohima - Jessami road on NH-29 old NH-150 from existing km 98.380 near Chizami vill. to km120.367 Nagaland/Manipur Border [Design km 95.700 to design km 117.200] [Design Length 21.500 km] in the state of Nagaland Under Bharatmala Pariyojna on EPC Mode Package-V under NHO (NHIDCL) (618296),Ministry of Road Transport & Highways,Roads & Highways,Nagaland,11/1/2023,11/1/2025,330.8,0,93.04,0,330.8,0,0,0,6/1/2026,212,6.97,1
618297,Construction of 2-lane with hard shoulder of Kohima - Jessami road on NH-29 Old NH-150 from existing Km 30.474 Near Kidwema road Chakahabama to existing Km 53.220 Near Kikruma Village Design Km 29.60 to Km 51.50 Design length-21.90 Km in the state of Nagaland Under Bharatmala Pariyojna on EPC Mode under NHO Package-II -Balance work (NHIDCL) (618297),Ministry of Road Transport & Highways,Roads & Highways,Nagaland,1/1/2024,1/1/2026,355.79,0,43.13,0,355.79,0,0,0,12/1/2026,334,10.97,1
618298,Widening/Improvement of existing 2-Lane road to 4-Lane Divided Highway from Sekmai to Nilakuthi section of Imphal-Kohima Road Design Chainage from Km 297700 to Km 308729 of NH-39 New NH-02 in state of Manipur on EPC mode Pkg-5B (NHIDCL) (618298),Ministry of Road Transport & Highways,Roads & Highways,Manipur,7/1/2021,1/1/2023,211.7,237.43,91.76,112.154,211.7,0,0,0,6/1/2026,1247,40.97,1
618299,Improvement/Up-gradation of existing 2-Lane Road to 4-Lane Divided Highway from Daili to Kuraopokpi section of Imphal-Kohima road NH-02 Design Chainage from Km 274610 to Km 287000 in the state of Manipur on EPC mode Pkg-4B (NHIDCL) (618299),Ministry of Road Transport & Highways,Roads & Highways,Manipur,12/1/2024,6/1/2026,268.98,0,56.16,0,268.98,0,0,0,1/1/2027,214,7.03,1
618300,Improvement/Up-gradation of existing 2-Lane Road to 4-Lane Divided Highway from Taphukuki to Daili section of Imphal-Kohima road NH-02 Design Chainage from Km 262175 to Km 274610 in the state of Manipur on EPC mode Pkg-4A (NHIDCL) (618300),Ministry of Road Transport & Highways,Roads & Highways,Manipur,10/1/2020,4/1/2022,379.39,302.13,91.31,79.6357,379.39,0,0,0,8/1/2026,1583,52.01,1
618301,Widening/Improvement of existing 2-lane to 4-Lane Divided Highway from Kuraopokpi to Sekmai section of Imphal-Kohima Road Design Ch. km 287.00 to 297.700 of NH-39 New NH-02 in state of Manipur on EPC mode Pkg-5A (NHIDCL) (618301),Ministry of Road Transport & Highways,Roads & Highways,Manipur,2/1/2025,8/1/2026,228.97,33.77,48.16,14.7487,228.97,0,0,0,8/1/2026,0,0,0
618302,Widening/Improvement to 2-lane with earthen shoulder of Yaingangpokpi - Finch corner road section of NH-202 from Km 16.900 to Km 30.970 of NH-202 in the state of Manipur on EPC mode Package-2 (NHIDCL) (618302),Ministry of Road Transport & Highways,Roads & Highways,Manipur,7/1/2020,6/1/2022,256.04,0,97.12,0,256.04,0,0,0,6/1/2026,1461,48,1
618303,Widening/Improvement to 2-lane with earthen shoulder of Yaingangpokpi - Finch corner road section of NH-202 from Km 0.000 to Km 16.900 of NH-202 in the state of Manipur on EPC mode Package-1 (NHIDCL) (618303),Ministry of Road Transport & Highways,Roads & Highways,Manipur,7/1/2020,6/1/2022,222.77,0,88.85,0,222.77,0,0,0,4/1/2026,1400,46,1
618304,"Widening/Improvement to 2 Lane with earthen shoulder of Jessami to Laynen bridge Nagaland border section of NH-29 of Imphal -Ukhrul - Jessami Economic Corridor from km 0.000 to km 11.009 in the State of Manipur on EPC mode under Bharatmala Pariyojana, under NHO-NE Package-7 (NHIDCL) (618304)",Ministry of Road Transport & Highways,Roads & Highways,Manipur,12/1/2024,6/1/2026,164.89,125.76,23.56,76.269,164.89,0,0,0,10/1/2026,122,4.01,1
618305,Widening/Improvement to 2 lane with earthen shoulder of Marrem Khullen to Jessami section of NH-202 of Imphal - Ukhrul - Jessami Economic Corridor from Design Chainage km 95.700 to km 140.180 in the State of Manipur on EPC mode under Bharatmala Pariyojana under NHO-NE Package-6 (NHIDCL) (618305),Ministry of Road Transport & Highways,Roads & Highways,Manipur,12/1/2024,12/1/2026,554.66,201.52,22.55,36.3322,554.66,0,0,0,12/1/2026,0,0,0
618306,"Widening/Improvement to 2 lane with earthen shoulder of Choithar to Marrem Khullen section of NH-202 of Imphal Ukhrul Jessami Economic Corridor from Design Chainage km 53.110 to km 95.700 in the State of Manipur on EPC mode under Bharatmala Pariyojana, under NHO-NE Package-5 (NHIDCL) (618306)",Ministry of Road Transport & Highways,Roads & Highways,Manipur,5/1/2025,3/1/2027,564.05,72.58,14.08,12.8677,564.05,0,0,0,5/1/2027,61,2,1
618308,Construction of 4-Lane Panchgram Bypass from Design Chainage km 15500 on NH-37 Old NH-53 at Kalinagar Pt.-I Village to Design Chainage km 27300 at crossing with NH-6 Old NH-44 Near Siddeswar Pt.-I Village on Silchar - Churaibari stretch in the State of Assam on EPC Mode under Bharatmala Pariyojana in Economic Corridors Silchar- Churaibari Package-2 (NHIDCL) (618308),Ministry of Road Transport & Highways,Roads & Highways,Assam,8/1/2024,2/1/2027,676.18,0,57.17,0,728.97,52.79,7.8071,1,2/1/2027,0,0,0
618309,Widening/lmprovement to 4-Laning and Greenfield alignment with Paved shoulder of Silchar-Badarpur Churaibari section of NH-37 & NH-8 from Design chainage 38.600 End point of proposed Badarpur Bypass to Km. 62.800 Start point of proposed Nilambazar/Cheragi Bypass in the state of Assam on HAM Mode Package-4 (NHIDCL) (618309),Ministry of Road Transport & Highways,Roads & Highways,Assam,8/1/2025,8/1/2027,1319.55,0,14.6,0,1319.55,0,0,0,8/1/2027,0,0,0
618310,Widening/lmprovement to 4-L of Karimgani - sutarkandi section of NH 37 from design Ch 0020 Start of proposed Karimganj Bypass from NH -8 to design Chainage Km 14380 near Sutarkandi Spur Connectivity to Indo/Bangladesh Border on Silchar-Churaibari in the State of Assam on HAM Mode Package-7 (NHIDCL) (618310),Ministry of Road Transport & Highways,Roads & Highways,Assam,2/1/2025,2/1/2027,791.79,0.06,40.4,0.0076,791.79,0,0,0,2/1/2027,0,0,0
618311,Widening/lmprovement to 4-Lane with Paved shoulder for existing as well as Greenfield alignment of Badarpur Churaibari section of NH-8 from Design chainage 87.700 Chandkhira to Km. 106.500 Churaibari section Assam-Tripura border in the state of Assam on HAM Mode Package-6 (NHIDCL) (618311),Ministry of Road Transport & Highways,Roads & Highways,Assam,3/1/2025,3/1/2027,870,0,31.83,0,870,0,0,0,3/1/2027,0,0,0
618312,Widening/lmprovement to 4-Lane with Paved Shoulder from existing road and Greenfield alignment form Design Ch. 62.800 start of proposed Nilambazar/Cheragi Bypass to Design Ch. 87.700 near Chandkhira Village of NH-8 on Silchar-Churaibari in the state of Assam on HAM Mode Package-5 (NHIDCL) (618312),Ministry of Road Transport & Highways,Roads & Highways,Assam,4/1/2025,10/1/2027,1258.13,0,11,0,1258.13,0,0,0,10/1/2027,0,0,0
618313,Widening/lmprovement of Existing 2 lane to 4-Laning of Karimganj-Silchar section of NH-37 from Design Ch 0.000 near Silchar ISBT to Design Ch 15.970 near Kalinagar Pt I on NH-37 in Assam on HAM Mode Pkg-1 (NHIDCL) (618313),Ministry of Road Transport & Highways,Roads & Highways,Assam,9/1/2025,9/1/2027,1181.55,0,0,0,1181.55,0,0,0,9/1/2027,0,0,0
618314,4-Laning of Dhanehari Lailapur / Vairengte section from Existing Chainage km 12920 to km 43000 of NH 306 Design Chainage km 20000 to km 49360 on Silchar - Vairengte Sairang road in the State of Assam under Bharatmala Pariyojna on EPC mode. Project Length 29.360 km under NHO-NE Package-2 (NHIDCL) (618314),Ministry of Road Transport & Highways,Roads & Highways,Assam,2/1/2024,8/1/2026,1716.21,937.33,79.34,54.6163,1716.21,0,0,0,8/1/2026,0,0,0
618315,4-Laning of Silchar - Dhanehari section from Existing Chainage km 263800 of NH 37 to km 12920 of NH 306 Design Chainage km 0000 to km 20000 on Silchar - Vairengte - Sairang road in the State of Assam under Bharatmala Pariyojna on EPC mode Package-1 (NHIDCL) (618315),Ministry of Road Transport & Highways,Roads & Highways,Assam,1/1/2024,7/1/2026,1256.9,551.61,55.46,43.8865,1256.9,0,0,0,7/1/2026,0,0,0
618316,4-Laning of Vairengte - Chhimluang section Package-3 of NH-306 from Existing Chainage km 43000 to Km 59700 Design Chainage km 46000 to km 60850 on Silchar - Vairengte- Sairang road in the State of Mizoram under Bharatmala Pariyojna under NHO-NE. Package-1&2 in Assam state (NHIDCL) (618316),Ministry of Road Transport & Highways,Roads & Highways,Mizoram,7/1/2025,1/1/2027,491.39,34.51,17.86,7.0229,491.39,0,0,0,12/1/2026,-31,-1.02,0
618317,4-Laning of chhimluang-Kolasib from section pkg-4 of NH-306 & NH-6 existing chainage km 59700 to km 86000 design chainage km 61000 to km 77500 on Silchar-vairengte-sairang road in the state of Mizoram under Bharatmala Pariyojna on EPC mode Vairengte - Sairang Pkg-4 (NHIDCL) (618317),Ministry of Road Transport & Highways,Roads & Highways,Mizoram,7/1/2025,1/1/2027,561.91,0,17.12,0,561.91,0,0,0,12/1/2026,-31,-1.02,0
618318,4-Laning of Kolasib - Sethawn section Package-5 of NH-6 from Existing Chainage km 86000 to km 107850 Design Chainage km 77500 to km 95500 on silchar - vairengte - sairang road under Bharatmala Pariyojna on EPC mode under NHO-NE Vairengte - Sairang Pkg-5 (NHIDCL) (618318),Ministry of Road Transport & Highways,Roads & Highways,Mizoram,7/1/2025,7/1/2027,720.4,40.57,11.86,5.6316,720.4,0,0,0,6/1/2027,-30,-0.99,0
618319,"4-Laning of Sethawn - N. Kawnpui section Package-6 of NH-6 from Existing Chainage km 107850 to km 126315 Design Chainage km 95500 to km 111850 on Silchar-Vairengte- Sairang road, Vairengte - Sairang Pkg-6 (NHIDCL) (618319)",Ministry of Road Transport & Highways,Roads & Highways,Mizoram,7/1/2025,1/1/2027,595.65,21.02,6.72,3.5289,595.65,0,0,0,12/1/2026,-31,-1.02,0
618320,Construction of 4-Laning of N. Kawnpui N. Mualvum Mualkhang via Khamrang Village section Package-7 of NH-6 from Existing Chainage km 127200 to km 142000 Design Chainage km 111850 to km 123400 on Silchar - Vairengte - Sairang road in the State of Mizoram on EPC mode (NHIDCL) (618320),Ministry of Road Transport & Highways,Roads & Highways,Mizoram,10/1/2025,10/1/2028,866.32,0,18.9,0,866.32,0,0,0,,,,
618321,Construction of 4-Laning of West Serawlg-Sairang section of NH-6 from Existing Chainage km 142000 to km 158900 Design Chainage km 123400 to km 136260 on Silchar - Vairengte - Sairang road in the State of Mizoram under Bharatmala Pariyojna on EPC mode under NHO-NE Package-8 (NHIDCL) (618321),Ministry of Road Transport & Highways,Roads & Highways,Mizoram,11/1/2025,11/1/2028,875.79,0,13.95,0,875.79,0,0,0,,,,
618323,Construction of Twin Tube Uni-directional Aizawl Bypass Tunnel of 2.5 km and its approaches of 2.1 km from km 10.600 to km 15.200 on Sarrang - Phaibawk section of NH-6 in the State of Mizoram on EPC Mode under NHO-NE Package- 2 (NHIDCL) (618323),Ministry of Road Transport & Highways,Roads & Highways,Mizoram,12/1/2025,12/1/2028,1313.28,0,0,0,1313.28,0,0,0,,,,
618324,Construction of 2-lane Aizawl Bypass from km 15.200 to km 34.500 Package-3 on Sairang - Phaibawk section of NH-6 in the State of Mizoram under Bharatmala Pariyojna on EPC Mode under NHO-NE (NHIDCL) (618324),Ministry of Road Transport & Highways,Roads & Highways,Mizoram,10/1/2025,11/1/2028,720.72,0,15.1,0,720.72,0,0,0,,,,
618325,Dillai to Lahorijan Package-7 (NHIDCL) (618325),Ministry of Road Transport & Highways,Roads & Highways,Assam,1/1/2023,7/1/2024,204.1,0,0,0,204.1,0,0,0,12/1/2025,518,17.02,1
618326,Widening/Improvement to 4-Lane with Paved Shoulder from KM 38500 to Km 51246 Design Chainage 38500 to 50959 with proposed Daboka Bypass of Daboka-Parokhaowa of NH 29 on EPC under NHO-NE Package-1 (NHIDCL) (618326),Ministry of Road Transport & Highways,Roads & Highways,Assam,11/1/2023,11/1/2025,516.88,0,98.41,0,516.88,0,0,0,6/1/2026,212,6.97,1
618327,Widening/Improvement to 4-Lane with Paved Shoulder from KM 113300 to Km 146230 Design Chainage 113830 to 145712 of Kwaram Taro Village - Dillai Section in Assam on EPC Package-6 (NHIDCL) (618327),Ministry of Road Transport & Highways,Roads & Highways,Assam,7/1/2022,7/1/2024,625.64,0,0,0,625.64,0,0,0,3/1/2025,243,7.98,1
618328,4-Laning of Balance work of Dimapur-Kohima Road from design km 152.490 to km 166.700 Existing km 156.000 to km 172.900 Excluding Dimapur & Kohima Bypass under SARDP-NE Package-III (NHIDCL) (618328),Ministry of Road Transport & Highways,Roads & Highways,Nagaland,9/1/2023,9/1/2025,562.98,119.71,82.59,21.2636,794.75,231.77,41.1684,1,,,,
618331,lmprovement to 4-Lane with Paved Shoulder from existing km 260000 Design Ch.4560 km to existing km Ch.233000 D. Ch.24560 of Silchar near Nutan Dayapur village - Budha Nagar Section Length-20.00 Km of NH-37 under Package Silchar-Jiribam Pkg-1 in the state of Assam on HAM Mode (NHIDCL) (618331),Ministry of Road Transport & Highways,Roads & Highways,Assam,1/1/2025,1/1/2028,957.95,149.54,36.56,15.6104,957.95,0,0,0,1/1/2028,0,0,0
618333,Widening to 2 lane with Paved shoulder of lmphal to Jiribam section of NH-37 from Design Ch. from km 169570 Near Nungkao vlllage under Tamenglong District to km 205974 near Jiribam Bridge under Jiribam district under NHO-NE PKG-7 (NHIDCL) (618333),Ministry of Road Transport & Highways,Roads & Highways,Manipur,12/1/2023,12/1/2025,760.16,419.61,91.32,55.2002,760.16,0,0,0,6/1/2026,182,5.98,1
618334,Widening to 2 Lane with Paved shoulder of lmphal to Jiribam section of NH-37 from Design Ch. from km 131.280 to km 169.570 on EPC mode in Manipur under NHO-TSP PKG-6 (NHIDCL) (618334),Ministry of Road Transport & Highways,Roads & Highways,Manipur,2/1/2023,2/1/2025,504.76,308.08,95.2,61.0349,504.76,0,0,0,6/1/2026,485,15.93,1
618335,Widening to 2 Lane with Paved shoulder of lmphal to Jiribam section of NH-37 from Design Ch. from Km 101280 Near Khongsang Village to Km 131280 near Puilon Kambiron Village on EPC Mode in Manipur PKG-5 (NHIDCL) (618335),Ministry of Road Transport & Highways,Roads & Highways,Manipur,11/1/2022,5/1/2024,410.68,341.99,89.95,83.2741,410.68,0,0,0,6/1/2026,761,25,1
618336,Widening to 2 -Lane with Paved shoulder of Imphal to Jiribam section of NH-37 from Design Chainage 66.110 km to 101.280 Km Existing Chainage km 67.496 to km 103.557 on EPC Mode in Manipur PKG-4 (NHIDCL) (618336),Ministry of Road Transport & Highways,Roads & Highways,Manipur,6/1/2022,12/1/2023,579.63,381.11,85.89,65.7506,579.63,0,0,0,7/1/2026,943,30.98,1
618337,Widening to 2 -Lane with Paved shoulder of Imphal to Jiribam section of NH-37 from Design Chainage 33.000 km to 66.390 Km Existing Chainage from km 33.395 to km 67.496 on EPC Mode in Manipur PKG-3 (NHIDCL) (618337),Ministry of Road Transport & Highways,Roads & Highways,Manipur,9/1/2021,3/1/2023,467,571.25,86.33,122.3233,467,0,0,0,3/1/2026,1096,36.01,1
618339,Widening/Improvement to 2-Lane Lane with Paved Shoulder from km 16900 Bogapani to km 27150 Golai Goan on existing Dibrugarh to Ledo section with proposed Digboi Bypass Green Field and Brownfield 2-LanePS of NH-315 OLD NH-38 in Tinsukia District under NHO- NE Package-4 (NHIDCL) (618339),Ministry of Road Transport & Highways,Roads & Highways,Assam,12/1/2023,12/1/2026,356.65,0,20.45,0,356.65,0,0,0,,,,
618340,Widening/Improvement to 4-Lane with Paved Shoulder from km 626030 Nalani hulla Gaon to km 650450 Chotahapjan on existing Tinsukhia -Makum Bypass of NH-15 OLD NH-37 and Strengthening of existing NH-315 OLD NH-38 from Km 0000 Chotahapjan to Km 16900 Bogapani section 2-Lane PS in Assam on EPCMode under NHO-NE Package-3 (NHIDCL) (618340),Ministry of Road Transport & Highways,Roads & Highways,Assam,5/1/2023,5/1/2025,458.59,236.85,85.15,51.6474,458.59,0,0,0,7/1/2026,426,14,1
618341,Up-gradation to 2-lane with paved shoulders of Ngopa - Pawlrang section of NH 102B of Aizawl - Imphal Economic Corridor from Existing Chainage km 32.796 to km 72.030 [Design Chainage km 31.280 to km 68.170] in the State of Mizoram under Bharatmala Pariyojna on EPC mode under NHO-NE Package-2 Keifang- Tuivai Pkg-2 (NHIDCL) (618341),Ministry of Road Transport & Highways,Roads & Highways,Mizoram,9/1/2023,2/1/2025,523.78,394.29,95.31,75.2778,523.78,0,0,0,6/1/2026,485,15.93,1
618342,Rehabilitation and upgradation to 2 Lane with Paved shoulder of Economic corridor of NH-6 from Design chaiange Km 0.000 to Km 13.510 Package-1 in the state of Mizoram under Bharatmala Pariyojana on EPC mode (NHIDCL) (618342),Ministry of Road Transport & Highways,Roads & Highways,Mizoram,7/1/2020,6/1/2022,206.9,0,0,0,206.9,0,0,0,6/1/2024,731,24.02,1
618343,"Rehabilitation and Up gradation to 2-lane with paved shoulder of Keifang Section Economic Corridor of NH-06 from Existing Chainage Km 30050 Keifang to Km 50360 Keifang, Design Chainage Km 27400 to Km 45040 PkgIII in the State of Mizoram under Bharatmala Pariyojna on EPC Mode Seling-Dulte - III (NHIDCL) (618343)",Ministry of Road Transport & Highways,Roads & Highways,Mizoram,7/1/2020,6/1/2022,292.23,0,0,0,292.23,0,0,0,12/1/2024,914,30.03,1
618344,Widening to 2-lane with Hard shoulder of Churachandpur to Tuivai Section of NH- 102B from Design Chainage 69.875 Km to 121.769 Km in the State of Manipur on EPC mode Package-3 (NHIDCL) (618344),Ministry of Road Transport & Highways,Roads & Highways,Manipur,8/1/2021,8/1/2023,673.27,508.53,83.6,75.5314,673.27,0,0,0,12/1/2026,1218,40.02,1
618345,Widening to 2-lane with Hard shoulder of Churachandpur to Tuivai Section from Km 48.587 to Km 69.875 in the State of Manipur on EPC mode under NHO Package-2B (NHIDCL) (618345),Ministry of Road Transport & Highways,Roads & Highways,Manipur,8/1/2020,8/1/2022,365.53,187.39,87.28,51.2653,365.53,0,0,0,7/1/2026,1430,46.98,1
618346,Widening to 2-lane with Hard shoulder of Churachandpur to Tuivai Section of NH- 102B from km 32.835 to km 48.587 in the State of Manipur on EPC mode under NHO Package-2A (NHIDCL) (618346),Ministry of Road Transport & Highways,Roads & Highways,Manipur,7/1/2020,6/1/2022,232.99,150.9,100,64.7667,232.99,0,0,0,3/1/2026,1369,44.98,1
618347,Widening to 2-lane with Hard shoulder of Churachandpur to Tuivai Section of NH- 102B from km 13.747 to km 32.835 in the State of Manipur on EPC mode under NHO Package-1B (NHIDCL) (618347),Ministry of Road Transport & Highways,Roads & Highways,Manipur,7/1/2020,6/1/2022,241.52,152.86,100,63.2908,241.52,0,0,0,3/1/2026,1369,44.98,1
618348,Balance work of Widening to 2 Two lane with hard shoulder of Churachandpur to Tuivai section of NH-102B from km 130.000 to km 141.029 Package-4B in the State of Manipur on EPC Mode (NHIDCL) (618348),Ministry of Road Transport & Highways,Roads & Highways,Manipur,11/1/2025,11/1/2026,177.76,2.62,4.45,1.4739,177.76,0,0,0,11/1/2026,0,0,0
618349,Balance work of Widening to 2 Two lane with hard shoulder of Churachandpur to Tuivai section of NH-102B from Design Chainage km 118850 to km 130000 Package-4A in the State of Manipur on EPC Mode (NHIDCL) (618349),Ministry of Road Transport & Highways,Roads & Highways,Manipur,8/1/2025,8/1/2026,204.12,0,22.5,0,204.12,0,0,0,8/1/2026,0,0,0
618350,Improvement & widening of existing NH-08 to 4-lane with Paved Shoulder from Champak Nagar to Khayerpur section design Km 242500 to Km 261610 in the state of Tripura on EPC basis under NHO-NE (NHIDCL) (618350),Ministry of Road Transport & Highways,Roads & Highways,Tripura,9/1/2024,9/1/2026,920.66,0,43.8,0,920.66,0,0,0,3/1/2027,181,5.95,1
618351,Widening & Upgradation to 2 lanes with paved shoulders road from Tamenglong to Mahur NH-137 in the State of Assam starting from km 156.489 near P. Leikul to km 176.410 near Borowapu on EPC mode under NHO-NE Assam portion Package-10 (NHIDCL) (618351),Ministry of Road Transport & Highways,Roads & Highways,Assam,8/1/2023,8/1/2025,890.33,588.02,90.5,66.0452,693.15,-197.18,-22.1468,0,9/1/2026,396,13.01,1
618352,Widening & Upgradation to 2 lanes with paved shoulders road from Tamenglong to Mahur NH-137 in the State of Assam starting from km 136.500 near Hejaichak to km 156.489 near P. Leikul Package-9 on EPC mode under NHO-NE Package- 9 (NHIDCL) (618352),Ministry of Road Transport & Highways,Roads & Highways,Assam,8/1/2023,8/1/2025,860.37,545.83,87.5,63.4413,614.43,-245.94,-28.5854,0,7/1/2026,334,10.97,1
618353,Widening & Upgradation to 2-lanes with paved shoulders road from Tamenglong to Mahur NH-137 in the State of Assam starting from km 116.480 near Hangrum to km 136.500 near Hejaichak Package-8 on EPC mode under NHO-NE Package 8 (NHIDCL) (618353),Ministry of Road Transport & Highways,Roads & Highways,Assam,8/1/2023,8/1/2025,904.04,538.33,85.2,59.5471,904.04,0,0,0,9/1/2026,396,13.01,1
618354,Wideinig & Upgradation to 2-lanes with paved shoulders road from Tamenglong to Mahur NH-137 in the State of Assam starting from km 96.870 near Jiri River to km 116.550 near Hangrum Package-7 on EPC mode Package7 (NHIDCL) (618354),Ministry of Road Transport & Highways,Roads & Highways,Assam,3/1/2024,3/1/2026,846.82,0,85.29,0,846.82,0,0,0,12/1/2026,275,9.03,1
618355,"Construction of of 2 -Lane with paved shoulders road from Tamenglong-Tousem- Lisang-Mahur Road NH-137 starting near Dialong Village from km 10.000 at Dialong to km 31.430 near Old Tamenglong , near Barak River on EPC Mode Package-2 (NHIDCL) (618355)",Ministry of Road Transport & Highways,Roads & Highways,Manipur,9/1/2021,3/1/2023,483.87,363.16,95.28,75.0532,483.87,0,0,0,3/1/2026,1096,36.01,1
618356,Construction of 2 -Lane with paved shoulders road from Tamenglong to Mahur in the state of Manipur from km 31.430 at Old Tamenglong to km 43.480 ending near Phelong on EPC Mode Package-3 (NHIDCL) (618356),Ministry of Road Transport & Highways,Roads & Highways,Manipur,6/1/2021,12/1/2022,234.08,197.91,100,84.548,234.08,0,0,0,4/1/2026,1217,39.98,1
618357,Construction of 2 -Lane with paved shoulders road from Tamenglong to Mahur NH-137 in Manipur starting from km 54.180 near Azuram to km 80.630 near Mandeu on EPC Mode Package 5 (NHIDCL) (618357),Ministry of Road Transport & Highways,Roads & Highways,Manipur,11/1/2021,5/1/2023,477.86,330.1,84.87,69.0788,477.86,0,0,0,1/1/2026,976,32.07,1
618358,Construction of 2 -Lane with paved shoulders road from Tamenglong to Mahur NH-137 starting from km 80.630 near Mandeu to km 96.870 near Jiri River on EPC Mode Package-6 (NHIDCL) (618358),Ministry of Road Transport & Highways,Roads & Highways,Manipur,11/1/2021,5/1/2023,311.18,230.69,86.73,74.1339,311.18,0,0,0,12/1/2025,945,31.05,1
618359,Widening/Improvement to 4-Lane with Paved Shoulder from km 55000 Nagabang Gamsuk to km 82514 Oyan in the State of Assam and Arunachal Pradesh on EPC mode under Bharatmala Pariyojna of Length 27.514 Km Package-3 (NHIDCL) (618359),Ministry of Road Transport & Highways,Roads & Highways,"Multi-States (Assam, Arunachal Pradesh)",9/1/2024,3/1/2027,665.47,305.63,96.7,45.9269,665.47,0,0,0,3/1/2027,0,0,0
618362,Construction of 2-laning with hard shoulder of Lunglei to Chhumkhum from Design Chainage Km 0.000 to Km 37.420 of NH-302 [Lunglei-Tlabung] Package- A (NHIDCL) (618362),Ministry of Road Transport & Highways,Roads & Highways,Mizoram,6/1/2021,12/1/2022,698.45,557.98,64.78,79.8883,698.45,0,0,0,6/1/2026,1278,41.99,1
618363,Construction of 2-laning with hard shoulder configuration of Chhumkhum to Tlabung from Design Chainage Km 37.420 to Km 74.950 of NH-302 in Mizoram under Bharatmala Pariyojana on EPC mode [Pkg-B] (NHIDCL) (618363),Ministry of Road Transport & Highways,Roads & Highways,Mizoram,7/1/2021,1/1/2023,740.58,432.25,61.34,58.3664,740.58,0,0,0,12/1/2026,1430,46.98,1
618364,"Widening to 2 Lane with Hard shoulder of Akegwo-Avangkhu section of NH-202K for Package-I Design Chainage 0000 Km to 34795 Km, in the State of Nagaland on EPC mode under NH O-NE (NHIDCL) (618364)",Ministry of Road Transport & Highways,Roads & Highways,Nagaland,8/1/2023,2/1/2026,430.24,0,87,0,430.24,0,0,0,2/1/2026,0,0,0
618365,Widening to 2 Lane with Hard shoulder of Akegwo-Avangkhu section of NH-202K for Package-III Design Chainage 69875 Km to 106816 Km in the State of Nagaland on EPC mode under NHO-NE (NHIDCL) (618365),Ministry of Road Transport & Highways,Roads & Highways,Nagaland,8/1/2023,2/1/2026,497.18,0,85.67,0,497.18,0,0,0,2/1/2026,0,0,0
618366,Widening to 2 Lane with Hard shoulder of Akegwo-Avangkhu section of NH-202K for Package-II Design Chainage 34795 Km to 69875 Km in the State of Nagaland on EPC mode under NHO-NE (NHIDCL) (618366),Ministry of Road Transport & Highways,Roads & Highways,Nagaland,8/1/2023,2/1/2026,442.54,0,58.5,0,442.54,0,0,0,2/1/2026,0,0,0
618371,"Widening/Improvement to 4-Lane with Paved Shoulder configuration of existing single lane road from Srirampur near Bhairiguri Village to Kachukhana Harichara Paglagaunj Package-I of Srirampur - Dhubri Section of NH-127B from existing Km 0.000 to Km 28.050 Design Km 0.000 to Km 27.650, Design Length27.650 Km under JICA ODA Loan assistance Phase-V -Balance work (NHIDCL) (618371)",Ministry of Road Transport & Highways,Roads & Highways,Assam,11/1/2024,11/1/2026,613.89,260.02,84.98,42.3561,613.89,0,0,0,11/1/2026,0,0,0
618372,"Widening / Improvement to 4-Lane with Paved Shoulder configuration of existing single lane road from Kachukhana Harichara Paglagaunj to Dhubri - Phulbari Bridge approach Package-II of Srirampur - Dhubri Section of NH-127B from existing Km 28.050 to Km 55.060 Design Km 27.650 to Km 54.154, Design Length26.504 Km under JICA ODA Loan assistance Phase-V [Srirampur - Dhubri Pkg-2] (NHIDCL) (618372)",Ministry of Road Transport & Highways,Roads & Highways,Assam,1/1/2023,1/1/2025,909.02,638.5,100,70.2405,909.02,0,0,0,6/1/2025,151,4.96,1
618373,"Construction of 4-Lane Bridge including approaches over River Brahmaputra between Dhubri on North Bank,Assam and Phulbari on south Bank,Meghalaya on NH-127B under JICA ODA Loan assistance Phase-III (NHIDCL) (618373)",Ministry of Road Transport & Highways,Roads & Highways,Assam,12/1/2020,9/1/2028,4997.04,2837.17,76.01,56.777,4997.04,0,0,0,9/1/2028,0,0,0
618374,Improvement/Widening to 2-L with Paved Shoulder/ 4-Laning of NH-40 section from Km 151330 to Km 163400 design Km 63.530 to Km 71.520 including Dawki Bridge of length 368 m between Shillong-Dawki under JICA ODA Loan assistance Phase-II Pkg-5 -Balance work (NHIDCL) (618374),Ministry of Road Transport & Highways,Roads & Highways,Meghalaya,5/1/2024,11/1/2026,284.21,0,41.42,0,284.21,0,0,0,11/1/2026,0,0,0
618375,Improvement/Widening to 2-Lane with Paved Shoulder from design Km 45.760 to Km 63.530 between Shillong-Dawki under JICA ODA Loan assistance Phase-II - Balance work Pkg-4 (NHIDCL) (618375),Ministry of Road Transport & Highways,Roads & Highways,Meghalaya,4/1/2024,4/1/2026,445.51,42.36,50.8,9.5082,445.51,0,0,0,10/1/2026,183,6.01,1
618376,Improvement/Widening to 2-Lane with Paved Shoulder between Shillong-Dawki road up to Bangladesh Border from design Km 10.670 to Km 37.550 under JICA ODA Loan assistance Phase-II -Balance Work-Pkg-2 (NHIDCL) (618376),Ministry of Road Transport & Highways,Roads & Highways,Meghalaya,2/1/2024,8/1/2026,525.67,0,50.66,0,525.67,0,0,0,12/1/2026,122,4.01,1
618377,Improvement/Widening to 2-L with Paved Shoulder/4-L from Km 81740 to Km 93490 design Km 0000 to Km 10670 of NH-40 New NH-106 & 206 section & 4-L from design Km 0.00 to Km 0.930 of NH-44 section between Shillong-Dawki under JICA ODA Loan assistance Phase-II -Balance Work Pkg-1 (NHIDCL) (618377),Ministry of Road Transport & Highways,Roads & Highways,Meghalaya,10/1/2023,10/1/2025,351.12,0,98.72,0,351.12,0,0,0,6/1/2026,243,7.98,1
618379,Widening and Up-gradation to 2- Lane with Paved Shoulder Configuration and geometric improvement from Km. 208. 000 to Km 250.000 Package-5 on Aizawl Tuipang Section of NH-54 in the State of Mizoram Package-5 (NHIDCL) (618379),Ministry of Road Transport & Highways,Roads & Highways,Mizoram,10/1/2019,4/1/2023,752.89,125.62,95.35,16.685,752.89,0,0,0,6/1/2026,1157,38.01,1
618380,Widening and Up-gradation to 2- Lane with Paved Shoulder Configuration and geometric improvement from Km. 125. 000 to Km 166 Package-3 on Aizawl Tuipang Section of NH-54 in the State of Mizoram Package-3 (NHIDCL) (618380),Ministry of Road Transport & Highways,Roads & Highways,Mizoram,10/1/2019,4/1/2023,867.09,159.47,97.51,18.3914,867.09,0,0,0,6/1/2026,1157,38.01,1
618381,Widening and up-gradation to 2-lane with paved shoulder configuration and geometric improvements from km 250.00 Lunglei to km 298.00 on Aizawl- Tuipang section under JICA ODA Loan assistance Phase-I Package-6 (NHIDCL) (618381),Ministry of Road Transport & Highways,Roads & Highways,Mizoram,12/1/2019,6/1/2023,768.76,168.78,98.73,21.9548,768.76,0,0,0,5/1/2025,700,23,1
618382,Widening and up-gradation to 2-lane with paved shoulder configuration and geometric improvements from km 298.00 to km 339.00 on Aizawl-Tuipang section under JICA ODA Loan assistance Phase-I Package-7 (NHIDCL) (618382),Ministry of Road Transport & Highways,Roads & Highways,Mizoram,10/1/2020,4/1/2024,605.76,0.01,100,0.0017,750.32,144.56,23.8642,1,5/1/2025,395,12.98,1
618383,Widening and up-gradation to 2-lane with paved shoulder configuration and geometric improvements from km 339.00 to km 380.00 Siaha on Aizawl-Tuipang section under JICA ODA Loan assistance Phase-I Package-8 (NHIDCL) (618383),Ministry of Road Transport & Highways,Roads & Highways,Mizoram,3/1/2020,9/1/2023,637.06,101.89,99.82,15.9938,637.06,0,0,0,6/1/2026,1004,32.99,1
618384,Widening and Up-gradation to 2- Lane with Paved Shoulder Configuration and geometric improvement from Km. 166. 000 to Km 208.000 Package-4 on Aizawl Tuipang Section of NH-54 in the State of Mizoram Package-4 (NHIDCL) (618384),Ministry of Road Transport & Highways,Roads & Highways,Mizoram,10/1/2019,4/1/2023,899.45,191.59,99.88,21.3008,899.45,0,0,0,4/1/2025,731,24.02,1
618387,Construction of 2-laning with Hard shoulder of Ukhrul Tolloi - Tadubi section of NH-102A from Design Chainage km 9450 to km 50850 in the State of Manipur on EPC mode under NHO-NE Package-2 (NHIDCL) (618387),Ministry of Road Transport & Highways,Roads & Highways,Manipur,3/1/2024,3/1/2026,578.98,249.58,80.02,43.1068,578.98,0,0,0,12/1/2026,275,9.03,1
618388,Construction of 2-laning with Hard shoulder road of Ukhrul - Tolloi - Tadubi section of NH-102A from Design Chainage 50.850 km to 81.870 km in the State of Manipur on EPC mode under NHO-TSP Package -3 (NHIDCL) (618388),Ministry of Road Transport & Highways,Roads & Highways,Manipur,7/1/2023,1/1/2025,315.56,228.02,91.11,72.2588,315.56,0,0,0,7/1/2026,546,17.94,1
618389,Construction of 2-laning with Hard shoulder road of Ukhrul - Tolloi - Tadubi section of NH-102A from Design Chainage 81.870 km to 105.825 km in the State of Manipur on EPC mode under NHO-TSP Package -4 (NHIDCL) (618389),Ministry of Road Transport & Highways,Roads & Highways,Manipur,8/1/2022,2/1/2024,310.76,247.28,97,79.5727,310.76,0,0,0,6/1/2026,851,27.96,1
618390,"Construction, Operation & Maintenance of 2-L Bi-directional Silkyara Bend- Barkot Tunnel with escape passage including approaches Tunnel-4.531 & Approach road- 0.328 on Dharasu-Yamunotri section b/w Chainage 25.400km and 51.00km falling along NH-134 Old NH-94 on EPC mode (NHIDCL) (618390) (N24000855) (10297)",Ministry of Road Transport & Highways,Roads & Highways,Uttarakhand,7/1/2018,7/1/2022,1383.78,710.42,72.85,51.3391,1383.78,0,0,0,3/1/2027,1704,55.98,1
618391,"Construction for Mitigation Measures of 5 Nos. Landslides, 05 No. Sinking Zones and 01 No. Bridge from Ch. 450.00 to Ch. 468.00 18 Km. Length on NH-07 Package-III (NHIDCL) (618391) (N24002164) (-)",Ministry of Road Transport & Highways,Roads & Highways,Uttarakhand,6/1/2024,12/1/2025,250.33,0,83.54,0,250.33,0,0,0,2/1/2027,427,14.03,1
618392,"Construction for Mitigation Measures of 5 Nos. Landslides, 5 Nos. Sinking Zones in between Ch. 433.00 to 450.00 BANERPANI VILLAGE on NH-07 on EPC mode in the state of Uttarakhand Package-2 (NHIDCL) (618392) (N24002206) (-)",Ministry of Road Transport & Highways,Roads & Highways,Uttarakhand,12/1/2024,6/1/2026,259.64,0,62.93,0,259.64,0,0,0,1/1/2027,214,7.03,1
618393,"Construction for Mitigation Measures of 10 Nos. Landslides, 01 No. Sinking Zones and 1 No. of Minor Bridge in between at Ch. Km 368.00 to Km 433.00 on NH-07 on EPC Mode in Uttarakhand Package-1 (NHIDCL) (618393) (N24002163) (-)",Ministry of Road Transport & Highways,Roads & Highways,Uttarakhand,6/1/2024,12/1/2025,216.68,107.69,96,49.7,216.68,0,0,0,,,,
618394,Up-gradation to 2-lane with Paved Shoulder from Km 12.850 to Km20.300 of 7.450Km length on Goha-Khellani section and a link road to Goha village of 2.016 km on NH- 244 in UT of Jammu and Kashmir on EPC Mode Pkg-1 (NHIDCL) (618394) (N24001264) (-),Ministry of Road Transport & Highways,Roads & Highways,Jammu and Kashmir,10/1/2020,4/1/2022,228.39,163.81,94.26,71.7238,225.37,-3.02,-1.3223,0,10/1/2026,1644,54.01,1
618395,"Construction & Upgradation to 2-lane with paved shoulder from Design Ch. Km 51700 at Premnagar km 66315 to Km 66535 New Thatri at Start of Km 83rd, Tunnel Km 82665 of 14.835 Km design length on Chenani-Sudhmahadev-Goha Khellani- Kishtwar-Vailoo Donipawa-Ashajipora section of NH-244 in the UT of J&K on EPC Mode under NHO-Gen Pkg - 2 (NHIDCL) (618395) (N24001394) (10298)",Ministry of Road Transport & Highways,Roads & Highways,Jammu and Kashmir,8/1/2021,2/1/2023,512.43,155.69,53.49,30.3827,512.43,0,0,0,10/1/2026,1338,43.96,1
618396,Construction & Upgradation to 2 lane with paved shoulder from Design Km. 31.449 Khellani Ex. Km 44.946 to Km 51.700 Prem Nagar Ex. Km 68617 of 20.251 Km length on Khellani - Kishtwar - Chattroo section of NH-244 in the UT of J&K on EPC Mode under NHO-Gen PKG- 1 (NHIDCL) (618396) (N24001323) (-),Ministry of Road Transport & Highways,Roads & Highways,Jammu and Kashmir,3/1/2021,8/1/2022,486.45,0,0,0,486.45,0,0,0,10/1/2024,792,26.02,1
618397,Widening and Up-gradation to 2-Lane with Paved Shoulder of configuration and geometric improvement from Km 0.000 to Km 16.990 on Chenani Sudhmahadev section of NH-244 in UT of Jammu and Kashmir to be executed on EPC basis (NHIDCL) (618397) (-) (-),Ministry of Road Transport & Highways,Roads & Highways,Jammu and Kashmir,11/1/2018,11/1/2020,255.9,0,0,0,255.9,0,0,0,2/1/2022,457,15.01,1
618398,Up-gradation to 2-lane with Paved Shoulder from Km 20.300 to Km 29.030 of 8.730 Km length on Goha-Khellani section on NH-244 in UT of Jammu and Kashmir on EPC Mode Package II (NHIDCL) (618398) (N24001266) (-),Ministry of Road Transport & Highways,Roads & Highways,Jammu and Kashmir,10/1/2020,4/1/2022,210.79,174.92,96.95,82.9831,210.79,0,0,0,3/1/2026,1430,46.98,1
618399,Construction of Kishtwar bypass with 2 lane with paved shoulder from Design Km. 80.675 Dulhasti to km 95.550 Bandarkoot of 14.88 km & a link road to Kishtwar town from 0000 to 1.871 of length1.871 Km on Khellani - Kishtwar - Chattroo section in UT of Jammu and Kashmir on EPC Mode Pkg-4 (NHIDCL) (618399) (N24001395) (10299),Ministry of Road Transport & Highways,Roads & Highways,Jammu and Kashmir,8/1/2021,8/1/2023,859.67,309.16,50.05,35.9626,859.67,0,0,0,6/1/2027,1400,46,1
618400,Construction & Upgradation to 2-lane with paved shoulder from Design Km 67.805 at the end of Km 83rd Tunnel near Dhrabshalla Ex. Km 83905 to Km 80.675 start of Kishtwar Bypass - Dulhasti Ex. Km 970751 of 12.870 Km length on chenani- Sudhmahadev-Goha Khellani-Kishtwar-vailoo-Donipawa-Ashajipora seition of NH-244 in the UT of J&K on EPC Mode under NHO-Gen Pkg-3 (NHIDCL) (618400) (N24001341) (-),Ministry of Road Transport & Highways,Roads & Highways,Jammu and Kashmir,7/1/2021,12/1/2022,398.51,99.35,98.55,24.9304,398.51,0,0,0,8/1/2025,974,32,1
618401,"Construction of Intermediate Lane with Hard Shoulder of Hunli to Hayuliang Package-III from design Km 60.000 to Km 121.500 Design Length 61.500 km, Greenfield Section of Frontier Highway NH-913 in the State of Arunachal Pradesh on EPC Mode Pkg-3 (NHIDCL) (618401)",Ministry of Road Transport & Highways,Roads & Highways,Arunachal Pradesh,7/1/2025,7/1/2028,1418.67,0,1.7,0,1418.67,0,0,0,7/1/2028,0,0,0
618402,"Construction of Intermediate Lane with Hard Shoulder of Hunli to Hayuliang from Design Km 0.000 to Km 53.000 Design Length 53.000 km, Greenfield Section of Frontier Highway NH-913 in the State of Arunachal Pradesh on EPC Mode Package-I (NHIDCL) (618402)",Ministry of Road Transport & Highways,Roads & Highways,Arunachal Pradesh,3/1/2025,2/1/2028,1262.43,233.94,17.15,18.5309,1262.43,0,0,0,3/1/2028,29,0.95,1
618405,"Construction of Intermediate Lane of Pango to Jorging Road from 0000 to Design Km Design Km 40000 Design Length 40.00 Km, Pkg-l, Greenfield Alignment in the State of Arunachal Pradesh on EPC mode Pkg-1 (NHIDCL) (618405)",Ministry of Road Transport & Highways,Roads & Highways,Arunachal Pradesh,1/1/2025,7/1/2027,898.19,0,39.5,0,898.19,0,0,0,7/1/2027,0,0,0
618406,Up-gradation to 4-lane with Paved Shoulder of Jammu-Akhnoor road section of NH- 144A from Ganesh Vihar Km 6.000 to Khati Chowk Km 26.350 in UT of Jammu and Kashmir on EPC basis Pkg-3A (NHIDCL) (618406) (N24000868) (-),Ministry of Road Transport & Highways,Roads & Highways,Jammu and Kashmir,7/1/2019,7/1/2021,322.49,0,0,0,322.49,0,0,0,5/1/2022,304,9.99,1
618407,Jammu-Akhnoor Road Pkg-I (NHIDCL) (618407) (N24001543) (-),Ministry of Road Transport & Highways,Roads & Highways,Jammu and Kashmir,1/1/2023,1/1/2025,245.3,82.62,74.67,33.6812,245.3,0,0,0,7/1/2026,546,17.94,1
618408,Kargil Zanskar Road (NHIDCL) (618408) (N24001348) (-),Ministry of Road Transport & Highways,Roads & Highways,Ladakh,7/1/2021,1/1/2023,398.37,286.27,90.59,71.8603,398.37,0,0,0,7/1/2026,1277,41.95,1
618409,Widening & Up-gradation to 2 lane with Paved shoulder of NH-301 Kargil- Zanskar Road from Design km 57.000 Ex. Km. 57.905 to Km 87.000 Ex. Km. 88.2491 of 30.000 Km length Pkg-lll (NHIDCL) (618409) (N24001345) (-),Ministry of Road Transport & Highways,Roads & Highways,Ladakh,7/1/2021,1/1/2023,381.01,229.62,82.74,60.2661,381.01,0,0,0,7/1/2026,1277,41.95,1
618410,Widening & Up-gradation to 2 lane with paved shoulder of NH-301 Kargil- Zanskar Road from Design Km .30.040 Ex. Km. 30.000 to Design Km 57.000 Ex. Km. 57.905 of 26.960 Km length Pkg-II (NHIDCL) (618410) (N24001344) (-),Ministry of Road Transport & Highways,Roads & Highways,Ladakh,7/1/2021,1/1/2023,404.89,321.72,75.38,79.4586,404.89,0,0,0,10/1/2026,1369,44.98,1
618412,Construction of i Connecting Road from Z-Morh Tunnel to Zojila Tunnel Road Length 18.475km and ii 14.150 Km long 2-L Bi-directional single tube Zoji-la Tunnel across Zojila Pass on Sonamarg - Kargil section from Km 82 to Km 118 of NH-01 under PMDP (NHIDCL) (618412) (N24001256) (10304),Ministry of Road Transport & Highways,Roads & Highways,Andhra Pradesh,10/1/2020,9/1/2026,6808.69,3215.86,66.05,47.2317,6808.69,0,0,0,2/1/2028,518,17.02,1
618413,Construction of 2 laning with Hard shoulder of Peren-Dimapur section on NH 129A from Design Km 146.208 to Km 163.592 Length- 17.384 km in the state of Nagaland on EPC mode under NHO-TSP Package-III (NHIDCL) (618413),Ministry of Road Transport & Highways,Roads & Highways,Nagaland,6/1/2023,6/1/2025,177.77,0,93.37,0,199.02,21.25,11.9536,1,6/1/2026,365,11.99,1
618414,Construction of Balance work for 2-lane with hard shoulder of Peren- Dimapur section on NH-129A from Design Km 126.775 to Km 146.208 Length 19.433 Km in the state of Nagaland on EPC mode under NHO-TSP Package-II (NHIDCL) (618414),Ministry of Road Transport & Highways,Roads & Highways,Nagaland,9/1/2023,9/1/2025,258.52,65.15,96.53,25.2011,258.52,0,0,0,9/1/2025,0,0,0
618415,"Improvement of existing road to 2 laning with Hard Shoulders of Maram-Peren section Package-1B, length- 17.660 km from Design Chainage 22.340 km to 40.000 km on NH-129A in the State of Manipur on EPC mode (NHIDCL) (618415)",Ministry of Road Transport & Highways,Roads & Highways,Manipur,6/1/2021,12/1/2022,188.36,0,100,0,188.36,0,0,0,3/1/2026,1186,38.97,1
618416,"Improvement of existing road to 2 laning with Hard Shoulders of Maram -Peren section Package-1A, length- 22.340Km from Design Chainage 0.000 km to 22.340 km on NH-129A in the State of Manipur on EPC mode (NHIDCL) (618416)",Ministry of Road Transport & Highways,Roads & Highways,Manipur,6/1/2021,12/1/2022,226.32,179.09,74.58,79.1313,226.32,0,0,0,7/1/2026,1308,42.97,1
618417,"Construction of 4-Lane with paved shoulder Agartala bypass Western side, length 25.402 km connecting NH-8 near Amtali to NH-108B near Lembuchhera in the state of Tripura on EPC basis under NHO-NE (NHIDCL) (618417)",Ministry of Road Transport & Highways,Roads & Highways,Tripura,3/1/2024,3/1/2027,2026.05,318.48,9.2,15.7193,2026.05,0,0,0,3/1/2027,0,0,0
618418,Rehabilitation and up gradation of Nongstoin-Rambrai-Kyrshai road up to Meghalaya-Assam border from Km 0.335 to km 34.039 to 2-Lane under NHO - NE in the State of Meghalaya Package-1 (NHIDCL) (618418),Ministry of Road Transport & Highways,Roads & Highways,Meghalaya,5/1/2022,5/1/2024,359.86,214.21,80.49,59.5259,359.86,0,0,0,12/1/2026,944,31.01,1
618419,"Construction of 2-Lane with paved shoulders of Shillong Western Bypass starting from NH-06 near Ladumsaw existing Km 60.900 of old NH40 to NH106 old NH 44E Package-III, from km 24700 to km 38256 under SARDP-NE PHASE A in the state of Meghalaya on EPC Mode Greenfield alignment (NHIDCL) (618419)",Ministry of Road Transport & Highways,Roads & Highways,Meghalaya,9/1/2024,9/1/2026,562.48,92.14,51.47,16.381,562.48,0,0,0,9/1/2026,0,0,0
618420,"Construction of 2 lane with paved shoulder of Shillong Western Bypass starting from NH-06 near Ladumsaw existing km 60.900 of old NH-40 to NH-106 old NH- 44E, Package-II km 12800 to km 24700 under SARDP-NE Phase A in the State of Meghalaya on EPC Mode (NHIDCL) (618420)",Ministry of Road Transport & Highways,Roads & Highways,Meghalaya,9/1/2024,9/1/2026,686.03,236.66,47.05,34.497,686.03,0,0,0,9/1/2026,0,0,0
618421,"Construction of 2-Lane with paved shoulder of Shillong Western Bypass starting from NH-06 near Ladumsaw Existing km 60.900 of old NH-40 to NH106 old NH- 44E, km 0000 to km 12800 Package-I under SARDP-NE PHASE A in the State of Meghalaya on EPC Mode Greenfield alignment (NHIDCL) (618421)",Ministry of Road Transport & Highways,Roads & Highways,Meghalaya,9/1/2024,9/1/2026,620.3,216.26,70.82,34.8638,620.3,0,0,0,9/1/2026,0,0,0
618422,"Construction of 2-lane with hard shoulders of Merangkong-Tamlu-Mon road Wakching Twon portion on EPC basis from existing Chainage Km 59000 to Km 73640 [Design Km. 59000 to Km, 72450] Design length - 13.450 Km under SARDP-NE package-V Balance work (NHIDCL) (618422)",Ministry of Road Transport & Highways,Roads & Highways,Nagaland,9/1/2023,9/1/2025,161.73,14.12,99.5,8.7306,161.73,0,0,0,4/1/2026,212,6.97,1
618423,Construction of 2-Lane with hard shoulders of Merangkong-Tamlu-Mon MTM Road from existing Km 20.456 to Km 41.065 Design Km. 20 to Km. 40.0 Design Length-20.000 Km in the State of Nagaland under SARDP-NE Phase-A Pkg-2 Balance work (NHIDCL) (618423),Ministry of Road Transport & Highways,Roads & Highways,Nagaland,8/1/2023,8/1/2025,215.79,28.71,100,13.3046,215.79,0,0,0,3/1/2026,212,6.97,1
618426,Construction/Up gradation of Existing road to 2 Lane with Paved Shoulder including Geometric Improvement from Ranipool to Pakyong Balance work from Km 2.000 to 16.167 of NH-717-A on EPC basis under SARDP-NE Phase A in the State of Sikkim (NHIDCL) (618426),Ministry of Road Transport & Highways,Roads & Highways,Sikkim,1/1/2023,7/1/2024,264.84,0,86.04,0,380.94,116.1,43.8378,1,12/1/2026,883,29.01,1
618427,Construction & upgradation of existing road to 2-lane with paved shoulder including geometric improvement of Kafer- Lava More section from km 40.00 to km 61.100 of NH717-A on EPC under SARDP-NE A in state of West Bengal Pkg-VA (NHIDCL) (618427) (N24001261) (-),Ministry of Road Transport & Highways,Roads & Highways,West Bengal,10/1/2020,4/1/2023,311.02,6.11,95.72,1.9645,273.78,-37.24,-11.9735,0,7/1/2026,1187,39,1
618428,Realignment of NH-717A from Design Ch.0.00 Km 77.800 of NH-10 to Design Ch.2.00 Km 3.100 of NH-717A with two lane paved shoulder including Major Bridge of 680 m in the State of Sikkim on EPC Mode-COS work (NHIDCL) (618428),Ministry of Road Transport & Highways,Roads & Highways,Sikkim,4/1/2021,4/1/2023,264.84,61.27,100,23.1347,380.94,116.1,43.8378,1,5/1/2026,1126,36.99,1
618429,Construction & upgradation of existing road to 2-lane with paved shoulder including geometric improvement of sect. from Pedong bypass to Reshi Border km 79.700 to km 96.254 of NH-717A under SARDP-NE-A on EPC as part of Alternate connectivity to Gangtok Lava More-Reshi Border Pkg-VB (NHIDCL) (618429) (N24001262) (-),Ministry of Road Transport & Highways,Roads & Highways,West Bengal,10/1/2020,4/1/2022,345.38,395.8,95.72,114.5984,395.59,50.21,14.5376,1,6/1/2026,1522,50,1
618430,Construction of alternative highway to Gangtok in Sikkim via Bagrakot -Chuikhim- Nimbong -Kafer-Bakhim-Algarah-Rhenock in the State of West Bengal and from Rhenok-Rorathang-Pakyong along with spur from Aritar-Rolep-Menla in the State of Sikkim from Km 0.00 to Km 13.00 of Bagrakot -Kafer section of NH 717A on EPC Mode under Phase-A of SARDP-NE in the State of West Bengal PKG- IVA (NHIDCL) (618430) (N24001251) (-),Ministry of Road Transport & Highways,Roads & Highways,West Bengal,10/1/2019,4/1/2022,402.94,0,98.54,0,402.94,0,0,0,6/1/2026,1522,50,1
618431,Construction of alternative highway to Gangtok in Sikkim via Bagrakot -Chuikhim- Nimbong -Kafer-Bakhim-Algarah-Rhenock in the State of West Bengal and from Rhenok-Rorathang-Pakyong along with spur from Aritar-Rolep-Menla in the State of Sikkim from Km 13.00 to Km 25.60 of Bagrakot -Kafer section of NH 717A on EPC Mode under Phase-A of SARDP-NE in the State of West Bengal PKG- IVB (NHIDCL) (618431) (N24001252) (-),Ministry of Road Transport & Highways,Roads & Highways,West Bengal,10/1/2020,4/1/2023,295.97,0.39,96.99,0.1318,295.97,0,0,0,7/1/2026,1187,39,1
618432,Construction of Balance work of 2-Lane with PS of Joram-Koloriang Road NH- 713 on EPC basis from Design Km 44.989 to Km 61.547 Existing Km 50.050 to Km 70.000 in the state of Arunachal Pradesh under SARDP-NE Pkg-3 (NHIDCL) (618432),Ministry of Road Transport & Highways,Roads & Highways,Arunachal Pradesh,10/1/2020,4/1/2022,228.72,0,99.52,0,228.72,0,0,0,7/1/2023,456,14.98,1
618433,Construction of Balance work of 2-Lane with PS of Joram Koloriang Road from existing Km122.600 to km138.00 [Design Km108.724 to Km123.714] in Arunachal Pradesh on EPC Mode under SARDP-NE Pkg-7 (NHIDCL) (618433),Ministry of Road Transport & Highways,Roads & Highways,Arunachal Pradesh,10/1/2020,4/1/2022,184.89,0,99.69,0,184.89,0,0,0,4/1/2026,1461,48,1
618434,Roing-Hunli Road Greenfield Alignment Project (NHIDCL) (618434),Ministry of Road Transport & Highways,Roads & Highways,Arunachal Pradesh,3/1/2018,3/1/2022,1718.59,178.84,82.28,10.4062,1718.59,0,0,0,6/1/2026,1553,51.02,1
618435,4-Laning from Rangagara to Kaliabor Tiniali from km 297.00 to km 315.315 of NH-37 on EPC basis under SARDP-NE in state of Assam (NHIDCL) (618435),Ministry of Road Transport & Highways,Roads & Highways,Assam,10/1/2017,4/1/2020,386.51,352.16,97.13,91.1128,386.51,0,0,0,6/1/2026,2252,73.99,1
618436,4-Laning of Jamugurihat to end of Biswanath Chariali By-Pass from Km 182.000 to Km 208.000 of NH-52 on EPC mode in state of Assam under SARDP-NE (NHIDCL) (618436),Ministry of Road Transport & Highways,Roads & Highways,Assam,12/1/2016,6/1/2019,599,405.1,100,67.6294,599,0,0,0,7/1/2025,2222,73,1
618437,"Construction of Balance Work of 4-Laning of NH-37 Section between End of Moran Bypass to Bogibeel junction near Lapetketa Km. 561.700-Km. 580.875 under SARDP-NE, Phase 'A' in the State of Assam on EPC mode Pkg-I Road works & Toll Plaza (NHIDCL) (618437)",Ministry of Road Transport & Highways,Roads & Highways,Assam,9/1/2024,3/1/2025,274.34,93.43,100,34.0563,274.34,0,0,0,8/1/2025,153,5.03,1
618438,"4-Laning of NH-37 Section between Demow to End of Moran Bypass From Km. 534.800 to Km. 561.700 including Emergency Landing Facility ELF under SARDP-NE, Phase 'A' in the State of Assam on EPC mode (NHIDCL) (618438)",Ministry of Road Transport & Highways,Roads & Highways,Assam,1/1/2023,7/1/2024,385.57,145.89,100,37.8375,385.57,0,0,0,8/1/2025,396,13.01,1
618439,"Construction of Balance Work of 4-Laning of the Section from Jorhat to Jhanji of NH-37 Old from Km 453000 to Km 463000 10.000 Km, under SARDP- NE under EPC Mode in the state of Assam Pkg-I Road Works (NHIDCL) (618439)",Ministry of Road Transport & Highways,Roads & Highways,Assam,2/1/2024,8/1/2024,478.3,0,96.79,0,478.3,0,0,0,,,,
618440,"Construction of Balance Work of 4-Laning of the Section from Jhanji to Demow of NH-37 Old from Km 490.800 to Km 534.800, under SARDP- NE on EPC Mode in the state of Assam Pkg- IV Structures & Toll Plaza (NHIDCL) (618440)",Ministry of Road Transport & Highways,Roads & Highways,Assam,10/1/2024,10/1/2025,187.09,0,0,0,100.22,-86.87,-46.4322,0,,,,
618441,"Construction of Balance Work of 4-Laning of the Section from Jhanji to Demow of NH-37 Old from Km 490.800 to Km 501.800 11.000 Km, under SARDP- NE under EPC Mode in the state of Assam Pkg-I Road Works (NHIDCL) (618441)",Ministry of Road Transport & Highways,Roads & Highways,Assam,10/1/2024,9/1/2025,467.79,72.13,0,15.4193,476.5,8.71,1.8619,1,,,,
618442,"Construction of Balance Work of the 4-Laning of the Section from Jorhat to Jhanji of NH-37 Old from Km 477.000 to Km 490800 13.800 Km, under SARDP- NE under EPC Mode in the state of Assam Pkg-III Road Works (NHIDCL) (618442)",Ministry of Road Transport & Highways,Roads & Highways,Assam,2/1/2024,8/1/2024,358.72,0.07,99.05,0.0195,358.72,0,0,0,,,,
618443,"Construction of Balance Work of the 4-Laning of the Section from Jorhat to Jhanji of NH-37 Old from Km 463.00 to Km 477.000 14.000 Km, under SARDP- NE under EPC Mode in the state of Assam Pkg-II Road Works (NHIDCL) (618443)",Ministry of Road Transport & Highways,Roads & Highways,Assam,2/1/2024,8/1/2024,438.44,0,95.86,0,438.44,0,0,0,,,,
618444,"Construction of Balance Work of the 4-Laning of the Section from Jorhat to Jhanji of NH-37 Old from Km 453.000 to Km 490.800, under SARDP- NE , under EPC Mode in the state of Assam Pkg-IV Structures & Toll Plaza (NHIDCL) (618444)",Ministry of Road Transport & Highways,Roads & Highways,Assam,2/1/2024,8/1/2024,279.01,0,94.73,0,279.01,0,0,0,,,,
618445,Construction of 2-Laning with hard shoulders of Demwe-Brahmakund section of NH-13 from Ch.0.00 km to 18.464 km on EPC under SARDP-NE NHO-NE - Balance Work (NHIDCL) (618445),Ministry of Road Transport & Highways,Roads & Highways,Arunachal Pradesh,6/1/2025,12/1/2027,353.9,0,18.63,0,353.9,0,0,0,12/1/2027,0,0,0
618446,Construction & Upgradation of existing road to 2-lane with paved shoulder from New Rolep Bridge at km 37.600 to Chochenpheri at km 52.00 in the section of Rongli to Chochenpheri of NH 717B Pkg-II C (NHIDCL) (618446),Ministry of Road Transport & Highways,Roads & Highways,Sikkim,5/1/2021,5/1/2024,493.42,0,78.83,0,478.79,-14.63,-2.965,0,9/1/2026,853,28.02,1
618447,Construction of 2-Laning with Paved Shoulder of New Greenfield Alignment From Helipad near Menla at Km 82000 to Menla at Km 94030 of Rhenock-Menla Spur NH-717B Package-IIIB on EPC Basis under SARDP-NE Phase 'A' in the State of Sikkim. (NHIDCL) (618447),Ministry of Road Transport & Highways,Roads & Highways,Sikkim,2/1/2021,2/1/2024,410.6,0,81.89,0,379.3,-31.3,-7.623,0,9/1/2026,943,30.98,1
618448,Construction of 2-Laning with Paved Shoulder of New Greenfield Alignment From Chochenpheri at Km 52000 to Helipad near Menla at Km 82000 of Rhenock- Menla Spur NH-717B Package-IIIA on EPC Basis under SARDP-NE Phase 'A' in the State of Sikkim. (NHIDCL) (618448),Ministry of Road Transport & Highways,Roads & Highways,Sikkim,12/1/2020,12/1/2023,816.79,32.28,63.25,3.9521,786.6,-30.19,-3.6962,0,12/1/2026,1096,36.01,1
618449,Construction & Upgradation of existing road to 2-lane with paved shoulder from km27.200 End of Rongli bypass to km37.600New Rolep Bridge of Rhenok-Menla spur NH-717B on EPC Mode under SARDP-NE Phase-A in Sikkim Pkg-II B (NHIDCL) (618449),Ministry of Road Transport & Highways,Roads & Highways,Sikkim,10/1/2020,4/1/2023,230.45,0,83.74,0,244.91,14.46,6.2747,1,9/1/2026,1249,41.03,1
618450,Rehabilitation & Upgradation of existing road to 2-lane with paved shoulder including geometric improvement of section from start of Rabangla km33.600 to km58.840 under SARDP-NE Phase A Pkg- IV (NHIDCL) (618450),Ministry of Road Transport & Highways,Roads & Highways,Sikkim,10/1/2020,5/1/2022,292.8,1.91,65.12,0.6523,292.8,0,0,0,12/1/2026,1675,55.03,1
618452,"2-laning of Zorinpui - Longmasu section of NH-502A from km 0.000 to km 28.244 in the State of Mizoram on EPC mode under NHO-NE, stretch of IMBR (NHIDCL) (618452)",Ministry of Road Transport & Highways,Roads & Highways,Mizoram,12/1/2024,12/1/2026,781.85,20.78,4.71,2.6578,781.85,0,0,0,7/1/2027,212,6.97,1
618454,"Earthwork in Formation, Road Work, Construction of Bridges, Blanketing, P. Way Linking works including Supply of P. Way Fittings and Track Ballast in connection with Construction of Railway Siding from Jogighopa Railway Station to MMLP at Jogighopa from Ch. 00 to 3760 on Item Rate basis Package -3, Railway Siding from Jogighopa Railway Station to MMLP (NHIDCL) (618454)",Ministry of Road Transport & Highways,Roads & Highways,Assam,12/1/2020,6/1/2022,693.97,37.6,93.23,5.4181,693.97,0,0,0,9/1/2024,823,27.04,1
618455,Development of External Trunk Connectivity and Internal Infrastructure Works at Multi Model Logistics ParkMMLP at Jogighopa in the State of Assam on EPC Mode Package-I Road and Utility Works (NHIDCL) (618455),Ministry of Road Transport & Highways,Roads & Highways,Assam,9/1/2020,4/1/2022,693.97,296.96,100,42.7915,693.97,0,0,0,9/1/2024,884,29.04,1
618456,Delhi-Vadodara Greenfield Alignment NH-148N Pkg-14 Ch. 388.420 to Ch. 419.000 [Junction with NH- 76 to Junction with NH-12 near village Ummedpura] (National Highways Authority of India [NHAI]) (618456) (N24001568) (10315),Ministry of Road Transport & Highways,Roads & Highways,Rajasthan,5/1/2021,5/1/2023,1119.35,975.7,99.8,87.1667,1194.17,74.82,6.6842,1,3/1/2025,670,22.01,1
618457,Delhi-Vadodara Greenfield Alignment NH-148N Pkg-10 Ch. 292.950 to Ch. 319.400 [End of Interchange on NH-166 near village Mui to Hardeoganj village near Indergarh] (National Highways Authority of India [NHAI]) (618457) (N24001567) (10316),Ministry of Road Transport & Highways,Roads & Highways,Rajasthan,5/1/2021,5/1/2023,1272.97,1091.86,95.25,85.7726,1265.16,-7.81,-0.6135,0,7/1/2026,1157,38.01,1
618458,Delhi-Vadodara Greenfield Alignment NH-148N Pkg-15 Ch. 419.000 to Ch.427.300 [Junction with NH-12 near village Ummedpura to Major bridge over Takli river near Nayagaon Jageer village] (National Highways Authority of India [NHAI]) (618458) (N24001612) (10317),Ministry of Road Transport & Highways,Roads & Highways,Rajasthan,7/1/2021,1/1/2024,1854.68,1424.12,95.08,76.7852,1854.68,0,0,0,7/1/2026,912,29.96,1
618459,Delhi-Vadodara Greenfield Alignment NH-148N Pkg-26 Ch.696890 to Ch.726390 (NHAI) (618459) (N24001515) (10318),Ministry of Road Transport & Highways,Roads & Highways,Gujarat,12/1/2022,8/1/2024,1555.2,1135.14,81.6,72.99,1556.4,1.2,0.0772,1,10/1/2026,791,25.99,1
618460,Delhi-Vadodara Greenfield Alignment NH-148N Pkg-28 Ch.756052 to Ch.781282 (National Highways Authority of India [NHAI]) (618460) (N24001519) (10319),Ministry of Road Transport & Highways,Roads & Highways,Gujarat,11/1/2021,11/1/2023,1263.38,865.87,100,68.536,1266.98,3.6,0.2849,1,5/1/2026,912,29.96,1
618462,Delhi-Vadodara Greenfield Alignment NH-148N Pkg-31 Ch.824920 to Ch.844382 [Junction near Pratap nagar Village - Junction near Dodka Village] (NHAI) (618462) (N24001520) (10321),Ministry of Road Transport & Highways,Roads & Highways,Gujarat,5/1/2021,5/1/2023,1644.85,990.1,100,60.1939,1651.14,6.29,0.3824,1,6/1/2026,1127,37.03,1
618463,Vadodara Mumbai Expressway Kim to Ankleshwar Phase IA - Pkg V (National Highways Authority of India [NHAI]) (618463) (N24000834) (10322),Ministry of Road Transport & Highways,Roads & Highways,Gujarat,11/1/2019,10/1/2021,1324.84,1275.92,91.34,96.3075,2807.48,1482.64,111.9109,1,7/1/2026,1734,56.97,1
618464,Vadodara Mumbai Expressway Ena -Kim Phase IB - Pkg VI [Km 217.500 to Km 254.430] (National Highways Authority of India [NHAI]) (618464) (-) (10323),Ministry of Road Transport & Highways,Roads & Highways,Gujarat,12/1/2021,12/1/2023,2271.86,2574.42,98.9,113.3177,4297.28,2025.42,89.1525,1,5/1/2026,882,28.98,1
618465,Vadodara Mumbai Expressway Gandeva to Ena Phase IB - Pkg VII [Km 190.00 to Km 217.500] (National Highways Authority of India [NHAI]) (618465) (N24001789) (10324),Ministry of Road Transport & Highways,Roads & Highways,Gujarat,11/1/2021,11/1/2023,1710.3,2158.87,97.05,126.2276,3392.21,1681.91,98.3401,1,5/1/2026,912,29.96,1
618466,Vadodara Mumbai Expressway Jujuwa - Gandeva from Km. 154.600 to Km. 190.000 Phase-I Package-VIII (National Highways Authority of India [NHAI]) (618466) (-) (10325),Ministry of Road Transport & Highways,Roads & Highways,Gujarat,8/1/2024,3/1/2026,3834.24,197.13,4.85,5.1413,3820.2,-14.04,-0.3662,0,11/1/2026,245,8.05,1
618467,Vadodara Mumbai Expressway Karvad - Jujuwa from Km. 128.000 to Km. 154.600 Phase-I Package-IX (National Highways Authority of India [NHAI]) (618467) (-) (10326),Ministry of Road Transport & Highways,Roads & Highways,Gujarat,4/1/2024,10/1/2025,2594.17,212.88,21.75,8.2061,2587.04,-7.13,-0.2748,0,7/1/2027,638,20.96,1
618468,Vadodara Mumbai Expressway Phase II - Pkg XI [Km. 77.000 to Km. 103.400] Ganjad - Talsari (National Highways Authority of India [NHAI]) (618468) (N24001504) (10327),Ministry of Road Transport & Highways,Roads & Highways,Maharashtra,5/1/2022,5/1/2024,1524.71,813.35,99.76,53.3446,1913.95,389.24,25.5288,1,4/1/2026,700,23,1
618469,Vadodara Mumbai Expressway Phase II - Pkg XIII [Km. 26.582 to Km. 50.700] Shirsad - Masvan (National Highways Authority of India [NHAI]) (618469) (N24001506) (10328),Ministry of Road Transport & Highways,Roads & Highways,Maharashtra,2/1/2022,2/1/2024,3536.9,1793.48,90.86,50.7077,4679.54,1142.64,32.3063,1,7/1/2026,881,28.94,1
618470,Vadodara Mumbai Expressway Phase II - Pkg XIV [Km. 3.000 to Km. 20.200 of Spur] Shirsad - Akloli (National Highways Authority of India [NHAI]) (618470) (N24001507) (10329),Ministry of Road Transport & Highways,Roads & Highways,Maharashtra,11/1/2022,5/1/2024,2058.79,630.06,97.7,30.6034,2324.72,265.93,12.9168,1,6/1/2026,761,25,1
618471,Vadodara Mumbai Expressway Phase II - Pkg XV [Km. 20.200 to Km. 43.000 of Spur] Akloli - Amne (National Highways Authority of India [NHAI]) (618471) (N24001521) (10330),Ministry of Road Transport & Highways,Roads & Highways,Maharashtra,11/1/2022,5/1/2024,2610.88,621.87,91.5,23.8184,2918.39,307.51,11.778,1,6/1/2026,761,25,1
618472,Vadodara Mumbai Expressway Phase II - Pkg XVI [Km. 43.000 to Km. 69.800 of Spur] Amne - Bhoj (National Highways Authority of India [NHAI]) (618472) (N24001508) (10331),Ministry of Road Transport & Highways,Roads & Highways,Maharashtra,11/1/2022,10/1/2024,4051.8,905.81,90.7,22.3557,4315.56,263.76,6.5097,1,6/1/2026,608,19.98,1
618473,Vadodara Mumbai Expressway Phase II - Pkg XVII [Km. 69.800 to Km. 79.783 of Spur] Bhoj - Morbe (National Highways Authority of India [NHAI]) (618473) (N24001608) (10332),Ministry of Road Transport & Highways,Roads & Highways,Maharashtra,1/1/2023,7/1/2025,2208.68,874.32,85.79,39.5856,2463.02,254.34,11.5155,1,6/1/2026,335,11.01,1
618475,Bangalore Chennai Expressway Phase-II Pkg-II from km.96.000 to Km 127.000 Baireddypalle to Bangarupalem section (National Highways Authority of India [NHAI]) (618475) (N24001985) (10334),Ministry of Road Transport & Highways,Roads & Highways,Andhra Pradesh,6/1/2023,6/1/2025,2548.04,1227.08,92.59,48.1578,2548.04,0,0,0,10/1/2026,487,16,1
618476,Bangalore Chennai Expressway Phase-II Pkg-III from km.127.000 to Km 156.000 Bangarupalem to Gudipala section (National Highways Authority of India [NHAI]) (618476) (N24001821) (10335),Ministry of Road Transport & Highways,Roads & Highways,Andhra Pradesh,10/1/2022,10/1/2024,1407.33,750.7,99.46,53.3421,1407.33,0,0,0,8/1/2026,669,21.98,1
618477,Bangalore Chennai Expressway Phase-III Package I Gudipala to Walajajhpet from Km 156.000 to Km 180.000 (National Highways Authority of India [NHAI]) (618477) (N24001720) (10336),Ministry of Road Transport & Highways,Roads & Highways,"Multi-States (Andhra Pradesh, Tamil Nadu)",5/1/2022,5/1/2024,1481.87,711.06,99.02,47.984,1481.87,0,0,0,6/1/2026,761,25,1
618478,Bangalore Chennai Expressway Phase-III Package II Walajahpet to Arakkonam from Km 180.000 to Km 204.500 (National Highways Authority of India [NHAI]) (618478) (N24001718) (10337),Ministry of Road Transport & Highways,Roads & Highways,Tamil Nadu,7/1/2022,7/1/2024,1106.65,590.08,93.04,53.3213,1106.65,0,0,0,7/1/2026,730,23.98,1
618479,Bangalore Chennai Expressway Phase-III Package III Arakkonam to Kancheepuram from Km 204.500 to Km 230.000 (National Highways Authority of India [NHAI]) (618479) (N24001717) (10338),Ministry of Road Transport & Highways,Roads & Highways,Tamil Nadu,8/1/2022,7/1/2024,1525.1,360.3,53.56,23.6247,1525.1,0,0,0,12/1/2027,1248,41,1
618480,Construction of Trumpet Interchange Connecting Bangalore Chennai Expressway km.261705 to km. 262800 with Maduravoyal to Walajapet Section of NH 48 near Sriperumbudur Toll Plaza at km. 35700 (National Highways Authority of India [NHAI]) (618480) (-) (-),Ministry of Road Transport & Highways,Roads & Highways,Tamil Nadu,2/1/2024,8/1/2025,162.55,48.18,35.81,29.6401,162.56,0.01,0.0062,1,10/1/2026,426,14,1
618481,4L Bangalore-Chennai Expressway from Km. 230.000 to Km. 261.705 of Kanchepuram to Sriperumbudur Section Phase-III/Package-IV (National Highways Authority of India [NHAI]) (618481) (N24001719) (10339),Ministry of Road Transport & Highways,Roads & Highways,Tamil Nadu,7/1/2022,7/1/2024,3605.73,918.09,88.14,25.462,3605.73,0,0,0,10/1/2026,822,27.01,1
618482,Delhi-Amritsar-Katra Expressway Phase-I Pkg-I from Jussur Kheri on NH-KMP Expressway to Junction with Rohtak-Panipat road NH-709 near Rukhi Paani village Km 0000 to Km 34000 (National Highways Authority of India [NHAI]) (618482) (-) (10340),Ministry of Road Transport & Highways,Roads & Highways,Haryana,12/1/2021,12/1/2023,1866.49,1081.56,99.91,57.9462,2429.9,563.41,30.1855,1,6/1/2026,913,30,1
618483,Delhi-Amritsar-Katra Expressway Phase-I Pkg-II from Junction with Rohtak-Panipat road NH-709 near Rukhi Paani village to Junction with Jind-Panipat road NH-352A near Gangana village Km 34000 to Km 60800 (National Highways Authority of India [NHAI]) (618483) (-) (10341),Ministry of Road Transport & Highways,Roads & Highways,Haryana,1/1/2022,1/1/2024,1533.87,971.09,99.89,63.3098,1792.53,258.66,16.8632,1,6/1/2026,882,28.98,1
618484,Delhi-Amritsar-Katra Expressway Phase-I Pkg-III from Junction with Jind-Panipat road NH-352A near Gangana village to Junction with Jind-Karnal road NH-709A near Alewa village Km 60800 to Km 91400 (National Highways Authority of India [NHAI]) (618484) (N24001633) (10342),Ministry of Road Transport & Highways,Roads & Highways,Haryana,12/1/2021,12/1/2023,1606.27,631.62,79.08,39.3222,1813.91,207.64,12.9268,1,5/1/2024,152,4.99,1
618485,Delhi-Amritsar-Katra Expressway Phase-I Pkg-IV from Junction with Jind-Karnal road NH-709A near Alewa village to Junction with Ambala-Kaithal-Hissar road NH-152 near Kharak Pandwa village Km 91400 to Km 120250 (National Highways Authority of India [NHAI]) (618485) (N24001634) (10343),Ministry of Road Transport & Highways,Roads & Highways,Haryana,12/1/2021,12/1/2023,1306.95,563.2,76.13,43.0927,1578.66,271.71,20.7896,1,3/1/2024,91,2.99,1
618486,Delhi-Amritsar-Katra Expressway Phase-I Pkg-V from Junction with Ambala-Kaithal- Hissar road NH-152 near Kharak Pandwa village to Junction with Patiala-Samana- Patran road SH-10 near Ghagga village Km 120250 to Km 157920 (National Highways Authority of India [NHAI]) (618486) (N24001632) (10344),Ministry of Road Transport & Highways,Roads & Highways,"Multi-States (Haryana, Punjab)",5/1/2022,5/1/2024,1741.86,924.58,98.7,53.08,2281.02,539.16,30.9531,1,6/1/2026,761,25,1
618487,Delhi-Amritsar-Katra Expressway Phase-I Pkg-VII from Junction with Patiala-Bathinda road NH-7 near Bhawanigarh to Junction with Ludhiana-Malerhkotla SH-11 near Bhogiwal village Km 188830 to km 225770 (National Highways Authority of India [NHAI]) (618487) (N24001415) (10345),Ministry of Road Transport & Highways,Roads & Highways,Punjab,7/1/2022,7/1/2024,1759.82,1250.45,95.8,71.0556,1774.32,14.5,0.8239,1,6/1/2026,700,23,1
618488,Delhi-Amritsar-Katra Expressway Phase-I Pkg-VIII from Junction with Ludhiana- Malerkotla SH-11 near Bhogiwal village to Junction with Ludhiana-Moga road NH-5 near Mullanpur Dakha Km 225770 to km 260860 (National Highways Authority of India [NHAI]) (618488) (N24001416) (10346),Ministry of Road Transport & Highways,Roads & Highways,Punjab,3/1/2023,3/1/2025,1895.74,751.95,31.08,39.6652,2034.94,139.2,7.3428,1,,,,
618489,Delhi-Amritsar-Katra Expressway Phase-I Pkg-IX from Junction with Ludhiana-Moga road NH-5 near Mullanpur Dakha to Junction with Jalandhar - Moga road NH-703 near Kang Sahibu village Km 260860 to km 303900 (National Highways Authority of India [NHAI]) (618489) (N24001417) (10347),Ministry of Road Transport & Highways,Roads & Highways,Punjab,7/1/2022,7/1/2024,1851.47,1370.36,73.32,74.0147,2407.14,555.67,30.0124,1,3/1/2027,973,31.97,1
618490,Delhi-Amritsar-Katra Expressway Phase-I Pkg-X from Jn. with Jalandhar - Moga road NH-703 to Jn. with Jalandhar-Kapurthala road NH-703A and to Jn. with Kapurthala - Sultanpur Lodhi road NH-703A km 000 to km 24000 to Amritsar connectivity (National Highways Authority of India [NHAI]) (618490) (N24001418) (10348),Ministry of Road Transport & Highways,Roads & Highways,Punjab,7/1/2022,7/1/2024,2177.54,1004.28,62.99,46.1199,2062.74,-114.8,-5.272,0,9/1/2025,427,14.03,1
618491,Delhi-Amritsar-Katra Expressway Phase-I Pkg-XI from Junction with Jalandhar - Kapurthala road NH-703A near khojewal village to Junction with Amritsar-Mehta- SriHargobindpur-Tanda road NH-503A near SriHargobindpur Km 319400 to km 362420 (National Highways Authority of India [NHAI]) (618491) (N24001419) (10349),Ministry of Road Transport & Highways,Roads & Highways,Punjab,11/1/2022,11/1/2024,2175.35,941.19,43.45,43.2661,2206.71,31.36,1.4416,1,,,,
618492,Delhi-Amritsar-Katra Expressway Phase-I Pkg-XII from Junction with Amritsar-Mehta- SriHargobindpur-Tanda road NH-503A near SriHargobindpur to Junction with Pathankot-Gurdaspur road NH-54 near Gurdaspur Km 362420 to km 397700 (National Highways Authority of India [NHAI]) (618492) (N24001420) (10350),Ministry of Road Transport & Highways,Roads & Highways,Punjab,1/1/2024,12/1/2025,1734.18,470.92,27.05,27.1552,1538.47,-195.71,-11.2854,0,2/1/2027,427,14.03,1
618493,Delhi-Amritsar-Katra Expressway Phase-I Spur-I from Jn. with Kapurthala - Sultanpur Lodhi Road NH-703A near Isharwal village to Jn. with Kapurthala - Tarn Taran road NH-703AA near Goinwal Sahib [Km 24000 to Km 41000 of Amritsar connectivity] (National Highways Authority of India [NHAI]) (618493) (N24002102) (10351),Ministry of Road Transport & Highways,Roads & Highways,Punjab,4/1/2023,4/1/2026,2165.23,422.45,32.69,19.5106,1519.6,-645.63,-29.8181,0,3/1/2028,700,23,1
618494,Delhi-Amritsar-Katra Expressway Phase-II Pkg-XV [Junction with Hiranagar Road near village Gurha Baildaran to Junction with Jammu Ring Road NH-244A near Jakh village from Km 468100 to Km 503250] (National Highways Authority of India [NHAI]) (618494) (N24001552) (10352),Ministry of Road Transport & Highways,Roads & Highways,Jammu and Kashmir,9/1/2022,9/1/2024,2714.95,1655.87,89.37,60.9908,3716.56,1001.61,36.8924,1,12/1/2026,821,26.97,1
618495,4/6L Access Control Expressway from Design Chainage Km 515.000 to 528.300 Kunjwani to Sidhra Section of NH-44 and from Design Chainage Km 550.900 to Km 566.520 Domel to Katra Section Phase II-Package XVII (National Highways Authority of India [NHAI]) (618495) (N24002061) (10353),Ministry of Road Transport & Highways,Roads & Highways,Jammu and Kashmir,6/1/2023,6/1/2025,2894.74,847.67,64.68,29.2831,2894.74,0,0,0,8/1/2027,791,25.99,1
618496,Delhi-Amritsar-Katra Expressway Phase-II Pkg-XVI Existing Jakh Vijaypur-Kunjwani section of NH-44 including spur Connectivity to Jammu Airport NH-144A [Km 503500 to km 514500] (National Highways Authority of India [NHAI]) (618496) (N24001550) (10354),Ministry of Road Transport & Highways,Roads & Highways,Jammu and Kashmir,9/1/2022,9/1/2024,1821.72,1171.13,94.14,64.287,2522.56,700.84,38.4713,1,9/1/2026,730,23.98,1
618497,Delhi Amritsar Katra Expressway Phase-II Pkg XVIII Development and Upgradation of Four lane Access Control Expressway from Design Chainage KM 530.00 to KM 545.300 Sidhra to Domel Section of NH-44 (National Highways Authority of India [NHAI]) (618497) (N24002060) (10355),Ministry of Road Transport & Highways,Roads & Highways,Jammu and Kashmir,11/1/2023,11/1/2025,975.38,564.48,66.69,57.8728,975.38,0,0,0,6/1/2027,577,18.96,1
618498,6L Greenfield Kanpur - Lucknow Expressway Pkg II from km. 28.500 to km. 73.744 (National Highways Authority of India [NHAI]) (618498) (N24001731) (10356),Ministry of Road Transport & Highways,Roads & Highways,Uttar Pradesh,11/1/2022,5/1/2025,2471.56,1178.84,99.8,47.6962,2489,17.44,0.7056,1,4/1/2026,335,11.01,1
618499,6L Elevated Kanpur - Lucknow Exeressway Pkg-1 from Km. 10980 to Km. 28500 (National Highways Authority of India [NHAI]) (618499) (N24001745) (10357),Ministry of Road Transport & Highways,Roads & Highways,Uttar Pradesh,2/1/2023,7/1/2025,1972.94,769.45,94.14,39.0002,1943.27,-29.67,-1.5038,0,6/1/2026,335,11.01,1
618500,Construction of 4L Connector from Delhi Meerut Expressway Km 50.000 of Pkg IV to Km 8.520 of NH-235 Pkg-5 (National Highways Authority of India [NHAI]) (618500) (N24001772) (10358),Ministry of Road Transport & Highways,Roads & Highways,Uttar Pradesh,3/1/2022,3/1/2024,1081.39,441.91,76,40.865,1116.19,34.8,3.2181,1,6/1/2026,822,27.01,1
618501,Ahmedabad - Dholera Pkg I from km. 0.00 to km. 22.00 [Sardar Patel Ring Road - Sindhrej Village] (National Highways Authority of India [NHAI]) (618501) (N24001443) (10359),Ministry of Road Transport & Highways,Roads & Highways,Gujarat,1/1/2022,1/1/2024,1298,1024.93,100,78.9622,1421.05,123.05,9.48,1,6/1/2026,882,28.98,1
618502,Ahmedabad - Dholera Pkg II from km. 22.00 to km. 48.52 [Sindhrej Village - Vejallka Village] (National Highways Authority of India [NHAI]) (618502) (N24001444) (10360),Ministry of Road Transport & Highways,Roads & Highways,Gujarat,1/1/2022,1/1/2024,1415.34,1427.49,100,100.8585,1729.69,314.35,22.2102,1,6/1/2026,882,28.98,1
618503,Ahmedabad - Dholera Pkg III from km. 48.52 to km. 71.06 [Vejallka Village - Start of DSIR zone] (National Highways Authority of India [NHAI]) (618503) (N24001445) (10361),Ministry of Road Transport & Highways,Roads & Highways,Gujarat,7/1/2021,7/1/2023,1034.04,1009.77,100,97.6529,1155.41,121.37,11.7375,1,6/1/2026,1066,35.02,1
618504,Ahmedabad - Dholera Pkg IV from km. 71.06 to km. 109.019 [Start of DSIR zone - Adhelai Village] (National Highways Authority of India [NHAI]) (618504) (N24001446) (10362),Ministry of Road Transport & Highways,Roads & Highways,Gujarat,12/1/2021,12/1/2023,1181.76,1206.44,97.99,102.0884,1358.73,176.97,14.9751,1,6/1/2026,913,30,1
618505,Additional Structures on 6LGurgaon-Jaipur Section of NH-48 between KM 42.700 to KM 273.00 (National Highways Authority of India [NHAI]) (618505) (N24002058) (-),Ministry of Road Transport & Highways,Roads & Highways,"Multi-States (Haryana, Rajasthan)",12/1/2022,6/1/2024,409.64,198.94,88.9,48.5646,290.64,-119,-29.0499,0,7/1/2026,760,24.97,1
618506,"Construction of Additional Structures, Improvement of Service Road & Maintenance of Six Lane Gurgaon-Jaipur Section of NH-48 old NH-8 between km 42700 to km 107100 in the State of Haryana (National Highways Authority of India [NHAI]) (618506) (-) (-)",Ministry of Road Transport & Highways,Roads & Highways,Haryana,5/1/2025,5/1/2027,401.74,105.22,50.65,26.1911,240.02,-161.72,-40.2549,0,5/1/2027,0,0,0
618507,"Balance work of Six Laning of Shamlaji-Motachiloda from Km. 401.200 to Km.494.410 section Design Chainage Km.447.385 to Km 540.595, Length- 93.210 Km of old NH-8 NH-48 in the state of Gujarat on single Percentage Item Rate Contract (National Highways Authority of India [NHAI]) (618507) (-) (10363)",Ministry of Road Transport & Highways,Roads & Highways,Gujarat,8/1/2024,6/1/2025,466.8,554.37,89.5,118.7596,501.48,34.68,7.4293,1,7/1/2026,395,12.98,1
618508,Construction of Additional Structures including Approaches in Vadodara Surat Section of NH48 between existing Km. 108.000 to Km. 250.000 (National Highways Authority of India [NHAI]) (618508) (-) (10364),Ministry of Road Transport & Highways,Roads & Highways,Gujarat,1/1/2025,1/1/2027,907.39,345.88,48,38.1181,907.39,0,0,0,6/1/2027,151,4.96,1
618509,Development of 6L UER II [Package - I] NH-1 Near Bakoli till Karala Kanjhawala Road from km. 0.70 to km.15.00 (National Highways Authority of India [NHAI]) (618509) (N24001777) (10365),Ministry of Road Transport & Highways,Roads & Highways,Delhi,10/1/2021,10/1/2023,2089.94,1809.77,99.99,86.5944,2203.45,113.51,5.4313,1,6/1/2026,974,32,1
618511,Upgradation & rehabilitation of Service Roads on both sides in urban areas of Pune City on PuneSatara section of NH48 (National Highways Authority of India [NHAI]) (618511) (-) (-),Ministry of Road Transport & Highways,Roads & Highways,Maharashtra,6/1/2025,6/1/2026,604.59,54.16,18.85,8.9581,388.78,-215.81,-35.6953,0,6/1/2027,365,11.99,1
618512,Tunnel at Khambataki Ghat Section and its approaches from existing Km. 771.730 to existing Km. 782.000 (National Highways Authority of India [NHAI]) (618512) (N24001486) (10367),Ministry of Road Transport & Highways,Roads & Highways,Maharashtra,2/1/2019,2/1/2022,907.03,545.2,87.5,60.1083,816.12,-90.91,-10.0228,0,8/1/2026,1642,53.95,1
618513,6L of Kagal-Satara section from Km 592.500 to Km 658.000 of NH-48 Pkg-I (National Highways Authority of India [NHAI]) (618513) (N24001546) (10368),Ministry of Road Transport & Highways,Roads & Highways,Maharashtra,1/1/2023,1/1/2025,2111.95,631.96,45.47,29.9231,1435.46,-676.49,-32.0315,0,2/1/2027,761,25,1
618514,6L of Kagal-Satara section from Km 658.000 to Km 725.000 of NH-48 Pkg-II (National Highways Authority of India [NHAI]) (618514) (N24001493) (-),Ministry of Road Transport & Highways,Roads & Highways,Maharashtra,12/1/2022,12/1/2024,2330.71,197.23,73.96,8.4622,317.4,-2013.31,-86.3818,0,12/1/2026,730,23.98,1
618515,6L from Belgaum to Sankeshwar Bypass from Km. 515.000 to Km. 555.017 of NH-48 Pkg-I (National Highways Authority of India [NHAI]) (618515) (N24001679) (10369),Ministry of Road Transport & Highways,Roads & Highways,"Multi-States (Karnataka, Maharashtra)",10/1/2022,4/1/2025,1479.3,1178.31,100,79.6532,1237.04,-242.26,-16.3767,0,6/1/2026,426,14,1
618516,6L from Sankeshwar Bypass to MH-KNT Border from Km. 555.017 to Km. 592.853 of NH-48 Pkg-II (National Highways Authority of India [NHAI]) (618516) (N24001598) (10370),Ministry of Road Transport & Highways,Roads & Highways,"Multi-States (Karnataka, Maharashtra)",10/1/2022,4/1/2025,1388.7,1153.03,84.3,83.0295,1066.86,-321.84,-23.1756,0,11/1/2026,579,19.02,1
618517,4/6L of Bangalore - Pune Section of bypass connecting Dharwad - Hubli from km. 403.80 to km. 433.20 (National Highways Authority of India [NHAI]) (618517) (N24001994) (10371),Ministry of Road Transport & Highways,Roads & Highways,Karnataka,3/1/2023,9/1/2025,1135.39,739.28,83.19,65.1124,763.36,-372.03,-32.7667,0,11/1/2026,426,14,1
618518,Davanagere - Haveri of NH-48 Old NH-4 from km. 260.00 to km. 338.923 (National Highways Authority of India [NHAI]) (618518) (-) (10372),Ministry of Road Transport & Highways,Roads & Highways,Karnataka,1/1/2018,7/1/2020,1454.67,690.64,98.87,47.4774,1805.84,351.17,24.1409,1,9/1/2026,2253,74.02,1
618519,Bangalore Ring Road STRR-NH-948A- Package-I of Phase-III from Belagondapalli TN to TN/KNT border from km 144.480 to 179.969 (National Highways Authority of India [NHAI]) (618519) (N24001968) (10373),Ministry of Road Transport & Highways,Roads & Highways,"Multi-States (Karnataka, Tamil Nadu)",5/1/2023,5/1/2025,1260.74,656.08,88.75,52.0393,1218.47,-42.27,-3.3528,0,12/1/2026,579,19.02,1
618520,4L of km 0.00 to km 42.00 of Dobbaspet to Doddaballapura Bypass section of NH-648 old NH-207] [Bangalore Ring Road Pkg 1] (National Highways Authority of India [NHAI]) (618520) (-) (10374),Ministry of Road Transport & Highways,Roads & Highways,Karnataka,4/1/2021,4/1/2023,1438.74,1051.89,99.2,73.1119,1786.57,347.83,24.176,1,7/1/2026,1187,39,1
618521,Karaipettai to Walajapet from Km 71.015 to 107.091 (National Highways Authority of India [NHAI]) (618521) (N24001723) (10375),Ministry of Road Transport & Highways,Roads & Highways,Tamil Nadu,2/1/2019,2/1/2021,766.51,439.63,93.55,57.3548,766.51,0,0,0,6/1/2026,1946,63.93,1
618522,Balance Works for six laning of Sriperumbudur to karaipettai section of NH-4 New NH- 48 from 37000 Existing Km 37000 to Km 71015 Existing Km 71000 in Tamilnadu on EPC mode underNHDP Phase-V (National Highways Authority of India [NHAI]) (618522) (-) (-),Ministry of Road Transport & Highways,Roads & Highways,Tamil Nadu,1/1/2025,10/1/2026,411.16,120.44,35.05,29.2927,411.16,0,0,0,3/1/2027,151,4.96,1
618523,Bhadrak KM 136.500 to Baleshwar KM 199.141 (National Highways Authority of India [NHAI]) (618523) (N24000738) (10376),Ministry of Road Transport & Highways,Roads & Highways,Odisha,3/1/2019,9/1/2021,844.67,586.54,91.32,69.4401,1394.82,550.15,65.1319,1,11/1/2026,1887,62,1
618524,Construction of 6 lane elevated corridor including its approaches from Km. 629880 to Km. 634470 Design Chainage of NH-16 in Ranasthalam Town portion in the state of Andhra Pradesh on EPC Mode under NHO. (National Highways Authority of India [NHAI]) (618524) (-) (-),Ministry of Road Transport & Highways,Roads & Highways,Andhra Pradesh,3/1/2025,3/1/2027,257.98,46.52,34.6,18.0324,192.85,-65.13,-25.2461,0,8/1/2027,153,5.03,1
618525,Construction of flyover at Gammon Junction at Km.903.265 on NH16 including vent at Diwancheruvu junction at Km.902.308 Blackspot ID No.AP03299 in Andhra Pradesh on EPC mode under NHO (National Highways Authority of India [NHAI]) (618525) (-) (-),Ministry of Road Transport & Highways,Roads & Highways,Andhra Pradesh,10/1/2025,10/1/2027,326.61,20.21,8.8,6.1878,223.29,-103.32,-31.6341,0,10/1/2027,0,0,0
618526,6L of Gundugolanu Design km 1023.280 to Kalaparru Design km 1050.680 of NH-5 New NH-16 (National Highways Authority of India [NHAI]) (618526) (-) (10377),Ministry of Road Transport & Highways,Roads & Highways,Andhra Pradesh,1/1/2020,7/1/2021,665.59,512.1,95.73,76.9393,665.59,0,0,0,8/1/2026,1857,61.01,1
618527,Six Laning of Vijayawada Bypass from Gollapudi to Chinnakakani in Vijayawada - Gundugolanu Section from km. 30.00 to km. 47.881 Pkg-IV (National Highways Authority of India [NHAI]) (618527) (N24001301) (10378),Ministry of Road Transport & Highways,Roads & Highways,Andhra Pradesh,7/1/2021,1/1/2024,1194.57,862.59,99.92,72.2092,1757.82,563.25,47.1509,1,6/1/2026,882,28.98,1
618529,Varanasi Ring Road Pkg-II connecting Sandaha Village km 11.70 / NH-29 with Revasa Village km 818.80 / NH-2 (National Highways Authority of India [NHAI]) (618529) (N24001826) (10380),Ministry of Road Transport & Highways,Roads & Highways,Uttar Pradesh,2/1/2019,2/1/2022,1991.71,1016.28,95.37,51.0255,1832.66,-159.05,-7.9856,0,10/1/2026,1703,55.95,1
618530,Six Laning of Varanasi to Aurangabad from km. 786.00 to km. 978.40 of Old NH-2 (National Highways Authority of India [NHAI]) (618530) (N24000182) (10381),Ministry of Road Transport & Highways,Roads & Highways,"Multi-States (Bihar, Uttar Pradesh)",9/1/2011,3/1/2014,3241.56,1418.27,99.75,43.7527,3241.56,0,0,0,6/1/2026,4475,147.02,1
618531,6L of Aurangabad to Bihar-Jharkhand border Chordaha section from km. 180.000 to km. 209.827 of NH-2 PKG-01 (National Highways Authority of India [NHAI]) (618531) (N24001703) (10382),Ministry of Road Transport & Highways,Roads & Highways,"Multi-States (Bihar, Jharkhand)",12/1/2024,12/1/2026,1054.46,110.8,23.69,10.5077,786.81,-267.65,-25.3827,0,12/1/2026,0,0,0
618532,6L of Aurangabad to Bihar-Jharkhand border Chordaha section from km. 209.827 to Km. 249.525 of NH-19 PKG-02 (National Highways Authority of India [NHAI]) (618532) (N24001700) (10383),Ministry of Road Transport & Highways,Roads & Highways,"Multi-States (Bihar, Jharkhand)",3/1/2022,3/1/2024,1822.46,605.5,97.92,33.2243,738.11,-1084.35,-59.4992,0,5/1/2026,791,25.99,1
618533,Barwa Adda Km. 398.240 to Panagarh Km. 521.120 (National Highways Authority of India [NHAI]) (618533) (N24000515) (10384),Ministry of Road Transport & Highways,Roads & Highways,"Multi-States (Jharkhand, West Bengal)",4/1/2014,9/1/2016,1560.39,91.5,100,5.8639,1568.22,7.83,0.5018,1,8/1/2026,3621,118.97,1
618534,Construction of Six lane elevated flyover including reconstruction/rehabilitation of existing pavement from Km 426230 to Km 430500 Length 4.27 Km at Nirsa in the Barwa Adda Panagarh section of NH-19 from Km.398.240 to Km.521.120 including Panagarh Bypass in the State of Jharkhand on EPC Mode. (National Highways Authority of India [NHAI]) (618534) (-) (-),Ministry of Road Transport & Highways,Roads & Highways,Jharkhand,2/1/2026,8/1/2028,470.75,0.89,0,0.1891,470.75,0,0,0,8/1/2026,-731,-24.02,0
618535,Construction of Six lane elevated flyover including reconstruction/rehabilitation of existing pavement from Km 406100 to Km 411150 Length 5.05 Km at Gobindpur area in the Barwa Adda Panagarh section of NH-19 from Km.398.240 to Km.521.120 including Panagarh Bypass in the State of Jharkhand on EPC Mode. (National Highways Authority of India [NHAI]) (618535) (-) (-),Ministry of Road Transport & Highways,Roads & Highways,Jharkhand,9/1/2025,3/1/2028,687.77,47.69,14.6,6.934,442.52,-245.25,-35.6587,0,3/1/2028,0,0,0
618536,Construction of Ring Road around Kanpur from Ch.68.650 to Ch.93.209 Jarkala to Pakari Package-IV in State of Uttar Pradesh. (National Highways Authority of India [NHAI]) (618536) (-) (10385),Ministry of Road Transport & Highways,Roads & Highways,Uttar Pradesh,12/1/2024,6/1/2027,1603.53,226.57,34.76,14.1295,1192.16,-411.37,-25.654,0,6/1/2027,0,0,0
618537,Construction of Ring Road around Kanpur from Km.000 to Km. 23.325 Chachendi Sachendi I to Maharajpur Package-I (National Highways Authority of India [NHAI]) (618537) (N24002104) (10386),Ministry of Road Transport & Highways,Roads & Highways,Uttar Pradesh,12/1/2023,6/1/2026,1753.75,416.64,57.81,23.7571,1311.7,-442.05,-25.206,0,2/1/2027,245,8.05,1
618538,Construction of Ring Road around kanpur from Ch.51.200 to Ch. 68.650 Badarka to Harbanch-Uchti Pkg-III (National Highways Authority of India [NHAI]) (618538) (-) (10387),Ministry of Road Transport & Highways,Roads & Highways,Uttar Pradesh,1/1/2025,7/1/2027,1792.68,231.19,28.12,12.8963,1126.75,-665.93,-37.1472,0,7/1/2027,0,0,0
618539,Construction of Ring Road Kanpur from Ch. 32.090 to Ch.51.200 Transganaga to Sathara Package-II B (National Highways Authority of India [NHAI]) (618539) (-) (10388),Ministry of Road Transport & Highways,Roads & Highways,Uttar Pradesh,3/1/2025,9/1/2027,1089.41,40.76,14.5,3.7415,1106.92,17.51,1.6073,1,9/1/2027,0,0,0
618540,Construction of Ring Road around Kanpur from Ch.23.325 to Ch.32.090 Chaudhariya to Transganga Package-IIA (National Highways Authority of India [NHAI]) (618540) (-) (10389),Ministry of Road Transport & Highways,Roads & Highways,Uttar Pradesh,11/1/2025,10/1/2027,1089.41,234.6,45.52,21.5346,977.45,-111.96,-10.2771,0,4/1/2028,183,6.01,1
618541,4L Ring road/bypass around Srinagar city from km 0.000 to km 42.100 Phase-I (National Highways Authority of India [NHAI]) (618541) (N24001511) (10390),Ministry of Road Transport & Highways,Roads & Highways,Jammu and Kashmir,8/1/2021,2/1/2024,2919.96,1774.2,87.5,60.7611,2604.76,-315.2,-10.7947,0,10/1/2026,973,31.97,1
618542,4L of existing Wayul Ganderbal Pandach Soura section of old NH-1 as a part of Srinagar Ring Road Phase IIA (National Highways Authority of India [NHAI]) (618542) (-) (-),Ministry of Road Transport & Highways,Roads & Highways,Jammu and Kashmir,5/1/2026,5/1/2028,827.98,25.21,0,3.0448,827.98,0,0,0,5/1/2028,0,0,0
618543,4L of twin tube tunnel configuration including approaches from Marog to Digdol from Km.154.210 to Km.158.650 North Bound and from Km.155.940 to Km.160.260 South Bound of Ramban to Banihal Pkg-I of Old NH-1A New NH-44 (National Highways Authority of India [NHAI]) (618543) (N24001627) (10391),Ministry of Road Transport & Highways,Roads & Highways,Jammu and Kashmir,8/1/2022,8/1/2025,1912.17,370.25,28.9,19.3628,1034.3,-877.87,-45.9096,0,12/1/2027,852,27.99,1
618544,"4L twin tube tunnel including approaches from Digdol to Khuni Nallah North Bound connecting with existing major bridge on NB and South Bound connecting with Tunnel T4 ,Single tube tunnel of Ramban to Banihal Pkg-II of Old NH-1A New NH-44 (National Highways Authority of India [NHAI]) (618544) (N24001622) (10392)",Ministry of Road Transport & Highways,Roads & Highways,Jammu and Kashmir,2/1/2022,6/1/2024,1401.87,1029.97,87.1,73.4711,1020.99,-380.88,-27.1694,0,9/1/2026,822,27.01,1
618545,"4L of Km.165.092 to Km.171.855 North Bound and from Km.166.895 to Km.173.638 South Bound, excl. certain reaches of North Bound and South Bound of Ramban to Banihal Pkg-III of Old NH-1A New NH-44 (National Highways Authority of India [NHAI]) (618545) (N24001621) (-)",Ministry of Road Transport & Highways,Roads & Highways,Jammu and Kashmir,2/1/2022,8/1/2024,614.48,263.75,42.8,42.9225,444.76,-169.72,-27.6201,0,6/1/2027,1034,33.97,1
618547,2L NH-1 from km 8.660 to km 33.775 Sumbal to Wayul to 4L dual carriageway NH standard as part of Srinagar Ring Road PhaseII [Design Ch. 41.907 to Ch. 66.609] (National Highways Authority of India [NHAI]) (618547) (N24002059) (10394),Ministry of Road Transport & Highways,Roads & Highways,Jammu and Kashmir,12/1/2023,6/1/2026,961,430.82,51.02,44.8304,643.64,-317.36,-33.0239,0,6/1/2027,365,11.99,1
618549,Construction of twin tube tunnels on Jammu Kashmir Ring Road NH-244A Between Design Ch. 50600 to 51700 and design Ch. 53535 to 55700 on EPC mode under residual NHDP component of Bharatmala Pariyojna (National Highways Authority of India [NHAI]) (618549) (N24001926) (10396),Ministry of Road Transport & Highways,Roads & Highways,Jammu and Kashmir,6/1/2023,6/1/2025,242.65,664.39,83.87,273.8059,731.59,488.94,201.5001,1,12/1/2026,548,18,1
618550,Corridor Efficiency Improvement including removal of black spots in Lakhanpur - Samba section of NH-44 from Chainage Km. 16.300 to Km. 74.100 (National Highways Authority of India [NHAI]) (618550) (N24001619) (-),Ministry of Road Transport & Highways,Roads & Highways,Jammu and Kashmir,12/1/2022,6/1/2024,855.74,198.69,74.63,23.2185,215.68,-640.06,-74.7961,0,12/1/2026,913,30,1
618551,Greenfield connectivity from Govindsar village on Delhi Amritsar Katra Expressway to Talwara village on NH-44 Pathankot by-pass (National Highways Authority of India [NHAI]) (618551) (-) (10397),Ministry of Road Transport & Highways,Roads & Highways,Punjab,7/1/2025,7/1/2027,666.81,57.9,28,8.6831,690.47,23.66,3.5482,1,7/1/2027,0,0,0
618552,Development of 6L Greenfield Jalandhar Bypass starting from Kahlwan NH-03 ending at Kang Sahbu NH-703 via Sarmastpur NH-44 - Madara NH-03 - Khajurla NH-44 (National Highways Authority of India [NHAI]) (618552) (N24001637) (10398),Ministry of Road Transport & Highways,Roads & Highways,Punjab,1/1/2023,1/1/2025,1754.84,884.83,50.56,50.4223,2167.39,412.55,23.5093,1,6/1/2027,881,28.94,1
618553,6L of Agra Bypass Northern connecting Km. 174.500 of NH-2 new NH-19 to Km. 141.000 of Yamuna Expressways (National Highways Authority of India [NHAI]) (618553) (N24001852) (10399),Ministry of Road Transport & Highways,Roads & Highways,Uttar Pradesh,2/1/2023,2/1/2025,957.62,758.67,100,79.2245,1034.42,76.8,8.0199,1,7/1/2026,515,16.92,1
618554,Construction of left out portion of Agra Inner Ring Road connecting village Deori to NH-44 village Bad from Km. 0.000 to Km. 7.772 (National Highways Authority of India [NHAI]) (618554) (N24001853) (10400),Ministry of Road Transport & Highways,Roads & Highways,Uttar Pradesh,3/1/2023,9/1/2024,879.26,623.64,93.8,70.9278,787.58,-91.68,-10.4269,0,8/1/2026,699,22.97,1
618556,"Construction of 26 VUPs, Major Bridge, Service Road etc. on Lalitpur-Sagar- Lakhnadon section of NH-44 NS (National Highways Authority of India [NHAI]) (618556) (-) (10402)",Ministry of Road Transport & Highways,Roads & Highways,"Multi-States (Madhya Pradesh, Uttar Pradesh)",3/1/2024,3/1/2026,665.91,533.07,96.25,80.0514,665.91,0,0,0,6/1/2026,92,3.02,1
618557,4L of Indora Chowk to Pachpaoli and Agrasen Chowk - Ashoka Chowk (National Highways Authority of India [NHAI]) (618557) (N24002071) (10403),Ministry of Road Transport & Highways,Roads & Highways,Maharashtra,7/1/2023,6/1/2026,1038.84,673.93,83,64.8733,918.53,-120.31,-11.5812,0,7/1/2026,30,0.99,1
618558,Improvement of Geometrics of Kalkallu to Gundla Pochanpalli from Km 454.00 to Km 471.00 of NH-44 (National Highways Authority of India [NHAI]) (618558) (N24001555) (10404),Ministry of Road Transport & Highways,Roads & Highways,Telangana,1/1/2023,1/1/2025,955.49,427.43,35.96,44.7341,903.17,-52.32,-5.4757,0,7/1/2026,546,17.94,1
618559,6L of existing 4L from Gundlapochampally to Bowenpally from km 471.300 to km 481.331 of NH-44 (National Highways Authority of India [NHAI]) (618559) (N24001556) (10405),Ministry of Road Transport & Highways,Roads & Highways,Telangana,8/1/2022,7/1/2024,521.53,256.53,50.5,49.188,528.21,6.68,1.2808,1,4/1/2026,639,20.99,1
618560,Improvement of Geometrics of Thondupally to Kothur from Km 22.300 to Km 34.14 of NH-44 (National Highways Authority of India [NHAI]) (618560) (N24002082) (10406),Ministry of Road Transport & Highways,Roads & Highways,Telangana,3/1/2023,9/1/2024,541.58,72.23,17.05,13.3369,527.43,-14.15,-2.6127,0,,,,
618561,Improving the Alignment of Thoppur Ghat Section from Km 158.500 to Km 165.100 in Dharmapuri - Salem Section of NH-44 (National Highways Authority of India [NHAI]) (618561) (-) (10407),Ministry of Road Transport & Highways,Roads & Highways,Tamil Nadu,3/1/2025,3/1/2028,904.99,183.57,41.45,20.2842,731.09,-173.9,-19.2157,0,3/1/2028,0,0,0
618562,Dindigul Bypass - Samyanallore from km. 373.275 to km. 426.00 (National Highways Authority of India [NHAI]) (618562) (-) (-),Ministry of Road Transport & Highways,Roads & Highways,Tamil Nadu,7/1/2006,1/1/2009,579,1.4,100,0.2418,295.5,-283.5,-48.9637,0,,,,
618563,4L of Madurai Ring Road Phase 1 [Vadipatti-Thamrapatti] from km 0.00 - km 29.960 (National Highways Authority of India [NHAI]) (618563) (N24001606) (10408),Ministry of Road Transport & Highways,Roads & Highways,Tamil Nadu,3/1/2020,3/1/2022,900.05,671.34,98.55,74.5892,900.05,0,0,0,6/1/2026,1553,51.02,1
618564,6L with PS of Samakhiyali to Santalpur section from km. 339.700 to Km. 430.100 of NH-27 (National Highways Authority of India [NHAI]) (618564) (-) (-),Ministry of Road Transport & Highways,Roads & Highways,Gujarat,12/1/2023,12/1/2025,1553.76,28.26,61.04,1.8188,34.34,-1519.42,-97.7899,0,3/1/2027,455,14.95,1
618565,Strengthening of existing 4L Ayodhya Bypass Section from design Km. 121 600 to Km. 144020 of NH 28 New NH 27Pkg-3 (NHAI) (618565) (N24002097) (-),Ministry of Road Transport & Highways,Roads & Highways,Uttar Pradesh,9/1/2023,3/1/2025,526.45,259.66,81.85,49.3228,281.13,-245.32,-46.5989,0,8/1/2025,153,5.03,1
618566,4L Green Field Northern East side Gorakhpur Bypass 26.616 Kms starting from NH- 29E Chainage 83.308 and end at NH-28 Chainage 285.100 (National Highways Authority of India [NHAI]) (618566) (N24002096) (10409),Ministry of Road Transport & Highways,Roads & Highways,Uttar Pradesh,1/1/2024,1/1/2026,1973.98,1005.8,71.98,50.9529,1244.44,-729.54,-36.9578,0,1/1/2027,365,11.99,1
618567,4/6L of Northern Ayodhya Bypass starting Km. 112.540 and ending Km. 139.928 north of existing NH-27 part-1 and part-2 south of NH-27 from km 0.000 to km 5.000. (NHAI) (618567) (-) (10410),Ministry of Road Transport & Highways,Roads & Highways,Uttar Pradesh,7/1/2025,1/1/2028,2289.34,233.67,30.14,10.2069,1834.25,-455.09,-19.8787,0,1/1/2028,0,0,0
618568,4/6L Southern Ayodhya Bypass from Km 5.000 to Km 37.172 starting near Km. 112.540 and ending at Km. 153.281 of NH-27 (NHAI) (618568) (-) (10411),Ministry of Road Transport & Highways,Roads & Highways,Uttar Pradesh,3/1/2025,9/1/2027,2541.13,297.45,38.23,11.7054,1983.05,-558.08,-21.9619,0,9/1/2027,0,0,0
618569,Balance work - WB-10 Gandak Bridge Km 402.00 to Km 440.00 Devanpur - Kotwa (National Highways Authority of India [NHAI]) (618569) (N24002063) (-),Ministry of Road Transport & Highways,Roads & Highways,Bihar,7/1/2022,1/1/2024,210.05,116.57,64.05,55.4963,358.3,148.25,70.5784,1,2/1/2027,1127,37.03,1
618570,4L Elevated Highway and at grade improvements at Gopalganj Town from Km. 384.000 to Km. 386.750 on NH-27 (National Highways Authority of India [NHAI]) (618570) (N24001702) (-),Ministry of Road Transport & Highways,Roads & Highways,Bihar,3/1/2022,8/1/2024,325.57,225.44,99.78,69.2447,248.92,-76.65,-23.5433,0,4/1/2026,608,19.98,1
618572,Binnaguri Bypass-Descoped portion of Ghoshpukur-Dhupguri Section of NH-31Dpkg-1 (National Highways Authority of India [NHAI]) (618572) (-) (-),Ministry of Road Transport & Highways,Roads & Highways,West Bengal,11/1/2025,11/1/2027,309.99,1.94,2.11,0.6258,306.02,-3.97,-1.2807,0,11/1/2027,0,0,0
618574,Balance Works of 4L of NH-31D from Km. 113.200 to Km. 154.854 Package-II A Ghoshpukur-Salsalabari Section (National Highways Authority of India [NHAI]) (618574) (-) (10412),Ministry of Road Transport & Highways,Roads & Highways,West Bengal,12/1/2024,6/1/2027,1818.46,457.06,56.54,25.1345,962.31,-856.15,-47.081,0,6/1/2027,0,0,0
618576,"6L Standalone Flyovers at Raha, Demow, Borghat, Kathiatali junctions and ROB at Jagiroad on stretches of NH 36 and NH 27 (National Highways Authority of India [NHAI]) (618576)",Ministry of Road Transport & Highways,Roads & Highways,Assam,12/1/2022,6/1/2024,280.75,211.79,99.04,75.4372,255.53,-25.22,-8.9831,0,,,,
618577,Dwarka Expressway Pkg-III Delhi/HR Border to Start of RoB Gurugram (National Highways Authority of India [NHAI]) (618577) (-) (10413),Ministry of Road Transport & Highways,Roads & Highways,"Multi-States (Delhi, Haryana)",11/1/2018,11/1/2020,2228.26,999.69,100,44.8642,2298.37,70.11,3.1464,1,6/1/2026,2038,66.96,1
618578,6L Access Controlled Highway from DND Maharani Bagh - Jn. with Jaitpur - Pushta Road of NH-148NA from km. 0.00 to km. 9.00 in NCR (National Highways Authority of India [NHAI]) (618578) (N24001773) (10414),Ministry of Road Transport & Highways,Roads & Highways,Delhi,1/1/2022,7/1/2024,1467.44,1615.93,98.25,110.119,2510.34,1042.9,71.0693,1,6/1/2026,700,23,1
618579,6L of Anandapuram Pendurthi Anakapalli Section from km. 681.000 to km. 731.780 of NH-16 (National Highways Authority of India [NHAI]) (618579) (-) (10415),Ministry of Road Transport & Highways,Roads & Highways,Andhra Pradesh,1/1/2019,7/1/2021,2527,1012.02,100,40.0483,2957.25,430.25,17.0261,1,6/1/2026,1796,59.01,1
618580,Gohana - Sonipat PKG-2 (National Highways Authority of India [NHAI]) (618580) (N24001535) (10416),Ministry of Road Transport & Highways,Roads & Highways,Haryana,7/1/2020,7/1/2022,1275.31,734.13,97.86,57.5648,1957.44,682.13,53.4874,1,6/1/2026,1431,47.01,1
618581,Hosur to Dhamrapuri Pkg-1 [Neraluru - Thorapalli Agraharam] (National Highways Authority of India [NHAI]) (618581) (N24001693) (10417),Ministry of Road Transport & Highways,Roads & Highways,"Multi-States (Karnataka, Tamil Nadu)",10/1/2022,10/1/2024,1757.27,927.75,78.7,52.795,1828.66,71.39,4.0626,1,7/1/2026,638,20.96,1
618582,4L of Galgalia - Bahadurganj section from Km 0.000 to Km 49.000 Package-I of NH327E (National Highways Authority of India [NHAI]) (618582) (-) (10418),Ministry of Road Transport & Highways,Roads & Highways,Bihar,1/1/2022,1/1/2024,1282.97,599.36,100,46.7166,1282.97,0,0,0,,,,
618583,4L of Bahadurganj Araria section from Km 49.000 to Km 94.000 Package-II of NH- 327E (National Highways Authority of India [NHAI]) (618583) (-) (10419),Ministry of Road Transport & Highways,Roads & Highways,Bihar,1/1/2022,1/1/2024,1358.77,713.95,100,52.5438,1358.77,0,0,0,5/1/2024,121,3.98,1
618584,4L of Kishanganj - Bahadurganj section from Km. 0.000 to Km. 23.649 & interchange at Start Point Length - 1.200 Km of NH-27 (National Highways Authority of India [NHAI]) (618584) (-) (-),Ministry of Road Transport & Highways,Roads & Highways,"Multi-States (Bihar, West Bengal)",12/1/2025,12/1/2027,962.84,99.24,12.42,10.307,855.56,-107.28,-11.142,0,12/1/2027,0,0,0
618585,6L of Gonde Km. 439.038 to Pimpri Sado Km. 459.905 section of NH-848 Old NH-3 (National Highways Authority of India [NHAI]) (618585) (-) (10420),Ministry of Road Transport & Highways,Roads & Highways,Maharashtra,10/1/2024,4/1/2027,856.93,126.14,36.5,14.72,718.84,-138.09,-16.1145,0,11/1/2027,214,7.03,1
618586,Improvement and strengthening of existing 2 lane stretch to 2-Lane with PS 1.5m on both sides on Ghoti-Sinnar section of NH-160A using Thin White Topping 200mm thick in the State Of Maharashtra on EPC Mode (National Highways Authority of India [NHAI]) (618586) (-) (-),Ministry of Road Transport & Highways,Roads & Highways,Maharashtra,6/1/2025,6/1/2026,254.78,104.21,76,40.902,147.64,-107.14,-42.052,0,8/1/2026,61,2,1
618588,4L Mitigation Measure structures on CH/MH Border to Wainganga Bridge Section of NH-6 New NH-53 (National Highways Authority of India [NHAI]) (618588) (N24001798) (-),Ministry of Road Transport & Highways,Roads & Highways,Maharashtra,11/1/2021,11/1/2023,540.24,464.27,99.79,85.9377,468.92,-71.32,-13.2015,0,6/1/2026,943,30.98,1
618589,Durg-Raipur Bypass Section Package - 1 from km. 0.00 to km. 44.50 near Tendesara to near Khatti Village (National Highways Authority of India [NHAI]) (618589) (N24002045) (10422),Ministry of Road Transport & Highways,Roads & Highways,Chhattisgarh,7/1/2023,7/1/2025,1828,715.96,69.87,39.1663,1656.73,-171.27,-9.3693,0,3/1/2027,608,19.98,1
618590,Durg-Raipur-Arang Package - 2 from km. 44.50 to km. 92.23 near Khatti Village to near Aurang (National Highways Authority of India [NHAI]) (618590) (N24002046) (10423),Ministry of Road Transport & Highways,Roads & Highways,Chhattisgarh,6/1/2023,5/1/2025,1958.9,568.17,71.45,29.0045,1561.97,-396.93,-20.2629,0,3/1/2027,669,21.98,1
618591,"Construction of 6-lane flyover at Ainthapali junction and a 2-lane ROB LHS on NH-53 Earlier NH-6 in Sambalpur, on EPC mode in Odisha under NHO (National Highways Authority of India [NHAI]) (618591) (-) (-)",Ministry of Road Transport & Highways,Roads & Highways,Odisha,6/1/2024,12/1/2026,374.17,103.78,50.87,27.7361,211.74,-162.43,-43.4107,0,12/1/2026,0,0,0
618592,"Balance work of 8 nos. of Elephant Underpasses EUPs, 1 no. of Vehicular Underpass VUP, 1 nos. of Light Vehicular Underpass LVUP, 1 nos. of Pedestrian Underpass PUP, 1 nos. of Foot Over Bridge FOB and A2 side approach of Jharpokharia Flyover at Km.215.270 in Baharagora-Singhara section of NH-49 (National Highways Authority of India [NHAI]) (618592) (-) (-)",Ministry of Road Transport & Highways,Roads & Highways,Odisha,11/1/2024,5/1/2026,320.64,48.6,22.85,15.1572,244.85,-75.79,-23.6371,0,10/1/2027,518,17.02,1
618593,Balance work of Rehabilitation and Upgradation to four laning of Baharagora Singhara section of NH-49 from Km.229.727 to Km.238.990 Length 9.263 Km. including construction of five nos. of Elephant Underpasses EUP and fourteen nos. of Animal Underpasses AUP inside the buffer zone of Similipal Tiger Reserve Area in Bangriposi Ghat section in the State of Odisha on EPC Mode (National Highways Authority of India [NHAI]) (618593) (-) (-),Ministry of Road Transport & Highways,Roads & Highways,Odisha,5/1/2025,11/1/2027,263.32,9.17,9.8,3.4825,163.07,-100.25,-38.0715,0,11/1/2027,0,0,0
618594,Balance work of 4L Panvel to Indapur section of NH-66 Old NH- 17 from km 0.000 Panvel to km 42.300 Kasu (National Highways Authority of India [NHAI]) (618594) (N24001609) (-),Ministry of Road Transport & Highways,Roads & Highways,Maharashtra,3/1/2023,10/1/2024,329.82,185.04,96.89,56.1033,196.87,-132.95,-40.3099,0,6/1/2026,608,19.98,1
618595,6L of Chengala - Neeleshwaram from km. 56.200 to km. 93.468 (National Highways Authority of India [NHAI]) (618595) (N24001664) (10424),Ministry of Road Transport & Highways,Roads & Highways,Kerala,10/1/2021,4/1/2024,1746.45,960.04,90.68,54.9709,2538.06,791.61,45.3268,1,3/1/2027,1064,34.96,1
618596,6L of Taliparamba to Muzhappilangad from Km 134.650 to Km 170.6 of NH-66 (National Highways Authority of India [NHAI]) (618596) (N24001660) (10425),Ministry of Road Transport & Highways,Roads & Highways,Kerala,11/1/2021,5/1/2024,2714.6,1055.13,83,38.8687,3557.65,843.05,31.0561,1,12/1/2027,1309,43.01,1
618597,6L of Azhiyur-Vengalam from km. 189.200 to km. 230.400 of NH-66 (National Highways Authority of India [NHAI]) (618597) (N24001661) (10426),Ministry of Road Transport & Highways,Roads & Highways,Kerala,10/1/2021,7/1/2024,3205.77,776.84,60.07,24.2326,3898.46,692.69,21.6076,1,5/1/2027,1034,33.97,1
618598,6L Minor Bridge Paloli Palam at km. 203.160 & Major Bridge Morad at km. 204.895 and allied works (National Highways Authority of India [NHAI]) (618598) (N24001652) (-),Ministry of Road Transport & Highways,Roads & Highways,Kerala,12/1/2020,6/1/2022,210,77.9,100,37.0952,216.94,6.94,3.3048,1,6/1/2026,1461,48,1
618599,6L of Ramanatukkara Junction to start of Valanchery bypass section of NH-66 (National Highways Authority of India [NHAI]) (618599) (N24001658) (10427),Ministry of Road Transport & Highways,Roads & Highways,Kerala,1/1/2022,7/1/2024,4924.11,1815.81,99.75,36.8759,4919.46,-4.65,-0.0944,0,5/1/2026,669,21.98,1
618600,6L of Valanchery bypass to Kappirikkad of NH 66 from km. 298500 to km 335850 (National Highways Authority of India [NHAI]) (618600) (N24001659) (10428),Ministry of Road Transport & Highways,Roads & Highways,Kerala,1/1/2022,7/1/2024,4023.94,1497.77,98.84,37.2215,4023.94,0,0,0,6/1/2026,700,23,1
618601,6L of Kappirikkad to Thalikulam section from km 335.85 to km 369.015 of NH - 66 old NH-17 (National Highways Authority of India [NHAI]) (618601) (N24001655) (10429),Ministry of Road Transport & Highways,Roads & Highways,Kerala,9/1/2022,1/1/2025,4225.59,717.06,88.2,16.9695,4225.59,0,0,0,6/1/2027,881,28.94,1
618602,6L of Thalikulam to Kodugallur section from km 369.015 to km 397.850 of NH - 66 old NH-17 (National Highways Authority of India [NHAI]) (618602) (N24001656) (10430),Ministry of Road Transport & Highways,Roads & Highways,Kerala,9/1/2022,2/1/2025,4302.06,783.1,84.18,18.2029,4302.06,0,0,0,6/1/2027,850,27.93,1
618603,6L of Kodugallur to Edapppally section from km 397.750 to km 423.780 of NH - 66 old NH-17 (National Highways Authority of India [NHAI]) (618603) (N24001653) (10431),Ministry of Road Transport & Highways,Roads & Highways,Kerala,10/1/2022,4/1/2025,3465.82,853.77,70.81,24.634,3606.2,140.38,4.0504,1,5/1/2027,760,24.97,1
618604,Aroor-Thuravoor Thekku (National Highways Authority of India [NHAI]) (618604) (N24001648) (10432),Ministry of Road Transport & Highways,Roads & Highways,Kerala,2/1/2023,1/1/2026,2429.52,1765.01,90.34,72.6485,2382.83,-46.69,-1.9218,0,12/1/2026,334,10.97,1
618605,Thuravoor Thekku-Paravoor (National Highways Authority of India [NHAI]) (618605) (N24001651) (10433),Ministry of Road Transport & Highways,Roads & Highways,Kerala,3/1/2022,9/1/2024,2878.97,2170.03,79.5,75.3752,2638.67,-240.3,-8.3467,0,5/1/2027,972,31.93,1
618606,Paravoor-Kottankulangara (National Highways Authority of India [NHAI]) (618606) (N24001649) (10434),Ministry of Road Transport & Highways,Roads & Highways,Kerala,8/1/2022,2/1/2025,3273.61,1275.39,71.2,38.9597,3200.24,-73.37,-2.2413,0,3/1/2027,758,24.9,1
618607,Kottankulangara- Start of Kollam Bypass (National Highways Authority of India [NHAI]) (618607) (N24001657) (10435),Ministry of Road Transport & Highways,Roads & Highways,Kerala,4/1/2022,10/1/2024,2842.14,907.19,73.89,31.9193,3680.49,838.35,29.4971,1,3/1/2027,881,28.94,1
618608,4L of left-over works including additional structures from Kerala/Tamil Nadu border to Kanyakumari Section from Km 43.0 to Km 96.174 of NH66 (National Highways Authority of India [NHAI]) (618608) (N24002113) (10436),Ministry of Road Transport & Highways,Roads & Highways,Tamil Nadu,8/1/2023,8/1/2025,1564.23,958.93,78.41,61.3036,1263.42,-300.81,-19.2305,0,11/1/2026,457,15.01,1
618609,Construction of 4L Flyover from MES College Junction to Bogmalo Junction on NH- 566 from Km. 7.106 to Km. 10.460 and 4L VUP at Queeny Nagar Junction from Km. 3.330 to Km. 4.550 (National Highways Authority of India [NHAI]) (618609) (-) (-),Ministry of Road Transport & Highways,Roads & Highways,Goa,8/1/2024,7/1/2026,463.08,127.34,48.59,27.4985,316.28,-146.8,-31.7008,0,5/1/2027,304,9.99,1
618610,6L of Jodhpur Romana Bathinda - Mandi Dabwali Punjab Haryana Border section of NH-54 from km. 0.000 to km. 27.400 of NH-54 (National Highways Authority of India [NHAI]) (618610) (N24002075) (10437),Ministry of Road Transport & Highways,Roads & Highways,Punjab,8/1/2023,8/1/2025,789.26,518.7,99,65.7198,1318.91,529.65,67.1072,1,6/1/2026,304,9.99,1
618611,Sangariya near Chautala-Rasisar near Bikaner section of NH-754K Phase-I AJ/SR- Package-7 (National Highways Authority of India [NHAI]) (618611) (-) (10438),Ministry of Road Transport & Highways,Roads & Highways,Rajasthan,6/1/2021,6/1/2023,520.63,426.09,100,81.8412,548.42,27.79,5.3378,1,6/1/2026,1096,36.01,1
618612,Deogarh near Dhandhaniya-Rajasthan/Gujarat Border Phase-I AJ/DRGB-Package-6 (National Highways Authority of India [NHAI]) (618612) (N24001563) (10439),Ministry of Road Transport & Highways,Roads & Highways,Rajasthan,8/1/2021,8/1/2023,846.59,676.19,100,79.8722,740.62,-105.97,-12.5173,0,6/1/2026,1035,34,1
618613,Deogarh near Dhandhaniya-Rajasthan/Gujarat Border Phase-I AJ/DRGB-Package-7 (National Highways Authority of India [NHAI]) (618613) (N24001564) (10440),Ministry of Road Transport & Highways,Roads & Highways,Rajasthan,7/1/2021,7/1/2023,662.08,511.76,99.2,77.2958,597.77,-64.31,-9.7133,0,6/1/2026,1066,35.02,1
618614,Sanchore - Santalpur from km 67.000 - km 99.000 of NH-754K AJ-RGBS-Package-3 (National Highways Authority of India [NHAI]) (618614) (N24001790) (10441),Ministry of Road Transport & Highways,Roads & Highways,Gujarat,8/1/2021,8/1/2023,752.3,569.58,99,75.7118,765.25,12.95,1.7214,1,6/1/2026,1035,34,1
618615,Sanchore - Santalpur from km 99.000 - km 130.073 of NH-754K AJ-RGBS-Package-4 (National Highways Authority of India [NHAI]) (618615) (N24001794) (10442),Ministry of Road Transport & Highways,Roads & Highways,Gujarat,3/1/2021,3/1/2023,778.15,672.59,99.7,86.4345,835.55,57.4,7.3765,1,7/1/2026,1218,40.02,1
618616,4L of Dhrol bypass section of NH-151A Approx. length 5.7 Km & widening upto 4 laning of missing link of Amran section of NH-151A Approx. length 6.55 Km from existing Ch. 42000 to 48500 of ongoing Dhrol-Bhadra-Pipaliya section of NH-151A (National Highways Authority of India [NHAI]) (618616) (-) (-),Ministry of Road Transport & Highways,Roads & Highways,Gujarat,2/1/2025,2/1/2027,625.58,126.13,31.05,20.1621,455.54,-170.04,-27.1812,0,2/1/2027,0,0,0
618617,6L Amritsar-Bathinda Greenfield section from village Tiba on NE-5A to Jn. with Moga Jalandhar road NH-703 near Dharamkot from km 0.000 to km 39.000 of NH-754A Pkg-1 (National Highways Authority of India [NHAI]) (618617) (N24001640) (10443),Ministry of Road Transport & Highways,Roads & Highways,Punjab,11/1/2022,11/1/2024,1229.38,772.82,71.02,62.8626,1549.32,319.94,26.0245,1,6/1/2027,942,30.95,1
618618,6L Amritsar-Bathinda Greenfield section from Jn. with Bhagta Bhai Ka-Bhadaur Road near Dyalpura Bhai Ka to Jn. with Mandi Dabwali Bathinda Road on NH-54 near Sangat Kalan from km 93.000 to km 154.866 of NH-754A Pkg-3 (National Highways Authority of India [NHAI]) (618618) (N24002076) (10444),Ministry of Road Transport & Highways,Roads & Highways,Punjab,6/1/2024,6/1/2026,2029.17,515.11,72,25.3853,2677.23,648.06,31.9372,1,7/1/2027,395,12.98,1
618619,Bypass on Western side of Gwalior City (National Highways Authority of India [NHAI]) (618619) (-) (-),Ministry of Road Transport & Highways,Roads & Highways,Madhya Pradesh,1/1/2026,1/1/2028,998.95,22.06,0,2.2083,998.95,0,0,0,1/1/2028,0,0,0
618620,"Additional works 2VUPs, MR-10 junction flyover and underpass in Six lane Indore- Dewas section of NH-52 in the state of Madhya Pradesh on EPC Mode (National Highways Authority of India [NHAI]) (618620) (-) (-)",Ministry of Road Transport & Highways,Roads & Highways,Madhya Pradesh,1/1/2023,7/1/2024,207.77,130.73,79.72,62.9205,211.27,3.5,1.6846,1,2/1/2027,945,31.05,1
618621,Indore - Edlabad Pkg-II [Tejajinagar to Balwara] (National Highways Authority of India [NHAI]) (618621) (N24002070) (10445),Ministry of Road Transport & Highways,Roads & Highways,Madhya Pradesh,1/1/2023,1/1/2025,1162.8,547.21,85.6,47.0597,1530.82,368.02,31.6495,1,10/1/2026,638,20.96,1
618622,4L of Indore - Boregaon Pkg-III [Balwara to Dhangaon] from km. 42.260 to km. 82.660 of NH347BG & 753L (National Highways Authority of India [NHAI]) (618622) (N24001767) (10446),Ministry of Road Transport & Highways,Roads & Highways,Madhya Pradesh,4/1/2022,4/1/2024,1001.69,713.78,90.5,71.2576,888.81,-112.88,-11.269,0,10/1/2026,913,30,1
618623,4L Boregaon Buzurg to Shahpur Pkg I of Boregaon Buzurg to Muktainagar of NH 753L (National Highways Authority of India [NHAI]) (618623) (-) (10447),Ministry of Road Transport & Highways,Roads & Highways,Madhya Pradesh,2/1/2024,1/1/2026,1504.37,501.45,88.2,33.3329,1132.34,-372.03,-24.73,0,10/1/2026,273,8.97,1
618624,Mangloor to Telangana Maharashtra Border (National Highways Authority of India [NHAI]) (618624) (-) (10448),Ministry of Road Transport & Highways,Roads & Highways,"Multi-States (Maharashtra, Telangana)",4/1/2019,4/1/2021,1082.65,180.13,96.02,16.6379,1323.12,240.47,22.2112,1,3/1/2021,-31,-1.02,0
618625,Indore - Gujarat / MP Border from km. Km 9.500 to Km 171.000 of NH-59 in MP (National Highways Authority of India [NHAI]) (618625) (-) (-),Ministry of Road Transport & Highways,Roads & Highways,Madhya Pradesh,8/1/2010,2/1/2013,1175,14.04,99.93,1.1949,217.22,-957.78,-81.5132,0,5/1/2026,4837,158.92,1
618626,Four laning from Dive Ghat Km. 220.900 to Hadapsar Km. 234.150 of Mohol Alandi section Pkg VI of NH-965 (National Highways Authority of India [NHAI]) (618626) (-) (-),Ministry of Road Transport & Highways,Roads & Highways,Maharashtra,10/1/2024,10/1/2026,819.52,121.02,63.13,14.7672,400,-419.52,-51.1909,0,4/1/2027,182,5.98,1
618627,Construction of 7 Nos of Standalone safety structures/works at different locations on various NHs (National Highways Authority of India [NHAI]) (618627) (-) (-),Ministry of Road Transport & Highways,Roads & Highways,Maharashtra,7/1/2025,1/1/2027,168.52,17.61,26.37,10.4498,112.03,-56.49,-33.5212,0,1/1/2027,0,0,0
618628,Strengthening of Existing Alignment of Pandharpur Town Part Bypassed Section of NH 965 from KM 36.230 to KM 44.230 from Chh. Shivaji Maharaj Chowk to Wakhari (National Highways Authority of India [NHAI]) (618628) (-) (-),Ministry of Road Transport & Highways,Roads & Highways,Maharashtra,11/1/2023,10/1/2025,150.21,65.16,48,43.3793,87.59,-62.62,-41.6883,0,12/1/2026,426,14,1
618629,Nandigama Bypass and Kanchikacherla bypass (National Highways Authority of India [NHAI]) (618629) (-) (-),Ministry of Road Transport & Highways,Roads & Highways,Andhra Pradesh,3/1/2018,6/1/2019,416.07,110.65,98.47,26.5941,444.58,28.51,6.8522,1,9/1/2026,2649,87.03,1
618630,6L of MH/KN Border Nimbal Village to KN/TS Border Singnodi Village from Km. 26.000 to Km. 97.000 in Gulbarga of NH-150C Pkg-II (National Highways Authority of India [NHAI]) (618630) (N24001676) (10449),Ministry of Road Transport & Highways,Roads & Highways,Karnataka,12/1/2022,6/1/2025,2355.56,887.73,77.72,37.6866,1923.3,-432.26,-18.3506,0,11/1/2026,518,17.02,1
618631,6L of MH/KN Border Nimbal Village to KN/TS Border Singnodi Village from Km. 162.5 to Km. 203.100 in Raichur of NH-150C Pkg-IV (National Highways Authority of India [NHAI]) (618631) (-) (10450),Ministry of Road Transport & Highways,Roads & Highways,"Multi-States (Karnataka, Telangana)",11/1/2022,5/1/2025,1499.73,829.48,99.51,55.3086,1457.48,-42.25,-2.8172,0,6/1/2026,396,13.01,1
618632,6L Access Controlled Greenfield Highway of Nandinne village to Julekal village from Km 202.900 to Km 242.200 Pkg-1 (National Highways Authority of India [NHAI]) (618632) (N24001626) (10451),Ministry of Road Transport & Highways,Roads & Highways,"Multi-States (Karnataka, Telangana)",1/1/2023,1/1/2025,972.06,443.31,91.47,45.6052,1044.06,72,7.407,1,8/1/2026,577,18.96,1
618633,4L of Kadapa China Orampadu section of NH-716 Package I of Kadapa-Renigunta section (National Highways Authority of India [NHAI]) (618633) (-) (12088),Ministry of Road Transport & Highways,Roads & Highways,Andhra Pradesh,3/1/2026,3/1/2028,1732.66,0.03,1,0.0017,1732.66,0,0,0,3/1/2028,0,0,0
618634,6L of Veera Kaveri Raja Puram to Pondavakkam from km 61.380 to km 96.040 of NH 716B Pkg-III (National Highways Authority of India [NHAI]) (618634) (N24001819) (10452),Ministry of Road Transport & Highways,Roads & Highways,"Multi-States (Andhra Pradesh, Tamil Nadu)",1/1/2023,1/1/2025,1439.77,735,98.89,51.0498,1439.77,0,0,0,9/1/2026,608,19.98,1
618635,6L of Pondavakkam to Kannigaipair from km 96.040 to km 116.100 of NH 716B Pkg- IV (National Highways Authority of India [NHAI]) (618635) (N24001818) (10453),Ministry of Road Transport & Highways,Roads & Highways,Tamil Nadu,1/1/2023,1/1/2025,1359.81,337.16,39.38,24.7946,1359.81,0,0,0,12/1/2027,1064,34.96,1
618636,Akkalkot MH/KN border New Greenfield corridor from Km 512.000 to Km 548.400 of NH-150C part of Akkalkot KN/TS Border section Package XIV (National Highways Authority of India [NHAI]) (618636) (-) (10454),Ministry of Road Transport & Highways,Roads & Highways,"Multi-States (Karnataka, Maharashtra)",10/1/2024,10/1/2026,1370.75,275.78,49.35,20.1189,1403.49,32.74,2.3885,1,6/1/2027,243,7.98,1
618637,Bal. Works of Fagne Km. 510.000 to Maharashtra/Gujarat Border Km. 650.794 (National Highways Authority of India [NHAI]) (618637) (N24001804) (10455),Ministry of Road Transport & Highways,Roads & Highways,"Multi-States (Gujarat, Maharashtra)",9/1/2020,9/1/2022,1654.07,1357.11,97.66,82.0467,1672.89,18.82,1.1378,1,12/1/2026,1552,50.99,1
618638,Tarsod - Fagne section of NH-6 (National Highways Authority of India [NHAI]) (618638) (-) (10456),Ministry of Road Transport & Highways,Roads & Highways,Maharashtra,1/1/2019,7/1/2021,2267.99,990,98.84,43.651,2560.5,292.51,12.8973,1,4/1/2026,1735,57,1
618639,4L of Bilaspur to Urga km 0.00 to 70.2 of NH-130A (National Highways Authority of India [NHAI]) (618639) (N24001611) (10457),Ministry of Road Transport & Highways,Roads & Highways,Chhattisgarh,3/1/2022,3/1/2024,1855.59,1295.24,94.81,69.8021,2523.86,668.27,36.0139,1,7/1/2026,852,27.99,1
618640,4L of Urga - Pathalgaon from Km. 70.200 to km. 157.745 of NH-130A (National Highways Authority of India [NHAI]) (618640) (-) (10458),Ministry of Road Transport & Highways,Roads & Highways,Chhattisgarh,2/1/2024,8/1/2026,2261.3,961.31,74.43,42.5114,2860.36,599.06,26.4918,1,8/1/2026,0,0,0
618641,4 Lane of CG/JH Border-Gumla from km 0.000 to km 32.370 of NH-43 in the State of Jhrkhand (National Highways Authority of India [NHAI]) (618641) (-) (11882),Ministry of Road Transport & Highways,Roads & Highways,Jharkhand,2/1/2026,2/1/2028,1325.8,13.87,1.35,1.0462,1325.8,0,0,0,2/1/2028,0,0,0
618642,4L of Palma to Gumla from km. 26.00 to km. 89.170 of NH-23 (National Highways Authority of India [NHAI]) (618642) (N24001595) (10459),Ministry of Road Transport & Highways,Roads & Highways,Jharkhand,4/1/2022,3/1/2024,1882.93,918.87,98.96,48.8,1895.75,12.82,0.6809,1,6/1/2026,822,27.01,1
618644,4L of Ormanjhi-Gola section from Km 81.450 to Km 53.600 of NH- 320BPKG-II (National Highways Authority of India [NHAI]) (618644) (N24001854) (10460),Ministry of Road Transport & Highways,Roads & Highways,Jharkhand,6/1/2023,6/1/2025,1214.93,864.26,86.57,71.1366,1462.19,247.26,20.3518,1,12/1/2026,548,18,1
618645,4L of Gola-BokaroJaina More section from Km 53.600 to Km 21.110 of NH-320PKG-1 (National Highways Authority of India [NHAI]) (618645) (N24002056) (10461),Ministry of Road Transport & Highways,Roads & Highways,Jharkhand,6/1/2023,6/1/2025,1007.97,439.04,78.1,43.5569,1030.64,22.67,2.2491,1,10/1/2026,487,16,1
618646,4L of Pathalgaon-Kunkuri-CG/JH Border section of NH-43 from Km. 00.000 to Km.104.250 (National Highways Authority of India [NHAI]) (618646) (-) (-),Ministry of Road Transport & Highways,Roads & Highways,Chhattisgarh,4/1/2026,4/1/2029,3147.07,0,0,0,3147.07,0,0,0,4/1/2029,0,0,0
618647,6L Access Controlled Ludhiana-Bathinda Greenfield highway from Jn. with Amritsar- Bathanda Greenfield Road NH-754A near Rampura Phul to Jn. with Moga-Barnala Road NH-703 near village Tallewal from Km 0.0 to Km 30.3 of NH-754AD Pkg-1 (National Highways Authority of India [NHAI]) (618647) (N24002091) (10462),Ministry of Road Transport & Highways,Roads & Highways,Punjab,9/1/2023,9/1/2025,906.51,490.23,81.5,54.0788,1020.52,114.01,12.5768,1,10/1/2026,395,12.98,1
618649,4 Lane with PS from Des. Ch 228.500 to Des. Ch. 273.400 of Belgaum-Hungund- Raichur Section of NH 748 A Package-6 (National Highways Authority of India [NHAI]) (618649) (-) (10463),Ministry of Road Transport & Highways,Roads & Highways,Karnataka,11/1/2024,11/1/2026,1246.15,276.78,51.17,22.2108,1012.78,-233.37,-18.7273,0,6/1/2027,212,6.97,1
618650,4 Lane with PS from Des. Ch 89.900 to Des. Ch. 136.100 of Belgaum-Hungund- Raichur Section of NH-748A Package-3 (National Highways Authority of India [NHAI]) (618650) (-) (10464),Ministry of Road Transport & Highways,Roads & Highways,Karnataka,4/1/2025,4/1/2027,1363.9,115.94,20.45,8.5006,1219.62,-144.28,-10.5785,0,12/1/2027,244,8.02,1
618651,4 Lane with PS from Des. Ch 43.800 to Des. Ch. 89.900 of Belgaum-Hungund- Raichur Section of NH-748A Package-2 (National Highways Authority of India [NHAI]) (618651) (-) (10465),Ministry of Road Transport & Highways,Roads & Highways,Karnataka,3/1/2025,2/1/2027,1427.88,455.59,48.8,31.9067,1293.94,-133.94,-9.3803,0,6/1/2027,120,3.94,1
618652,Chakur Loha Section of NH-361 from km 114.600 to km 187.80 (National Highways Authority of India [NHAI]) (618652) (-) (10466),Ministry of Road Transport & Highways,Roads & Highways,Maharashtra,3/1/2019,3/1/2021,1241.38,785.13,100,63.2465,3342.11,2100.73,169.2254,1,2/1/2024,1067,35.06,1
618653,Loha-Waranga Section of NH-361 from km 187.800 to km 244.369 (National Highways Authority of India [NHAI]) (618653) (-) (10467),Ministry of Road Transport & Highways,Roads & Highways,Maharashtra,3/1/2019,3/1/2021,1236.08,900.78,96.22,72.8739,3466.58,2230.5,180.4495,1,12/1/2026,2101,69.03,1
618654,4L Greenfield Rudhi to Deshgaon Pkg V of Betul-Khandwa/Deshgaon (National Highways Authority of India [NHAI]) (618654) (N24001967) (-),Ministry of Road Transport & Highways,Roads & Highways,Madhya Pradesh,10/1/2023,10/1/2025,521.21,196.17,63.79,37.6374,469.68,-51.53,-9.8866,0,8/1/2027,669,21.98,1
618655,2L PS of Roshni to Ashapur Section of NH-347B from Design KM Ch. 89.900 to 114.000 KM Package III of Betul Khandwa (National Highways Authority of India [NHAI]) (618655) (-) (-),Ministry of Road Transport & Highways,Roads & Highways,Madhya Pradesh,8/1/2024,8/1/2026,200.99,109.85,93.93,54.6545,120.75,-80.24,-39.9224,0,8/1/2026,0,0,0
618661,4L from km 0.000 to 42.040 Bhopal Ratnaigiri Tiraha to Vidisha Morikodi (National Highways Authority of India [NHAI]) (618661) (-) (10468),Ministry of Road Transport & Highways,Roads & Highways,Madhya Pradesh,11/1/2025,11/1/2027,1032.3,73.97,11.05,7.1656,1038.18,5.88,0.5696,1,11/1/2027,0,0,0
618662,4L Vidisha Gyaraspur section of NH-146 from Design Chainage km 59475 existing chainage km 81240 to Design Chainage km 88361 existing chainage km 110.315 (National Highways Authority of India [NHAI]) (618662) (-) (12086),Ministry of Road Transport & Highways,Roads & Highways,Madhya Pradesh,3/1/2026,3/1/2028,980.2,1.56,6.18,0.1592,980.2,0,0,0,3/1/2028,0,0,0
618663,i 4L Vidisha to Hinotiya from km 0.000 to Km 27.000 Vidisha Mehulwa-Talbehat Pkg- I Section of NH- 346 and ii 4L Vidisha to Morikori from Km 39.000 to 59.476 section of NH-146 (National Highways Authority of India [NHAI]) (618663) (N24002077) (10469),Ministry of Road Transport & Highways,Roads & Highways,Madhya Pradesh,12/1/2023,12/1/2025,1003.87,384.74,87.14,38.3257,941.12,-62.75,-6.2508,0,12/1/2026,365,11.99,1
618664,Berkhedi to Godpehra on NH-44 Sagar link road (National Highways Authority of India [NHAI]) (618664) (N24001614) (-),Ministry of Road Transport & Highways,Roads & Highways,Madhya Pradesh,11/1/2022,11/1/2024,524.84,371.08,91.5,70.7035,471.31,-53.53,-10.1993,0,12/1/2026,760,24.97,1
618665,4L of Sagar - Mohari from Km.8 to Km.50 Pkg-I (National Highways Authority of India [NHAI]) (618665) (N24001615) (10470),Ministry of Road Transport & Highways,Roads & Highways,Madhya Pradesh,4/1/2022,4/1/2024,790.78,454.54,98.64,57.48,660.38,-130.4,-16.49,0,6/1/2026,791,25.99,1
618667,4L of near Satai Ghat to Chowka section of NH-34 from D. Ch. 89.875 to D. Ch. 145.000 Package-3 (National Highways Authority of India [NHAI]) (618667) (-) (10472),Ministry of Road Transport & Highways,Roads & Highways,Madhya Pradesh,10/1/2025,10/1/2027,1005.59,111.98,27.74,11.1358,882.21,-123.38,-12.2694,0,10/1/2027,0,0,0
618668,4L of Chowka to Kaimaha near MP/UP Border section NH-34 from D. Ch. 145.000 to D. Ch. 197.266 excluding existing Chhatarpur bypass from D. Ch. 160.307 to D. Ch. 168.630 Package-4 (National Highways Authority of India [NHAI]) (618668) (-) (10473),Ministry of Road Transport & Highways,Roads & Highways,"Multi-States (Madhya Pradesh, Uttar Pradesh)",9/1/2025,9/1/2027,996.5,137.19,33.27,13.7672,846.68,-149.82,-15.0346,0,9/1/2027,0,0,0
618669,4 -Laning of MP/UP Border to Kabarai section of NH-34&35 from km 197.000 to km 242.991 Length 45.991 Km Sagar-Kabrai Package-5 under Bharat Mala Pariyojana EC in MP & UP on HAM (National Highways Authority of India [NHAI]) (618669) (-) (10474),Ministry of Road Transport & Highways,Roads & Highways,Uttar Pradesh,2/1/2025,2/1/2027,1632.93,338.64,53.75,20.7382,1425.43,-207.5,-12.7072,0,1/1/2027,-31,-1.02,0
618671,4-lanning of Rahatgarh to Berkhedi section of NH-146 from Design Ch 124470 to Ch. 134.549 (National Highways Authority of India [NHAI]) (618671) (-) (-),Ministry of Road Transport & Highways,Roads & Highways,Madhya Pradesh,12/1/2025,12/1/2027,618.33,24.57,8.51,3.9736,342.69,-275.64,-44.5781,0,12/1/2027,0,0,0
618672,4-lanning of Gyaraspur to Rahatgarh section of NH-146 from Design Ch. 88361 to Ch 124470 in the state of MP on HAM mode (National Highways Authority of India [NHAI]) (618672) (-) (10475),Ministry of Road Transport & Highways,Roads & Highways,Madhya Pradesh,11/1/2025,11/1/2027,903.44,108.89,30.01,12.0528,592.44,-311,-34.424,0,11/1/2027,0,0,0
618673,Development of 6L of Jhanki Sargi Section Road from km 0.000 to km 42.800 of NH- 130CD Pkg-CG-1 (National Highways Authority of India [NHAI]) (618673) (N24001593) (10476),Ministry of Road Transport & Highways,Roads & Highways,Chhattisgarh,9/1/2022,9/1/2024,1368.19,673.52,98.39,49.2271,1129.14,-239.05,-17.472,0,2/1/2027,883,29.01,1
618674,Development of 6L Sargi Basanwahi Section from km 42.800 to km 99.500 of NH- 130CD Pkg-CG-2 (National Highways Authority of India [NHAI]) (618674) (N24001588) (10477),Ministry of Road Transport & Highways,Roads & Highways,Chhattisgarh,1/1/2023,1/1/2025,1470.73,756.12,100,51.4112,1461.81,-8.92,-0.6065,0,6/1/2026,516,16.95,1
618675,Development of 6L of Basanwahi Marangpuri Section from km 99.500 to km 124.661 of NH-130-CD (National Highways Authority of India [NHAI]) (618675) (N24002017) (10478),Ministry of Road Transport & Highways,Roads & Highways,Chhattisgarh,10/1/2023,10/1/2025,1307.16,480.24,64.89,36.7392,1303.63,-3.53,-0.2701,0,3/1/2027,516,16.95,1
618676,6L of Dhanara - Hatibena Section from Km 124.611 to km 146.50 of NH-130-CD Package OD-1 (National Highways Authority of India [NHAI]) (618676) (N24001669) (10479),Ministry of Road Transport & Highways,Roads & Highways,"Multi-States (Chhattisgarh, Odisha)",3/1/2022,3/1/2024,477.76,297.98,99.95,62.3702,638.32,160.56,33.6068,1,4/1/2026,761,25,1
618677,6L Greenfield Kaliagura Baunsaguar Section of NH-130-CD Road from km 249000 to km 293000 Package OD-5 (National Highways Authority of India [NHAI]) (618677) (N24001667) (10480),Ministry of Road Transport & Highways,Roads & Highways,Odisha,5/1/2022,5/1/2024,1539.75,978.89,95.59,63.5746,1918.49,378.74,24.5975,1,11/1/2026,914,30.03,1
618678,6L Greenfield Baunsaguar - Baraja Section of NH-130-CD Road from km 293000 to km 338500 Package OD-6 (National Highways Authority of India [NHAI]) (618678) (N24001678) (10481),Ministry of Road Transport & Highways,Roads & Highways,Odisha,6/1/2022,5/1/2024,1265.59,869.4,99.04,68.6952,1635.44,369.85,29.2235,1,6/1/2026,761,25,1
618680,6L Greenfield Kandili - Aluru Section of NH-130-CD Road from km 342500 to km 365033 Package-OD-8 (National Highways Authority of India [NHAI]) (618680) (N24001665) (10483),Ministry of Road Transport & Highways,Roads & Highways,Odisha,10/1/2022,10/1/2024,1492.74,1050.21,99.9,70.3545,1912.84,420.1,28.1429,1,6/1/2026,608,19.98,1
618681,6L Aluru - Jakkuva Section of NH-130CD Road from km 365.033 to km 396.800 Pkg. 1 (National Highways Authority of India [NHAI]) (618681) (N24001838) (10484),Ministry of Road Transport & Highways,Roads & Highways,"Multi-States (Andhra Pradesh, Odisha)",3/1/2022,3/1/2024,1216.12,697.87,99.63,57.385,1241.66,25.54,2.1001,1,6/1/2026,822,27.01,1
618682,6L Korlam-Kantakapalle Section of NH-130CD Road from Km 421.100 to Km 445.100 Pkg-3 (National Highways Authority of India [NHAI]) (618682) (-) (10485),Ministry of Road Transport & Highways,Roads & Highways,Andhra Pradesh,2/1/2022,2/1/2024,1112.7,823.69,99.26,74.0262,1127.63,14.93,1.3418,1,7/1/2026,881,28.94,1
618684,Outer Ring Road of Jabalpur Town from Manegaon to NH-45 Pkg-2 (National Highways Authority of India [NHAI]) (618684) (-) (10486),Ministry of Road Transport & Highways,Roads & Highways,Madhya Pradesh,3/1/2024,3/1/2026,917.26,499.13,75.61,54.4153,786.47,-130.79,-14.2588,0,3/1/2027,365,11.99,1
618685,Outer Ring Road of Jabalpur Town from NH45 to Kushner Pkg-3 (National Highways Authority of India [NHAI]) (618685) (-) (10487),Ministry of Road Transport & Highways,Roads & Highways,Madhya Pradesh,3/1/2024,3/1/2026,911.24,502.56,79.8,55.1512,773.23,-138.01,-15.1453,0,10/1/2026,214,7.03,1
618686,Outer Ring Road of Jabalpur Town from Kushner to Amjhar Road including Airport Connectivity Pkg-IV (National Highways Authority of India [NHAI]) (618686) (-) (10488),Ministry of Road Transport & Highways,Roads & Highways,Madhya Pradesh,3/1/2024,3/1/2026,612.94,341.9,76.1,55.7803,509.82,-103.12,-16.8238,0,11/1/2026,245,8.05,1
618687,Outer Ring Road of Jabalpur Town from Barela to Manegaon Pkg-1 (National Highways Authority of India [NHAI]) (618687) (N24002068) (10489),Ministry of Road Transport & Highways,Roads & Highways,Madhya Pradesh,3/1/2023,3/1/2025,652.33,482.93,88,74.0315,651.88,-0.45,-0.069,0,8/1/2026,518,17.02,1
618688,Outer Ring Road of Jabalpur Town from Amjhar Road including Airport Connectivity to barela Pkg-V (National Highways Authority of India [NHAI]) (618688) (-) (10490),Ministry of Road Transport & Highways,Roads & Highways,Madhya Pradesh,10/1/2025,10/1/2027,794.7,69.49,26.95,8.7442,539.9,-254.8,-32.0624,0,10/1/2027,0,0,0
618690,"4 lanning of Aligarh Palwal section from km 0.00 to km 46.39 package -1 from khereshwar junction-kurana of NH33D , including khair & jattari bypass in the state of UP on HAM mode (National Highways Authority of India [NHAI]) (618690) (-) (10491)",Ministry of Road Transport & Highways,Roads & Highways,Uttar Pradesh,3/1/2025,3/1/2027,1663.38,544.81,16.75,32.7532,1685.69,22.31,1.3412,1,3/1/2027,0,0,0
618691,4 laning of Aligarh-Palwal Section from Km. 46.390 Design Chainage to Km. 69.110 Terminating at junction EPE Package-II from Kurana- Eastern Peripheral Expressway of NH-334D (National Highways Authority of India [NHAI]) (618691) (-) (10492),Ministry of Road Transport & Highways,Roads & Highways,"Multi-States (Haryana, Uttar Pradesh)",8/1/2025,8/1/2027,939.17,182.25,10.95,19.4054,903.94,-35.23,-3.7512,0,8/1/2027,0,0,0
618692,Aligarh-Kanpur Pkg I [Aligarh-Bhadwas] (National Highways Authority of India [NHAI]) (618692) (-) (10493),Ministry of Road Transport & Highways,Roads & Highways,Uttar Pradesh,2/1/2019,6/1/2022,1226.64,769.4,100,62.7242,2069.6,842.96,68.7211,1,8/1/2026,1522,50,1
618693,Bodhre - Dhule (National Highways Authority of India [NHAI]) (618693) (N24000656) (10494),Ministry of Road Transport & Highways,Roads & Highways,Maharashtra,1/1/2022,7/1/2024,1344.78,785.78,97.69,58.4319,1292.7,-52.08,-3.8728,0,7/1/2026,730,23.98,1
618694,Indore - Harda Pkg-I [Indore to Raghav Garh from km. 0.25 to km. 26.903] (National Highways Authority of India [NHAI]) (618694) (N24001766) (10495),Ministry of Road Transport & Highways,Roads & Highways,Madhya Pradesh,11/1/2022,10/1/2024,1011.29,417.14,93.08,41.2483,813.03,-198.26,-19.6047,0,7/1/2026,638,20.96,1
618695,Indore - Harda Pkg-III [Nanasa to Pidgaon Section from km 95.000 to km 142.445] (National Highways Authority of India [NHAI]) (618695) (N24001762) (10496),Ministry of Road Transport & Highways,Roads & Highways,Madhya Pradesh,10/1/2021,10/1/2023,1146.22,626.02,98.21,54.616,1240.64,94.42,8.2375,1,6/1/2026,974,32,1
618697,4LPS Access Controlled Highway of Bellary Bypass Balance work from Ch. 254750 to Ch. 266837 and construction of 4LPS from Ch. 277.690 to Ch. 278.690 at D. Hirehal Village Balance work of NH 150A of Bellary Byrapura Section (National Highways Authority of India [NHAI]) (618697) (-) (-),Ministry of Road Transport & Highways,Roads & Highways,Karnataka,8/1/2024,7/1/2026,626.01,111.79,36.4,17.8575,284.05,-341.96,-54.6253,0,7/1/2027,365,11.99,1
618698,Challakere to Hariyur section from km 358.500 to km 414.205 of NH-150 A (National Highways Authority of India [NHAI]) (618698) (-) (10498),Ministry of Road Transport & Highways,Roads & Highways,Karnataka,1/1/2021,1/1/2023,1167.52,843.6,99.5,72.2557,1873.58,706.06,60.4752,1,6/1/2025,882,28.98,1
618699,Pipli Bhavnagar-Package 1 from km 136.025 to km 169.328 (National Highways Authority of India [NHAI]) (618699) (-) (10499),Ministry of Road Transport & Highways,Roads & Highways,Gujarat,2/1/2019,9/1/2021,819.14,188.7,100,23.0364,1297.38,478.24,58.3832,1,,,,
618700,Renigunta - Poyya - Naidupeta km 124.60 to km 183.4 of NH 71 (National Highways Authority of India [NHAI]) (618700) (N24001824) (10500),Ministry of Road Transport & Highways,Roads & Highways,Andhra Pradesh,1/1/2022,1/1/2024,1863.09,1490.28,98.6,79.9897,2510.14,647.05,34.7299,1,9/1/2026,974,32,1
618701,Balance work of 4L of Nauradehi Sanctuary de-scoped stretch of Hiran River to Sindoor River from Km. 66.00 to 130.00 NH-12 New NH-45 (National Highways Authority of India [NHAI]) (618701) (N24002067) (-),Ministry of Road Transport & Highways,Roads & Highways,Madhya Pradesh,7/1/2021,7/1/2023,178.18,142.2,57.14,79.8069,153.15,-25.03,-14.0476,0,4/1/2024,275,9.03,1
618702,4L of Addahole Near Gundya to Bantwal Cross section Pkg-02 from Design Km 270.270 to Design km 318.55 including flyover at Kalladka Town including approaches from Km. 311.57 to Km. 313.67 of NH-75 Old NH-48 (National Highways Authority of India [NHAI]) (618702) (N24001425) (10501),Ministry of Road Transport & Highways,Roads & Highways,Karnataka,11/1/2021,11/1/2023,1660.19,1359.13,94.21,81.8659,1318.24,-341.95,-20.597,0,12/1/2026,1126,36.99,1
618704,6L Flyover including RE Wall approaches with Flexible Pavement in the Elephant Corridor of Angul Sambalpur Section of NH-42 New NH-55 Km.202.533 (National Highways Authority of India [NHAI]) (618704) (-) (-),Ministry of Road Transport & Highways,Roads & Highways,Odisha,6/1/2024,1/1/2027,150.86,106.16,99.99,70.3699,106.32,-44.54,-29.5241,0,6/1/2026,-214,-7.03,0
618705,"4L Godibandha to Ballhar Chhak, Ballhar Chhak to Banarpal & Banarpal to Start of Angul bypass at Km.314.130 to Km.321.035 of NH53, at Km.75.200 to Km.84.000 of NH149 & at Km.84.000 to Km.86.100 of NH55 (National Highways Authority of India [NHAI]) (618705) (-) (12085)",Ministry of Road Transport & Highways,Roads & Highways,Odisha,2/1/2026,2/1/2028,973.12,165.17,2,16.9732,973.12,0,0,0,2/1/2028,0,0,0
618706,Bangalore-Nidagatta Pkg. I (National Highways Authority of India [NHAI]) (618706) (-) (10502),Ministry of Road Transport & Highways,Roads & Highways,Karnataka,5/1/2019,11/1/2021,3496.01,604.63,99.19,17.2949,4087.42,591.41,16.9167,1,7/1/2026,1703,55.95,1
618707,Additional works under BM1 to ensure road safety under 6L of Bengaluru Mysuru Access control with close toll from Km.17.300 to Km.136.300 of NH-275 (National Highways Authority of India [NHAI]) (618707) (-) (-),Ministry of Road Transport & Highways,Roads & Highways,Karnataka,1/1/2026,1/1/2028,738.37,14.28,7.29,1.934,738.37,0,0,0,12/1/2028,335,11.01,1
618708,Widening/Development of Existing NH-85 from Km 0.000 to Km 124.636 section to 2L/LPS section in the state of Kerala on EPC Mode under Bharatmala Pariyojana (National Highways Authority of India [NHAI]) (618708) (N24002074) (10503),Ministry of Road Transport & Highways,Roads & Highways,Kerala,6/1/2023,6/1/2025,1187.47,715.77,65.83,60.2769,1265.47,78,6.5686,1,3/1/2027,638,20.96,1
618709,4L of Left-Over Works of Hospet-Bellary -Karnataka/AP border from Km.280.080 Dec.Ch. to Km.375450Des.Ch. of NH-63 New-67 (National Highways Authority of India [NHAI]) (618709) (N24001989) (10504),Ministry of Road Transport & Highways,Roads & Highways,Karnataka,5/1/2023,5/1/2025,1340.15,922,91.45,68.7983,992.6,-347.55,-25.9337,0,4/1/2028,1066,35.02,1
618710,DL/UP Border - EPE Crossing Pkg-02 (National Highways Authority of India [NHAI]) (618710) (N24001830) (10505),Ministry of Road Transport & Highways,Roads & Highways,Uttar Pradesh,5/1/2021,11/1/2023,2002.79,1733.16,100,86.5373,1889.78,-113.01,-5.6426,0,6/1/2026,943,30.98,1
618711,6L with access control provision Saharanpur bypass to Ganeshpur section from 13.89 Km to 41.820 Km of Delhi- Dehradun Economic Corridor package-2 (National Highways Authority of India [NHAI]) (618711) (N24001629) (10506),Ministry of Road Transport & Highways,Roads & Highways,"Multi-States (Uttar Pradesh, Uttarakhand)",11/1/2022,11/1/2024,796.65,502.83,99.29,63.1181,560.03,-236.62,-29.7019,0,6/1/2026,577,18.96,1
618712,6L Access Controlled Greenfield Highway from Kodur Ch. 0000 to Vanavolu Ch. 24300 of [NH-544G] Package-1 (National Highways Authority of India [NHAI]) (618712) (N24001841) (10507),Ministry of Road Transport & Highways,Roads & Highways,Andhra Pradesh,2/1/2024,2/1/2026,912.94,333.4,86.23,36.5194,798.25,-114.69,-12.5627,0,3/1/2027,393,12.91,1
618713,6L Access Controlled Greenfield Highway from Yerragudipadu Ch. 129000 to Audireddipalle Ch. 160000 of [NH 544G] Package-6 (National Highways Authority of India [NHAI]) (618713) (N24001846) (10508),Ministry of Road Transport & Highways,Roads & Highways,Andhra Pradesh,2/1/2024,2/1/2026,1200.42,259.18,42.51,21.5908,1019.69,-180.73,-15.0556,0,11/1/2027,638,20.96,1
618714,6L Access Controlled Greenfield Highway from Nallacheruvu palli Ch. 96300 to Yerragudipadu Ch. 129000 of [NH-544G] Package-5 (National Highways Authority of India [NHAI]) (618714) (N24001845) (10509),Ministry of Road Transport & Highways,Roads & Highways,Andhra Pradesh,2/1/2024,2/1/2026,1253.26,339.35,63.52,27.0774,1095.78,-157.48,-12.5656,0,6/1/2027,485,15.93,1
618715,6L Access Controlled Greenfield Highway from Odulapalle Ch. 72000 to Nallacheruvu- palli Ch. 96300 of [NH-544G]Package-4 (National Highways Authority of India [NHAI]) (618715) (N24001844) (10510),Ministry of Road Transport & Highways,Roads & Highways,Andhra Pradesh,2/1/2024,2/1/2026,1058.9,377.91,75.63,35.6889,946.1,-112.8,-10.6526,0,4/1/2027,424,13.93,1
618716,6L Access Controlled Greenfield Highway from Vankarakunta Ch. 45700 to Odulapalle Ch. 72000 of [NH-544G]Package-3 (National Highways Authority of India [NHAI]) (618716) (N24001843) (10511),Ministry of Road Transport & Highways,Roads & Highways,Andhra Pradesh,3/1/2024,3/1/2026,992.91,320.04,75.54,32.2325,888.07,-104.84,-10.5589,0,3/1/2027,365,11.99,1
618717,6L Access Controlled Greenfield Highway from Vanavolu Ch. 24300 to Vankarakunta Ch. 45700 of [NH-544G] Package-2 (National Highways Authority of India [NHAI]) (618717) (N24001842) (10512),Ministry of Road Transport & Highways,Roads & Highways,Andhra Pradesh,3/1/2024,3/1/2026,750.81,226.47,84.72,30.1634,626.91,-123.9,-16.5022,0,2/1/2027,337,11.07,1
618718,6L Access Controlled Greenfield Highway from Kavulakuntla Ch. 196000 to Narayanmpet Ch. 203500Package-09 (National Highways Authority of India [NHAI]) (618718) (-) (10513),Ministry of Road Transport & Highways,Roads & Highways,Andhra Pradesh,2/1/2025,2/1/2027,1092.18,200.12,41.6,18.323,956.4,-135.78,-12.432,0,12/1/2027,303,9.95,1
618719,6L Access Controlled Greenfield Highway from Mallapalle Ch. 176000 to Kavulakuntla Ch. 196000 Package-08 (National Highways Authority of India [NHAI]) (618719) (N24001848) (10514),Ministry of Road Transport & Highways,Roads & Highways,Andhra Pradesh,2/1/2024,2/1/2026,909.02,273.33,58.08,30.0686,751.81,-157.21,-17.2944,0,7/1/2027,515,16.92,1
618720,6L Access Controlled Greenfield Highway from Audireddipalle Ch. 160000 to Mallapalle Ch. 176000Package-07 (National Highways Authority of India [NHAI]) (618720) (N24001847) (10515),Ministry of Road Transport & Highways,Roads & Highways,Andhra Pradesh,3/1/2024,3/1/2026,987.1,319.74,67.98,32.3919,848.06,-139.04,-14.0857,0,4/1/2027,396,13.01,1
618721,6L Access Controlled Greenfield Highway from Chandrasekharapuram Ch. 228000 to Polavaram Ch. 260000of [NH-544G] Package-11 (National Highways Authority of India [NHAI]) (618721) (N24002123) (10516),Ministry of Road Transport & Highways,Roads & Highways,Andhra Pradesh,2/1/2024,2/1/2026,1292.65,319.98,58.8,24.7538,1110.33,-182.32,-14.1044,0,8/1/2027,546,17.94,1
618722,6L access Controlled Greenfield Highway from Gogwan Jalalpur Shamli to Ranipur Barsi Saharanpur of Shamli -Ambala section Package-I Design Ch. Form km 00.600 to km 45.500 (National Highways Authority of India [NHAI]) (618722) (N24002036) (10517),Ministry of Road Transport & Highways,Roads & Highways,Uttar Pradesh,5/1/2023,5/1/2025,1843.59,708.41,58.9,38.4256,1247.55,-596.04,-32.3304,0,3/1/2027,669,21.98,1
618723,6L access Controlled Greenfield Highway from Ranipur Barsi to Adhoya Musalmana section of Shamli -Ambala Package-II Design Ch. Form km 45.500 to km 84.400 (National Highways Authority of India [NHAI]) (618723) (N24002040) (10518),Ministry of Road Transport & Highways,Roads & Highways,"Multi-States (Haryana, Uttar Pradesh)",5/1/2023,5/1/2025,1554.21,801.92,78.5,51.5966,1241.89,-312.32,-20.0951,0,12/1/2026,579,19.02,1
618724,6L Greenfield Varanasi-Ranchi-Kolkata Highway from Anarbansalea village to Sagrampur village From KM. 151200 to KM. 184700Package-7 (National Highways Authority of India [NHAI]) (618724) (-) (10519),Ministry of Road Transport & Highways,Roads & Highways,"Multi-States (Bihar, Jharkhand)",7/1/2025,6/1/2027,1719.2,127.14,22.31,7.3953,1723.42,4.22,0.2455,1,6/1/2027,0,0,0
618725,6L Greenfield Varanasi-Ranchi-Kolkata Highway from Pachmon village to Anarbansalea village From KM. 116000 to KM. 151200 Package-6 (National Highways Authority of India [NHAI]) (618725) (-) (10520),Ministry of Road Transport & Highways,Roads & Highways,Bihar,9/1/2025,9/1/2027,1915.99,129.12,14.15,6.7391,1920.21,4.22,0.2203,1,9/1/2027,0,0,0
618726,6L Greenfield Varanasi-Ranchi-Kolkata Highway from junction with Chandauli- Chainpur Road near Khainti village to junction with Bhabhua-Adhaura road near Palka village from Km. 27.000 to Km. 54.000 Pkg-2 (National Highways Authority of India [NHAI]) (618726) (-) (10521),Ministry of Road Transport & Highways,Roads & Highways,Bihar,10/1/2025,10/1/2027,1240.93,168.48,21.22,13.5769,1341.52,100.59,8.106,1,10/1/2027,0,0,0
618727,6L Greenfield Varanasi-Ranchi-Kolkata Highway from junction with Bhabhua-Adhaura road in Bhairopur village to Konki village From KM. 54.000 to KM. 90.000Pkg-3 (National Highways Authority of India [NHAI]) (618727) (-) (10522),Ministry of Road Transport & Highways,Roads & Highways,Bihar,10/1/2025,10/1/2027,1576.94,181.24,20.15,11.4931,1711.44,134.5,8.5292,1,10/1/2027,0,0,0
618728,6L Greenfield Varanasi-Ranchi-Kolkata Highway from junction with NH-19 & Varanasi Ring Road near Rewasa village to junction with Chandauli-Chainpur road near Khainti village from Km. 0.000 to Km. 27.000 - Pkg-1 (National Highways Authority of India [NHAI]) (618728) (-) (10523),Ministry of Road Transport & Highways,Roads & Highways,"Multi-States (Bihar, Uttar Pradesh)",11/1/2024,11/1/2026,1433.39,400.72,41.88,27.9561,1564.15,130.76,9.1224,1,5/1/2027,181,5.95,1
618730,6 Lane Greenfield Varanasi- Ranchi- Kolkata Highway from Deoria village to Donoreshan village from km 253.000 to km 288.600 Pkg -10 (National Highways Authority of India [NHAI]) (618730) (-) (-),Ministry of Road Transport & Highways,Roads & Highways,Jharkhand,5/1/2026,5/1/2028,1546.27,0.26,0,0.0168,1546.27,0,0,0,5/1/2028,0,0,0
618732,6L Greenfield Varanasi- Ranchi- Kolkata Highway from Sonepurbigha village to junction with NH- 22 Chatra Bypass near Chatra from km 184.700 to km 222.000Pkg - 8 (National Highways Authority of India [NHAI]) (618732) (-) (-),Ministry of Road Transport & Highways,Roads & Highways,"Multi-States (Bihar, Jharkhand)",5/1/2026,5/1/2028,1728.17,3.57,0,0.2066,1728.17,0,0,0,5/1/2028,0,0,0
618734,6L Greenfield Varanasi- Ranchi- Kolkata Highway from junction with NH-320 in Lepo village to Kamlapur villageJH/WB border from km 358.500 to km 387.200 Pkg -13 (National Highways Authority of India [NHAI]) (618734) (-) (10524),Ministry of Road Transport & Highways,Roads & Highways,"Multi-States (Jharkhand, West Bengal)",9/1/2025,9/1/2027,1154.49,138.04,20.43,11.9568,1319.18,164.69,14.2652,1,9/1/2027,0,0,0
618735,4L of Chandesara to Khedakhajuriya from Km. 0.000 to - 750 & Km 0.000 to km 41.400 of NH-148NG Pkg-I (National Highways Authority of India [NHAI]) (618735) (N24001759) (10525),Ministry of Road Transport & Highways,Roads & Highways,Madhya Pradesh,9/1/2022,5/1/2024,909.84,436.49,99,47.9744,976.55,66.71,7.3321,1,9/1/2026,853,28.02,1
618736,4L Elevated corridor of Kalimandir-Dimna Chowk-Baliguma Jamshedpur Section of NH-33 New NH-18 from km 241940 to km 251961 Length 10.021 km (National Highways Authority of India [NHAI]) (618736) (-) (10526),Ministry of Road Transport & Highways,Roads & Highways,Jharkhand,9/1/2024,3/1/2027,936.26,294.23,44.42,31.4261,832.2,-104.06,-11.1144,0,3/1/2027,0,0,0
618737,Grade separated Interchanges at Km. 113.730 junction with Ranchi Hazaribagh Road & Km. 139.225 junction with Ranchi Jamshedpur road on 4L Ranchi Bypass of NH-33 (National Highways Authority of India [NHAI]) (618737) (-) (-),Ministry of Road Transport & Highways,Roads & Highways,Jharkhand,12/1/2025,12/1/2027,303.53,3.88,0,1.2783,5.58,-297.95,-98.1616,0,12/1/2027,0,0,0
618738,6L Bridge and its approaches across River Ganga as Part of Patna Ring Road NH- 131G starting from Km 8.480 near Sherpur to Km 23.000 near Dighwara (National Highways Authority of India [NHAI]) (618738) (N24002062) (10527),Ministry of Road Transport & Highways,Roads & Highways,Bihar,9/1/2023,9/1/2027,6291.69,660.36,20.1,10.4957,3351.62,-2940.07,-46.7294,0,3/1/2029,547,17.97,1
618739,4L Greenfield Alignment of Amas to Shivrampur from 0.000 Km. to 55.002 Km. of NH 119 D Pkg-I (National Highways Authority of India [NHAI]) (618739) (N24002065) (10528),Ministry of Road Transport & Highways,Roads & Highways,Bihar,3/1/2023,3/1/2025,1390.92,368.03,46.79,26.4595,1427.43,36.51,2.6249,1,7/1/2027,852,27.99,1
618740,4L Greenfield Alignment of Shivrampur to Ramnagar from Km. 55.002 to Km. 109.300 of NH 119 D Pkg-II (National Highways Authority of India [NHAI]) (618740) (N24002066) (10529),Ministry of Road Transport & Highways,Roads & Highways,Bihar,7/1/2023,7/1/2025,1494.31,282.33,43.8,18.8937,1546.07,51.76,3.4638,1,11/1/2027,853,28.02,1
618741,4L Greenfield Alignment from Kalyanapur to Tal Dashraha of NH-119D Pkg-III (NHAI) (618741) (N24001697) (10530),Ministry of Road Transport & Highways,Roads & Highways,Bihar,2/1/2023,2/1/2025,1857.58,425.65,32.68,22.9142,1969.3,111.72,6.0143,1,3/1/2028,1124,36.93,1
618742,"Construction of 6-lane Greenfield corridor from Ramnagar to Kacchi Dargah NH-119D from Km 109700 to Km 122300, including widening of the existing NH-31 from Km 196700 to Km 198600, as part of the Amas-Darbhanga. (National Highways Authority of India [NHAI]) (618742) (-) (12151)",Ministry of Road Transport & Highways,Roads & Highways,Bihar,4/1/2026,4/1/2028,1113.46,1.35,0,0.1212,1113.46,0,0,0,4/1/2028,0,0,0
618743,Trichy 135.800 to Karur 218.000 section of NH-67 - Trichy Bypass (National Highways Authority of India [NHAI]) (618743) (-) (-),Ministry of Road Transport & Highways,Roads & Highways,Tamil Nadu,7/1/2007,10/1/2024,876.88,66.59,100,7.594,360.88,-516,-58.845,0,,,,
618744,4L of Thirumangalam to Vadugapatti section from km 0.000 to km 36.000 of NH-744 (National Highways Authority of India [NHAI]) (618744) (N24002084) (10531),Ministry of Road Transport & Highways,Roads & Highways,Tamil Nadu,2/1/2023,2/1/2025,1076.97,679.49,95.41,63.0928,791.6,-285.37,-26.4975,0,7/1/2026,515,16.92,1
618745,4L of Vadugapatti to Therkuvenganallur Rajapalyam section from km 36.000 to km 71.600 of NH-744 (National Highways Authority of India [NHAI]) (618745) (N24002114) (10532),Ministry of Road Transport & Highways,Roads & Highways,Tamil Nadu,4/1/2023,4/1/2025,1317.6,932.02,99.99,70.7362,1137.16,-180.44,-13.6946,0,6/1/2026,426,14,1
618746,Khammam-Devarapalle Pkg I [4L Access Controlled Greenfield from Thallampadu village to Somavaram village Design Chainage 0000 to 33604] (National Highways Authority of India [NHAI]) (618746) (N24001482) (10533),Ministry of Road Transport & Highways,Roads & Highways,Telangana,10/1/2022,10/1/2024,797.36,635.37,96.4,79.6842,1337.18,539.82,67.7009,1,10/1/2026,730,23.98,1
618747,Khammam-Devarapalle Pkg III [4L Access Controlled Greenfield from Chintagudem village to Recherla village Design Chainage 63117 to 105236] (National Highways Authority of India [NHAI]) (618747) (N24001484) (10534),Ministry of Road Transport & Highways,Roads & Highways,"Multi-States (Andhra Pradesh, Telangana)",9/1/2022,9/1/2024,829.5,518.87,98.82,62.5521,1227.07,397.57,47.9289,1,6/1/2026,638,20.96,1
618748,Khammam-Devarapalle Pkg IV [4L Access Controlled Greenfield from Recherla village to Gurvaygudem village Design Chainage 105236 to 132664] (National Highways Authority of India [NHAI]) (618748) (N24001476) (10535),Ministry of Road Transport & Highways,Roads & Highways,Andhra Pradesh,9/1/2022,9/1/2024,569.37,355.88,100,62.5042,752.02,182.65,32.0793,1,5/1/2025,242,7.95,1
618749,Khammam-Devarapalle Pkg V [4L Access Controlled Greenfield from Gurvaygudem village to Devarapalle village Design Chainage 132664 to 162126 (National Highways Authority of India [NHAI]) (618749) (N24001477) (10536),Ministry of Road Transport & Highways,Roads & Highways,Andhra Pradesh,9/1/2022,9/1/2024,711.94,423.04,99.66,59.4207,926.48,214.54,30.1346,1,6/1/2026,638,20.96,1
618751,2L PS of Hinotiya-Mehulwa section of NH-346 from Km. 27.000 to Km 75.700 Vidisha Mehulwa-Talbehat Pkg-II Section of NH- 346 (National Highways Authority of India [NHAI]) (618751) (N24001921) (10537),Ministry of Road Transport & Highways,Roads & Highways,Madhya Pradesh,9/1/2023,9/1/2025,581.65,246.07,69.04,42.3055,592.71,11.06,1.9015,1,1/1/2027,487,16,1
618754,Upgradation of 2L/4L with Paved Shoulder of Shirwal-Lonand Section from KM 159900 To KM 188025 of NH-965DD Section I and 2L With Paved Shoulder of Lonand-Satara Section from KM 51500 To KM 96246 Of NH-965D Section II in Satara District in the State of Maharashtra on EPC Mode under NHO- (National Highways Authority of India [NHAI]) (618754) (-) (-),Ministry of Road Transport & Highways,Roads & Highways,Maharashtra,6/1/2025,6/1/2027,538.11,113.19,38.51,21.0347,307.24,-230.87,-42.9039,0,6/1/2027,0,0,0
618755,4L of left out existing road section from Lalgopalganj Km 161.450 to Nawabganj Km 180.200 in Prayagraj (National Highways Authority of India [NHAI]) (618755) (-) (-),Ministry of Road Transport & Highways,Roads & Highways,"Multi-States (Rajasthan, Uttar Pradesh)",4/1/2025,3/1/2026,159.53,72.44,100,45.4084,100.74,-58.79,-36.852,0,6/1/2026,92,3.02,1
618756,Melur - Pilayarpatti - Karaikudi from km 99.920 of NH 38 to km 12.9 of NH 383 Ext. (National Highways Authority of India [NHAI]) (618756) (N24001605) (10538),Ministry of Road Transport & Highways,Roads & Highways,Tamil Nadu,3/1/2020,3/1/2022,1103.86,787.61,94.85,71.3505,1085.41,-18.45,-1.6714,0,7/1/2026,1583,52.01,1
618757,6L access controlled Highway from Km 40080 to Km 86513 Mator to Barodameo Section (National Highways Authority of India [NHAI]) (618757) (-) (10539),Ministry of Road Transport & Highways,Roads & Highways,Rajasthan,3/1/2024,3/1/2026,2010.2,707.68,37.27,35.2045,1565.88,-444.32,-22.1033,0,6/1/2027,457,15.01,1
618758,6L accesscontrolled highway from km 0000 to km 40080 Paniyala to Mator Section of Paniyala-Barodameo ICR (National Highways Authority of India [NHAI]) (618758) (-) (10540),Ministry of Road Transport & Highways,Roads & Highways,Rajasthan,9/1/2024,9/1/2026,1764.86,310.1,39.33,17.5708,1239.24,-525.62,-29.7825,0,9/1/2026,0,0,0
618759,4L PS Mydukur - Badvel from Km 585.820 to Km 630.960 of NH-67 (National Highways Authority of India [NHAI]) (618759) (N24001849) (10541),Ministry of Road Transport & Highways,Roads & Highways,Andhra Pradesh,9/1/2023,9/1/2025,1063.57,502.82,90.4,47.2766,1103.87,40.3,3.7891,1,10/1/2026,395,12.98,1
618760,4L Greenfield a Malout bypass from ch. Km 44.500 to ch. Km 35.500 on NH-07 and Ch. Km 0.000 to Km 6.984 on NH-09 bMandi Dabwali Bypass from Ch. 38.450 Km to Km 27.910 Pkg-02 (National Highways Authority of India [NHAI]) (618760) (N24001638) (10542),Ministry of Road Transport & Highways,Roads & Highways,"Multi-States (Haryana, Punjab)",12/1/2022,7/1/2024,646.42,549.2,98,84.9602,556.09,-90.33,-13.9739,0,4/1/2026,639,20.99,1
618761,4L Spur of Meerut-Garh-Mukteshwar section connecting NH-119 and NH-58 bypassing Meerut Town of NH 709 A (National Highways Authority of India [NHAI]) (618761) (N24001754) (10543),Ministry of Road Transport & Highways,Roads & Highways,Uttar Pradesh,2/1/2023,2/1/2025,991.89,854.1,96.22,86.1083,977.73,-14.16,-1.4276,0,7/1/2026,515,16.92,1
618762,Itarsi Km. 63.000 to Betul Km. 137.000 of NH-69 in Madhya Pradesh (National Highways Authority of India [NHAI]) (618762) (-) (10544),Ministry of Road Transport & Highways,Roads & Highways,Madhya Pradesh,2/1/2018,2/1/2020,950.27,399.27,100,42.0165,788.33,-161.94,-17.0415,0,6/1/2026,2312,75.96,1
618764,Moga - Bagha Purana - Bajakhana from km. 0.00 to km. 43.32 (National Highways Authority of India [NHAI]) (618764) (N24001639) (10545),Ministry of Road Transport & Highways,Roads & Highways,Punjab,12/1/2022,12/1/2024,1032.59,669.84,76,64.8699,1264.17,231.58,22.4271,1,12/1/2026,730,23.98,1
618765,4L of Karimnagar-Warangal section from km 49.500 to km 117.820 of NH-563 (National Highways Authority of India [NHAI]) (618765) (N24002083) (10546),Ministry of Road Transport & Highways,Roads & Highways,Telangana,7/1/2023,7/1/2025,2146.86,962.12,92.4,44.8152,2486.51,339.65,15.8208,1,7/1/2026,365,11.99,1
618766,Up-gradation to Four Lane with Paved Shoulder configuration of the highway starting from existing km 88.400 Savali Vihir to km 163.400 start of Ahmednagar bypass Design Length 75.000 km section of NH-160 in the State of Maharashtra under Bharatmala Pariyojana on EPC Mode (NHAI) (618766) (-) (10547),Ministry of Road Transport & Highways,Roads & Highways,Maharashtra,4/1/2025,4/1/2027,862,210.48,43.61,24.4176,617.93,-244.07,-28.3144,0,4/1/2027,0,0,0
618768,Four laning of Agra-Aligarh Section from Km. 0.000 Junction of NH-34 Aligarh Km 144.60 to Km. 28.000 near Asroi village in Hathras of NH-509 Package-I (National Highways Authority of India [NHAI]) (618768) (-) (12084),Ministry of Road Transport & Highways,Roads & Highways,Uttar Pradesh,3/1/2026,3/1/2028,1309.08,30.46,0.64,2.3268,1309.08,0,0,0,11/1/2028,245,8.05,1
618769,Walajahpet/Ranipet to TN/AP Border Section of from Km.106.800 to Km.133.36 NH-4 (National Highways Authority of India [NHAI]) (618769) (-) (10548),Ministry of Road Transport & Highways,Roads & Highways,"Multi-States (Andhra Pradesh, Tamil Nadu)",9/1/2025,9/1/2027,1338.14,154.67,11.03,11.5586,1214.7,-123.44,-9.2247,0,9/1/2027,0,0,0
618770,4L Spur of Panipat - Shamli connecting NH-709AD Panipat Shamli Muzaffarnagar and NH-709A Karnal Meerut bypassing Shamli district UP (National Highways Authority of India [NHAI]) (618770) (N24001729) (-),Ministry of Road Transport & Highways,Roads & Highways,Uttar Pradesh,10/1/2022,10/1/2024,516.16,232.93,74.23,45.1275,273.42,-242.74,-47.0281,0,3/1/2025,151,4.96,1
618771,6L of Varadharajula to Kumarajapet from km 0.000 to km 43.800 of NH-716B Pkg-I (National Highways Authority of India [NHAI]) (618771) (N24001820) (10549),Ministry of Road Transport & Highways,Roads & Highways,"Multi-States (Andhra Pradesh, Tamil Nadu)",12/1/2022,12/1/2024,1924.75,947.66,99.19,49.2355,1887.38,-37.37,-1.9416,0,4/1/2026,486,15.97,1
618772,6L of Kumarajapet to Veera Kaveri Raja Puram from km 43.800 to km 61.380 of NH- 716B Pkg-II (National Highways Authority of India [NHAI]) (618772) (N24001988) (10550),Ministry of Road Transport & Highways,Roads & Highways,"Multi-States (Andhra Pradesh, Tamil Nadu)",10/1/2023,10/1/2025,702.52,370.76,98.42,52.7757,799.36,96.84,13.7847,1,9/1/2026,335,11.01,1
618773,Tuticorin - Tirunelveli from km. 0.00 to km. 47.250 (National Highways Authority of India [NHAI]) (618773) (-) (-),Ministry of Road Transport & Highways,Roads & Highways,Tamil Nadu,4/1/2010,4/1/2012,449.85,1.17,100,0.2601,452.48,2.63,0.5846,1,,,,
618774,Ara - Mohania Pkg-II (National Highways Authority of India [NHAI]) (618774) (N24001712) (10551),Ministry of Road Transport & Highways,Roads & Highways,Bihar,1/1/2021,7/1/2023,984.63,798.12,100,81.0579,827.51,-157.12,-15.9573,0,11/1/2025,854,28.06,1
618775,Ara Bypass (National Highways Authority of India [NHAI]) (618775) (-) (-),Ministry of Road Transport & Highways,Roads & Highways,Bihar,10/1/2025,4/1/2027,226.32,4.48,21.03,1.9795,226.32,0,0,0,4/1/2027,0,0,0
618776,4L of Greenfield section from Sirhind to Mohali (National Highways Authority of India [NHAI]) (618776) (-) (10552),Ministry of Road Transport & Highways,Roads & Highways,Punjab,5/1/2023,5/1/2025,1237.65,1017.51,88.82,82.2131,1301.15,63.5,5.1307,1,9/1/2026,488,16.03,1
618777,4L of Pileru to Kalur Section from Km 55.900 to Km 92.800 & Km 94.500 to Km 95.717 of NH-71Package-II (National Highways Authority of India [NHAI]) (618777) (N24001986) (10553),Ministry of Road Transport & Highways,Roads & Highways,Andhra Pradesh,10/1/2023,11/1/2025,1877.47,246.34,98.84,13.1208,592.85,-1284.62,-68.4229,0,8/1/2026,273,8.97,1
618778,4L of Madanapalle to Pileru Section from Km 0.000 to Km 55.900 of NH-71Package-I (National Highways Authority of India [NHAI]) (618778) (N24001823) (10554),Ministry of Road Transport & Highways,Roads & Highways,Andhra Pradesh,1/1/2023,1/1/2025,1877.47,1147.49,94.9,61.119,1994.1,116.63,6.2121,1,6/1/2026,516,16.95,1
618779,4L of Aurangabad-Paithan (NHAI) (618779) (N24001795) (-),Ministry of Road Transport & Highways,Roads & Highways,Bihar,1/1/2023,7/1/2024,1505,319.54,96.5,21.2319,349.96,-1155.04,-76.7468,0,6/1/2026,700,23,1
618782,4L of Bareilly-Pilibhit-Sitarganj from Km. 0.000 to Km. 32.500 of NH-30 Pkg-1 (National Highways Authority of India [NHAI]) (618782) (-) (10557),Ministry of Road Transport & Highways,Roads & Highways,Uttar Pradesh,3/1/2024,3/1/2026,1394.14,587.94,62,42.1722,1394.14,0,0,0,3/1/2027,365,11.99,1
618783,4-laning of Pilibhit - Sitarganj from Km. 32.500 to Km. 70.800 Pkg-2 of NH-30 (National Highways Authority of India [NHAI]) (618783) (-) (10558),Ministry of Road Transport & Highways,Roads & Highways,"Multi-States (Uttar Pradesh, Uttarakhand)",3/1/2024,3/1/2026,1471.19,438.75,40,29.8228,1471.19,0,0,0,10/1/2027,579,19.02,1
618784,Balance works of 4 lane divided carriageway of Missing Link section of NH-39 Rewa Bypass from junction with NH 30 near Bela to Junction with MPRDC ring road near Silpara on SH 9 design length 13.100 km on EPC Mode under Bharatmala Pariyojana in the State of Madhya Pradesh (NHAI) (618784) (-) (-),Ministry of Road Transport & Highways,Roads & Highways,Madhya Pradesh,4/1/2024,4/1/2026,355.36,223.53,84.44,62.9024,355.36,0,0,0,10/1/2026,183,6.01,1
618785,4/6L Greenfield LudhianaRupnagar highway from Jn. with NE-5 village near to ManewalLudhiana to Jn. with NH-205 near Bheora Village Rupnagar from Km 66.0 to Km 91.0 i/c spur to Kharar from Km 0.0 to Km 19.5 with Ludhiana bypass of NH-205K Pkg-3 (National Highways Authority of India [NHAI]) (618785) (N24001630) (10559),Ministry of Road Transport & Highways,Roads & Highways,Punjab,2/1/2023,2/1/2025,1501.02,992.99,78.6,66.1543,1815.13,314.11,20.9264,1,5/1/2026,454,14.92,1
618786,4L of Phagwara - Hoshiarpur (National Highways Authority of India [NHAI]) (618786) (-) (10560),Ministry of Road Transport & Highways,Roads & Highways,Punjab,3/1/2025,3/1/2027,1196.38,161.12,16.8,13.4673,1503.79,307.41,25.695,1,7/1/2027,122,4.01,1
618787,"Upgradation to 4L PS from Bhimasar, Junction of NH-41 to Anjar- Bhuj upto Airport Junction from Km 0.000 to Km 65.478 of NH-341 (National Highways Authority of India [NHAI]) (618787) (N24001785) (10561)",Ministry of Road Transport & Highways,Roads & Highways,Gujarat,1/1/2023,6/1/2025,1373.06,837.67,96,61.0075,1687.25,314.19,22.8825,1,9/1/2026,457,15.01,1
618788,4L Greenfield Jalbhera Shahbad section from km. 0.000 to km. 22.850 of NH-152G (National Highways Authority of India [NHAI]) (618788) (N24002043) (10562),Ministry of Road Transport & Highways,Roads & Highways,Haryana,6/1/2023,5/1/2025,927.22,369.17,87.05,39.8147,1173.66,246.44,26.5784,1,6/1/2026,396,13.01,1
618790,Construction of four laning of Bakarpur- Manikpur road section starting from village Chitarsenpur km 0000 and terminating at SH-74 near Manikpur 38814 at NH-139W under Bharatmalapariyona (National Highways Authority of India [NHAI]) (618790) (-) (10564),Ministry of Road Transport & Highways,Roads & Highways,Bihar,10/1/2024,4/1/2027,1422.37,273.74,43.5,19.2453,1537.99,115.62,8.1287,1,9/1/2027,153,5.03,1
618791,4L PS under NH configuration of Manikpur-Sahebganj of NH-139W (National Highways Authority of India [NHAI]) (618791) (-) (-),Ministry of Road Transport & Highways,Roads & Highways,Bihar,1/1/2026,12/1/2027,1538.76,146.2,21.54,9.5012,1538.76,0,0,0,12/1/2027,0,0,0
618792,4L Bhiwani-Hansi road section of NH-148B (National Highways Authority of India [NHAI]) (618792) (N24002042) (10565),Ministry of Road Transport & Highways,Roads & Highways,Haryana,12/1/2023,12/1/2025,1330.23,454.93,99.5,34.1993,1144.21,-186.02,-13.984,0,6/1/2026,182,5.98,1
618793,4L of Fazilka to Abohar section of NH-07 including construction of Greenfield Abohar & Fazilka Bypasses (National Highways Authority of India [NHAI]) (618793) (-) (10566),Ministry of Road Transport & Highways,Roads & Highways,Punjab,4/1/2024,4/1/2026,1409.88,609.22,60,43.2108,1674.04,264.16,18.7363,1,7/1/2027,456,14.98,1
618794,Amritsarairport Junction - Ramdas from km. 100.835 to km. 139.813 Pkg - IV (National Highways Authority of India [NHAI]) (618794) (N24001644) (-),Ministry of Road Transport & Highways,Roads & Highways,Punjab,3/1/2022,9/1/2023,524.88,388.52,96,74.0207,416.58,-108.3,-20.6333,0,9/1/2026,1096,36.01,1
618795,Amritsar Bypass Pkg III from km. 71.496 to km. 105.158 (National Highways Authority of India [NHAI]) (618795) (N24001642) (10567),Ministry of Road Transport & Highways,Roads & Highways,Punjab,8/1/2022,8/1/2024,1474.77,864.82,82.06,58.641,1228.42,-246.35,-16.7043,0,12/1/2026,852,27.99,1
618796,Tanot -Ramgarh-Bhadasar-Jaisalmer NH-68 and BhadasarMokal-Sarkaritala up to Pakisthan Border NH-968 Pkg-BM/5 (National Highways Authority of India [NHAI]) (618796) (N24000795) (10568),Ministry of Road Transport & Highways,Roads & Highways,Rajasthan,4/1/2019,4/1/2021,828.58,405.49,100,48.9379,830.37,1.79,0.216,1,6/1/2026,1887,62,1
618797,Mayjilar Jaisalmer with Jaisalmer Bypass Link Road Section of NH-11 Part of BM-7 & Sundra Myajilar Ambsingh ki Dhani Road part of Munabao Tanot project NH-70 (National Highways Authority of India [NHAI]) (618797) (-) (-),Ministry of Road Transport & Highways,Roads & Highways,Rajasthan,12/1/2025,12/1/2027,1237.71,68.73,18.44,5.553,927.02,-310.69,-25.102,0,12/1/2027,0,0,0
618798,4L of Sonauli - Gorakhpur (National Highways Authority of India [NHAI]) (618798) (N24002095) (10569),Ministry of Road Transport & Highways,Roads & Highways,Uttar Pradesh,3/1/2023,3/1/2025,2555.5,1307.22,89,51.1532,2275.43,-280.07,-10.9595,0,9/1/2026,549,18.04,1
618799,Belakeri Port to Kumta - Sirsi road from km 0.00 - km 4.265 of Belekeri Port Road Link Rd. and km 4.965 - km 60.00 of SH-69 (National Highways Authority of India [NHAI]) (618799) (N24001599) (-),Ministry of Road Transport & Highways,Roads & Highways,Karnataka,12/1/2020,12/1/2022,456.79,459.3,94.06,100.5495,456.79,0,0,0,7/1/2026,1308,42.97,1
618800,Construction of New Double Tier 4L Elevated Corridor from Chennai Port to Maduravoyal in Chennai District from km -0.342 to Km 20.593 and Package II from Km 4.604 to Km 9.700 (National Highways Authority of India [NHAI]) (618800) (N24002109) (10570),Ministry of Road Transport & Highways,Roads & Highways,Tamil Nadu,11/1/2023,5/1/2026,1616.97,193.14,18.13,11.9446,1616.97,0,0,0,3/1/2029,1035,34,1
618801,Construction of New Double Tier 4-lane Elevated Corridor from Chennai Port to Maduravoyal in Chennai District from Km -0342 to Km 20223 Package 1 from Km - 0342 to Km 4604 (National Highways Authority of India [NHAI]) (618801) (N24002110) (10571),Ministry of Road Transport & Highways,Roads & Highways,Tamil Nadu,11/1/2023,5/1/2026,1388.59,209.2,22.8,15.0656,1388.59,0,0,0,3/1/2029,1035,34,1
618803,Development of 4L Road from Samarlakota to Achampeta Junction as part of Kakinada Port Connectivity to NH-16 Rajanagaram Junction in East Godavari District (National Highways Authority of India [NHAI]) (618803) (N24001856) (10572),Ministry of Road Transport & Highways,Roads & Highways,Andhra Pradesh,8/1/2023,8/1/2025,645.63,604.48,90.98,93.6264,750.2,104.57,16.1966,1,11/1/2026,457,15.01,1
618804,Dedicated Port road to Krishnapatnam Port Package-I from Km. 0.000 to Km. 18.000 (National Highways Authority of India [NHAI]) (618804) (N24000811) (-),Ministry of Road Transport & Highways,Roads & Highways,Andhra Pradesh,12/1/2018,12/1/2020,348.72,184.68,78.95,52.9594,341.36,-7.36,-2.1106,0,3/1/2027,2281,74.94,1
618805,6L Connectivity to Port Road from Sabbavaram Sheelanagar-NH516C (National Highways Authority of India [NHAI]) (618805) (-) (11880),Ministry of Road Transport & Highways,Roads & Highways,Andhra Pradesh,2/1/2026,2/1/2028,977.33,64.78,5,6.6283,977.33,0,0,0,2/1/2028,0,0,0
618806,Improvement of 4L road to 6L road and 4L dedicated Port Roads for the Port connectivity road from Convent junction to Sheelanagar Junction (National Highways Authority of India [NHAI]) (618806) (-) (10573),Ministry of Road Transport & Highways,Roads & Highways,Andhra Pradesh,2/1/2024,2/1/2026,685.99,466.29,79,67.9733,680.21,-5.78,-0.8426,0,12/1/2026,303,9.95,1
618807,"4L Greenfield Road connecting North and South industrial cluster of Khandaleru Creek near Krishnapatnam port at Thamminapatnam to Mollur from Km 0.0 to Km 16.046, Part I & 6L extension of dedicated port road of NH-67 Km 18.0 to Km 19.3, Part II (National Highways Authority of India [NHAI]) (618807) (N24001979) (10574)",Ministry of Road Transport & Highways,Roads & Highways,Andhra Pradesh,9/1/2023,9/1/2025,609.43,535.32,81.81,87.8395,559.98,-49.45,-8.1141,0,1/1/2027,487,16,1
618808,6L Elevated Kona Expressway from Km. 0.145 to Km. 7.337 of NH-117 (National Highways Authority of India [NHAI]) (618808) (-) (10575),Ministry of Road Transport & Highways,Roads & Highways,West Bengal,6/1/2024,12/1/2026,1212.56,321.57,38.85,26.5199,1203.11,-9.45,-0.7793,0,12/1/2027,365,11.99,1
618809,4L of Beas-Mehta-Batala-Dera Baba Nanak from intersection with Jalandhar-Amritsar Highway NH-3 near Beas till start of Batala Bypass near Village Acchhal from Km. 0.000 to Km. 31.300 Pkg-1 (National Highways Authority of India [NHAI]) (618809) (N24002101) (10576),Ministry of Road Transport & Highways,Roads & Highways,Punjab,6/1/2023,6/1/2025,809.51,501.76,66.9,61.9832,966.99,157.48,19.4537,1,5/1/2027,699,22.97,1
618810,4L of existing Beas Baba Bakala - Dera Baba Nanak Section from start of Batala Bypass till intersection with Ajnala Gurdaspur Highway NH 354 near Dera Baba Nanak from Km. 31.300 to Km. 69.100 with Additional batala Bypass Pkg-II (National Highways Authority of India [NHAI]) (618810) (N24002100) (10577),Ministry of Road Transport & Highways,Roads & Highways,Punjab,6/1/2023,6/1/2025,1003.38,599.6,79.39,59.758,993.6,-9.78,-0.9747,0,3/1/2027,638,20.96,1
618811,4L Access Controlled Greenfield Highway Section Mancherial Warangal from Pangidipalle village at Design Ch. 72.350 Km to Oorugonda village at Design Ch. 112.240 KmPackage-III (National Highways Authority of India [NHAI]) (618811) (-) (10578),Ministry of Road Transport & Highways,Roads & Highways,Telangana,6/1/2025,6/1/2027,1183.71,83.68,0,7.0693,1170.64,-13.07,-1.1042,0,6/1/2027,0,0,0
618812,4L Access Controlled Greenfield Section Mancherial Warangal from Puttapaka village at Design Ch. 35.300 Km to Pangidipalle village at Design Ch. 72.350 KmPackage-II (National Highways Authority of India [NHAI]) (618812) (-) (10579),Ministry of Road Transport & Highways,Roads & Highways,Telangana,6/1/2025,6/1/2027,1129.33,79.95,6.33,7.0794,1145.41,16.08,1.4239,1,12/1/2027,183,6.01,1
618813,4L Access Controlled Greenfield Section Mancherial Warangal from Narva village at Design Ch. 3.834 Km to Puttapaka village at Design Ch. 35.300 Km Package-I (National Highways Authority of India [NHAI]) (618813) (-) (10580),Ministry of Road Transport & Highways,Roads & Highways,Telangana,12/1/2024,12/1/2026,1127.9,110.98,9.2,9.8395,1104.27,-23.63,-2.095,0,10/1/2027,304,9.99,1
618815,4L Access Controlled Greenfield Highway section on NH-163G Warangal-Khammam from Venkatpur village in Warangal District at Design Ch. 150.240 Km to Thallasenkesa village in Mahabubabed District at Design Ch. 189.650 kmPackage-II (National Highways Authority of India [NHAI]) (618815) (-) (10582),Ministry of Road Transport & Highways,Roads & Highways,Telangana,4/1/2024,4/1/2026,1092.88,304.91,70.76,27.8997,1083.11,-9.77,-0.894,0,3/1/2027,334,10.97,1
618816,4L Access Controlled Greenfield Highway section on NH-163G Warangal-Khammam from Thallasenkesa village at Design Ch. 189.650 km to V.Vekatayapalem village in Khammam District at Design Ch. 220.480 KmPackage-III (National Highways Authority of India [NHAI]) (618816) (-) (10583),Ministry of Road Transport & Highways,Roads & Highways,Telangana,7/1/2025,7/1/2027,1105.25,108.59,6.46,9.8249,1098.05,-7.2,-0.6514,0,7/1/2027,0,0,0
618817,4L Access Controlled Greenfield Highway section on NH-163G Khammam Vijayawada from V. Venkatayapalem village at Design Ch. 220.480 Km to BrahmanapalliK village at Design Ch. 250.400 Km Package-I. (National Highways Authority of India [NHAI]) (618817) (-) (10584),Ministry of Road Transport & Highways,Roads & Highways,Telangana,3/1/2025,3/1/2027,973.45,228.13,43.1,23.4352,1021.96,48.51,4.9833,1,6/1/2027,92,3.02,1
618818,4L Access Controlled Greenfield Highway section on NH-163G Khammam Vijayawada from Remidicherla village at Design Ch. 280.200 Km to Jakkampudi village on NH-16 at Design Ch. 309.909 Km Package-III (National Highways Authority of India [NHAI]) (618818) (-) (10585),Ministry of Road Transport & Highways,Roads & Highways,"Multi-States (Andhra Pradesh, Telangana)",5/1/2025,5/1/2027,1183.23,2.01,3,0.1699,1225.14,41.91,3.542,1,12/1/2027,214,7.03,1
618819,Balance work of Panikoili Rimoli Section of new NH-20 from Km 0.00 to Km. 163.000 (National Highways Authority of India [NHAI]) (618819) (N24001647) (-),Ministry of Road Transport & Highways,Roads & Highways,Odisha,3/1/2021,3/1/2022,183.03,89.36,99,48.8226,200.79,17.76,9.7033,1,7/1/2022,122,4.01,1
618820,Rehabilitation and Up gradation from 4 to 8 laning of Chandikhole Paradip Section of NH-53 Old NH 5A from Km.39.000 to Km.60.00 Package-3 (National Highways Authority of India [NHAI]) (618820) (N24002079) (10586),Ministry of Road Transport & Highways,Roads & Highways,Odisha,12/1/2023,12/1/2025,861.84,390.01,91,45.2532,938.55,76.71,8.9007,1,2/1/2027,427,14.03,1
618821,Rehabilitation and Up gradation from 4 to 8 laning of Chandikhole Paradip Section of NH-53 Old NH 5A from Km 18.00 to Km 39.00 in the State of Odisha on HAM mode Package-2 (National Highways Authority of India [NHAI]) (618821) (N24002080) (10587),Ministry of Road Transport & Highways,Roads & Highways,Odisha,12/1/2023,12/1/2025,920.47,421.58,91,45.8005,950.4,29.93,3.2516,1,8/1/2026,243,7.98,1
618822,Rehabilitation and Up gradation from 4 to 8 laning of Chandikhole Paradip Section of NH-53 Old NH 5A from Km.0.00 to Km.18.00Package-1 (National Highways Authority of India [NHAI]) (618822) (-) (10588),Ministry of Road Transport & Highways,Roads & Highways,Odisha,12/1/2023,12/1/2025,929.91,365.06,92.3,39.2576,869.45,-60.46,-6.5017,0,8/1/2026,243,7.98,1
618823,4 laning of Barasat - Barajaguli Section of NH-12 from Km. 31.000 to Km. 48.679 in the district of North 24 - Parganas (National Highways Authority of India [NHAI]) (618823) (-) (-),Ministry of Road Transport & Highways,Roads & Highways,West Bengal,8/1/2024,2/1/2026,352.01,87.2,39.55,24.772,346.39,-5.62,-1.5965,0,10/1/2027,607,19.94,1
618824,"Development to 4-laning of the de-scoped stretches from Km 115.342 to Km 191.700 of NH-34 in Nadia District 3.962 & Murshidabad District 5.538 pertaining to Krishnagar to Berhampore section of NH-34 New NH-12 , in the state of West Bengal under NHO. (National Highways Authority of India [NHAI]) (618824) (-) (-)",Ministry of Road Transport & Highways,Roads & Highways,West Bengal,7/1/2024,1/1/2026,201.1,56.99,52.6,28.3391,197.74,-3.36,-1.6708,0,6/1/2027,516,16.95,1
618825,Bridge over Ganga River at d/s of Farraka Barrage including Approaches connecting Farakka-Raiganj (National Highways Authority of India [NHAI]) (618825) (N24001750) (10589),Ministry of Road Transport & Highways,Roads & Highways,West Bengal,12/1/2018,12/1/2021,622.04,367.17,96.17,59.0268,646.1,24.06,3.8679,1,9/1/2026,1735,57,1
618826,4 Laning of NH-544D from Km 0.000 to km 37.000 of Anantapur- Muchukota section Pkg-1 (National Highways Authority of India [NHAI]) (618826) (N24001980) (10590),Ministry of Road Transport & Highways,Roads & Highways,Andhra Pradesh,7/1/2023,7/1/2025,907.76,450.16,91.97,49.5902,905.98,-1.78,-0.1961,0,8/1/2026,396,13.01,1
618827,4 Laning of NH-544D from Km 37.000 to km 69.000 of Muchukota- Bugga section Pkg-2 (National Highways Authority of India [NHAI]) (618827) (N24001983) (10591),Ministry of Road Transport & Highways,Roads & Highways,Andhra Pradesh,8/1/2023,8/1/2025,1097.57,388.54,82.05,35.4,1055.23,-42.34,-3.8576,0,12/1/2026,487,16,1
618828,4L from Km 219.600 Khajuri to Km 260.483 Wyndhamganj on NH-75 Sec-V (National Highways Authority of India [NHAI]) (618828) (N24002053) (10592),Ministry of Road Transport & Highways,Roads & Highways,"Multi-States (Jharkhand, Uttar Pradesh)",9/1/2023,9/1/2025,1436.49,830.18,92.02,57.7923,1465.55,29.06,2.023,1,5/1/2026,242,7.95,1
618829,4L from km 196.87 Sankha to km 219.6 Khajuri on NH-75 [Rehla / Garhwa Bypass] (National Highways Authority of India [NHAI]) (618829) (N24001590) (10593),Ministry of Road Transport & Highways,Roads & Highways,Jharkhand,10/1/2021,10/1/2023,1129.48,527.11,93.45,46.6684,1129.48,0,0,0,,,,
618830,4L from Km 147.450 Bhogu to Km 196.870 Sankha on NH-75 Sec-III (National Highways Authority of India [NHAI]) (618830) (N24002054) (10594),Ministry of Road Transport & Highways,Roads & Highways,Jharkhand,11/1/2023,11/1/2025,1517.87,992.09,76.95,65.3607,1652.09,134.22,8.8427,1,3/1/2027,485,15.93,1
618831,4L from Km 95.400 Udaipura to Km 147.450 Bhogu on NH-75 Sec-II (National Highways Authority of India [NHAI]) (618831) (-) (10595),Ministry of Road Transport & Highways,Roads & Highways,Jharkhand,10/1/2024,10/1/2026,1436.8,200.87,27.6,13.9804,1301.54,-135.26,-9.414,0,3/1/2027,151,4.96,1
618832,4L from Km 55.00 Kuru to Km 95.400 Udaipura on NH-75 Sec-I (National Highways Authority of India [NHAI]) (618832) (-) (11879),Ministry of Road Transport & Highways,Roads & Highways,Jharkhand,1/1/2026,1/1/2028,1274.82,86.46,7.41,6.7821,1274.82,0,0,0,1/1/2028,0,0,0
618833,Kodinar - Veraval Package VI from km. 221.610 to km. 263.00 of NH-8E & km. 120.900 to km. 121.150 of NH-8D (National Highways Authority of India [NHAI]) (618833) (N24000592) (10596),Ministry of Road Transport & Highways,Roads & Highways,Gujarat,2/1/2018,7/1/2020,894.01,457.06,98.79,51.1247,1127.42,233.41,26.1082,1,6/1/2026,2161,71,1
618834,4L Kodinar - Veraval Package VI from km. 222.400 to km. 230.00 Kodinar Bypass of NH-8E NH 51 new (National Highways Authority of India [NHAI]) (618834) (N24001827) (-),Ministry of Road Transport & Highways,Roads & Highways,Gujarat,4/1/2022,9/1/2023,162.73,174.82,100,107.4295,192.01,29.28,17.993,1,4/1/2025,578,18.99,1
618835,4L of Bal Works of Talaja - Mahuva from 54.990 km. to 100.450 km. of Old NH-8E Package-II (National Highways Authority of India [NHAI]) (618835) (N24001792) (10597),Ministry of Road Transport & Highways,Roads & Highways,Gujarat,3/1/2021,9/1/2022,698.4,418.41,100,59.9098,735.51,37.11,5.3136,1,,,,
618836,4L of Ratnagiri - Kolhapur section from km 67.140 to km 112.340 of NH-166 Pkg II (National Highways Authority of India [NHAI]) (618836) (N24001834) (10598),Ministry of Road Transport & Highways,Roads & Highways,Maharashtra,5/1/2023,5/1/2025,1985.38,463.4,79.98,23.3406,1798,-187.38,-9.438,0,3/1/2027,669,21.98,1
618837,4L of Ratnagiri - Kolhapur section from km 112.340 to km 145.300 of NH-166 PkgIII (National Highways Authority of India [NHAI]) (618837) (N24001835) (10599),Ministry of Road Transport & Highways,Roads & Highways,Maharashtra,5/1/2023,5/1/2025,1939.23,483.41,67.57,24.9279,1910.41,-28.82,-1.4862,0,3/1/2027,669,21.98,1
618838,4L of Karwar Km. 281.980 of NH-62 Nagaur road to Dangiyavas of Jodhpur Ring Road Pkg-II (National Highways Authority of India [NHAI]) (618838) (N24001558) (10600),Ministry of Road Transport & Highways,Roads & Highways,Rajasthan,8/1/2022,8/1/2024,736.75,400.32,99,54.3359,512.77,-223.98,-30.4011,0,6/1/2026,669,21.98,1
618839,Aunta - Simaria including Ganga Bridge (National Highways Authority of India [NHAI]) (618839) (N24000696) (10601),Ministry of Road Transport & Highways,Roads & Highways,Bihar,8/1/2018,2/1/2022,1309.47,812.81,100,62.0717,2107.68,798.21,60.9567,1,4/1/2026,1520,49.94,1
618840,Simaria Km. 206.050 to Khagaria Km. 266.282 (National Highways Authority of India [NHAI]) (618840) (N24000480) (10602),Ministry of Road Transport & Highways,Roads & Highways,Bihar,10/1/2016,4/1/2019,664.02,352.28,97.71,53.0526,891.64,227.62,34.2791,1,10/1/2026,2740,90.02,1
618841,4L Elevated Section and at-grade improvements at Begusarai town Simaria - Khagaria section from Km. 221.047 to Km. 225.302 of NH-31 (National Highways Authority of India [NHAI]) (618841) (N24001699) (-),Ministry of Road Transport & Highways,Roads & Highways,Bihar,6/1/2022,12/1/2024,491.04,345.21,95.72,70.3018,348.38,-142.66,-29.0526,0,7/1/2026,577,18.96,1
618843,Construction of two lane with paved shoulders bypass to Mungrabadshapur town starting from near Kodahu at Km 47/225 of NH-319D and ending near Nauwadandi at Km 219/720 of NH-31 under NHO in the state of Uttar Pradesh on EPC mode (National Highways Authority of India [NHAI]) (618843) (-) (-),Ministry of Road Transport & Highways,Roads & Highways,Uttar Pradesh,9/1/2025,3/1/2027,197.6,37.94,15.05,19.2004,165.28,-32.32,-16.3563,0,9/1/2027,184,6.05,1
618844,Viluppuram Km.0.000 to Puducherry Km.29.000 (National Highways Authority of India [NHAI]) (618844) (-) (10603),Ministry of Road Transport & Highways,Roads & Highways,"Multi-States (Puducherry, Tamil Nadu)",11/1/2021,11/1/2023,1358.31,524.89,98.32,38.6429,1162.44,-195.87,-14.4201,0,6/1/2026,943,30.98,1
618845,Puducherry Km.29.000 to Poondiyankuppam Km.67.000 (National Highways Authority of India [NHAI]) (618845) (N24001429) (10604),Ministry of Road Transport & Highways,Roads & Highways,"Multi-States (Puducherry, Tamil Nadu)",11/1/2021,11/1/2023,1588.4,448.72,98.75,28.2498,1415.9,-172.5,-10.86,0,6/1/2026,943,30.98,1
618846,Poondiyankuppam Km.67.000 to Sattanathapuram Km.123.800 (National Highways Authority of India [NHAI]) (618846) (-) (10605),Ministry of Road Transport & Highways,Roads & Highways,Tamil Nadu,1/1/2022,1/1/2024,2565.63,1088.33,99.8,42.4196,2319.35,-246.28,-9.5992,0,6/1/2026,882,28.98,1
618847,Sattanathapuram to Nagapattinam from Km 123.800 to Km 179.555 (National Highways Authority of India [NHAI]) (618847) (N24001431) (10606),Ministry of Road Transport & Highways,Roads & Highways,"Multi-States (Puducherry, Tamil Nadu)",10/1/2020,10/1/2022,2899.77,1206.31,84.2,41.6002,2899.77,0,0,0,12/1/2026,1522,50,1
618848,Construction of Underpass beneath airport runway on NH-31 old NH-56 for proposed expansion of runway of Babatpur Airport Varanasi (National Highways Authority of India [NHAI]) (618848) (-) (10607),Ministry of Road Transport & Highways,Roads & Highways,Uttar Pradesh,9/1/2025,9/1/2027,649.44,0.09,6.7,0.0139,649.44,0,0,0,9/1/2027,0,0,0
618849,Conversion of Partially Excavated Escape Tunnel to Uni-Directional 2L Tunnelincluding construction of cross passages and approach roads on either side of the tunnel from Km 12.732 to Km 14.568 of Kiratpur to Nerchowk Section of NH-21 (National Highways Authority of India [NHAI]) (618849) (N24001809) (-),Ministry of Road Transport & Highways,Roads & Highways,Chhattisgarh,9/1/2022,3/1/2024,444.21,394.65,100,88.8431,412.88,-31.33,-7.053,0,5/1/2026,791,25.99,1
618850,Nerchowk km 190.000 to Pandoh including Pandoh bypass km221.305 (National Highways Authority of India [NHAI]) (618850) (N24000613) (10608),Ministry of Road Transport & Highways,Roads & Highways,Himachal Pradesh,1/1/2018,7/1/2020,1464.12,851.56,100,58.1619,1651.67,187.55,12.8097,1,6/1/2026,2161,71,1
618851,Pandoh bypass 221.305 to Takoli 242.000 of NH-21 in the state of Himachal Pradesh (National Highways Authority of India [NHAI]) (618851) (-) (10609),Ministry of Road Transport & Highways,Roads & Highways,Himachal Pradesh,3/1/2018,9/1/2021,3419.95,1923.02,95.65,56.2295,4465.94,1045.99,30.585,1,3/1/2027,2007,65.94,1
618852,4L Sundar Nagar Bypass from Km.173.900 to Km.179.600 of NH-21 (National Highways Authority of India [NHAI]) (618852) (N24001810) (-),Ministry of Road Transport & Highways,Roads & Highways,Himachal Pradesh,6/1/2022,6/1/2024,191.11,182.2,100,95.3378,192.11,1,0.5233,1,6/1/2026,730,23.98,1
618853,Construction of Four lane Elevated Structure at Raniwada Circle in Sanchore City on NH-68 (National Highways Authority of India [NHAI]) (618853) (-) (-),Ministry of Road Transport & Highways,Roads & Highways,Rajasthan,7/1/2024,7/1/2026,353.3,180.55,82.61,51.1039,241.34,-111.96,-31.6898,0,7/1/2026,0,0,0
618854,2L PS of Raebareli - Jagdishpur with 4L Jagdishpur Bypass Spur (National Highways Authority of India [NHAI]) (618854) (N24001306) (10610),Ministry of Road Transport & Highways,Roads & Highways,Uttar Pradesh,1/1/2022,1/1/2024,706.41,515.53,97.2,72.9789,752.52,46.11,6.5274,1,6/1/2025,517,16.99,1
618855,"Improvement and Up-Gradation of Existing Road to 2/4L PS from Km 40.000 to 88.750, start of Khutar bypass to start of Shahjahanpur bypass of NH 731Pkg-I (National Highways Authority of India [NHAI]) (618855) (N24001727) (10611)",Ministry of Road Transport & Highways,Roads & Highways,Uttar Pradesh,2/1/2023,2/1/2025,838.68,560.48,99.2,66.8288,838.68,0,0,0,4/1/2026,424,13.93,1
618856,"Improvement and Up-Gradation of Existing Road to 4L PS from Km 123.650 to 175.080, from Start of Shahabad Bypass to End of Hardoi bypass of NH 731 Pkg-2B (National Highways Authority of India [NHAI]) (618856) (N24002094) (10612)",Ministry of Road Transport & Highways,Roads & Highways,Uttar Pradesh,11/1/2023,11/1/2025,1101.79,357.18,63.51,32.4182,1212.26,110.47,10.0264,1,3/1/2027,485,15.93,1
618858,"Improvement and Up-Gradation of Existing Road to 4L PS from Km 88.750 to 123.650, from Start of Shahjahanpur Bypass to start of Shahabad bypass of NH 731Pkg.-2A (National Highways Authority of India [NHAI]) (618858) (-) (10614)",Ministry of Road Transport & Highways,Roads & Highways,Uttar Pradesh,1/1/2024,1/1/2026,955.34,283.62,66.35,29.6879,955.34,0,0,0,3/1/2027,424,13.93,1
618859,"Improvement and Up-Gradation of Existing Road to 4L PS from Km 229.070 to 260.800, End of Hardoi District to Lucknow Ring road of NH 731 Pkg-4 (National Highways Authority of India [NHAI]) (618859) (N24001732) (10615)",Ministry of Road Transport & Highways,Roads & Highways,Uttar Pradesh,10/1/2022,10/1/2024,575.66,371.98,99.33,64.618,553.61,-22.05,-3.8304,0,6/1/2026,608,19.98,1
618861,Bakhtiyarpur-Rajauli Pkg-II from km. 54.405 to km.101.630 (National Highways Authority of India [NHAI]) (618861) (N24001709) (10616),Ministry of Road Transport & Highways,Roads & Highways,Bihar,4/1/2021,7/1/2023,897.45,897.13,97.85,99.9643,1397.47,500.02,55.7156,1,7/1/2026,1096,36.01,1
618862,Bakhtiyarpur-Rajauli Pkg-III from km. 101.630 to km.152.520 (National Highways Authority of India [NHAI]) (618862) (-) (10617),Ministry of Road Transport & Highways,Roads & Highways,Bihar,12/1/2021,6/1/2024,2156.22,1668.28,99.14,77.3706,3046.61,890.39,41.294,1,6/1/2026,730,23.98,1
618863,Barhi-Koderma Section of NH31 km 0.00 - km 27.5 (National Highways Authority of India [NHAI]) (618863) (-) (10618),Ministry of Road Transport & Highways,Roads & Highways,Jharkhand,11/1/2019,8/1/2024,662.44,510.72,98.5,77.0968,826.59,164.15,24.7796,1,6/1/2026,669,21.98,1
618864,4L from Mathura Bypass Start at Existing Km. 154.20 of NH-44 to Gaju Village at Km 32.982 of NH-530B Pkg-IB (National Highways Authority of India [NHAI]) (618864) (N24001851) (10619),Ministry of Road Transport & Highways,Roads & Highways,Uttar Pradesh,3/1/2023,3/1/2025,1722.11,1050.08,100,60.9764,1820.77,98.66,5.729,1,7/1/2026,487,16,1
618865,4L from Gaju Village at Km. 32.982 to Devinagar Bypass End at Km. 208.000 of NH- 530B Pkg-1C. (National Highways Authority of India [NHAI]) (618865) (N24001730) (10620),Ministry of Road Transport & Highways,Roads & Highways,Uttar Pradesh,1/1/2023,1/1/2025,1384.79,823.04,99.99,59.4343,1496.44,111.65,8.0626,1,,,,
618866,"Four Lane Highway from Chandan Nagar Existing Km. 59.025 of NH 530B/Design Km. 179.5000 to Bareilly BypassStartExisting Km. 59.025 of NH 530B/Design Km. 218.000 Section of NH 530B, in the State of Uttar Pradesh on HAM Mode under NH0 (National Highways Authority of India [NHAI]) (618866) (-) (10621)",Ministry of Road Transport & Highways,Roads & Highways,Uttar Pradesh,11/1/2025,11/1/2027,2077,305.32,22,14.7,1112.44,-964.56,-46.4401,0,11/1/2027,0,0,0
618867,4L Kasganj-Badaun Section from Km. 123.100 to Km. 179.500 Pkg-III of NH530B (National Highways Authority of India [NHAI]) (618867) (-) (10622),Ministry of Road Transport & Highways,Roads & Highways,Uttar Pradesh,5/1/2025,5/1/2027,2009.11,194.38,32.95,9.6749,1936.61,-72.5,-3.6086,0,12/1/2027,214,7.03,1
618868,4L from Devinagar Bypass End Existing Km. 208.000 of NH 530B/Design Km. 66.000 to Kasganj Bypass End Existing Km.150.100 of NH 530B/ Design Km. 123.100 of NH 530B (National Highways Authority of India [NHAI]) (618868) (-) (10623),Ministry of Road Transport & Highways,Roads & Highways,Uttar Pradesh,6/1/2024,6/1/2026,2289.52,486.69,68.4,21.2573,2223.71,-65.81,-2.8744,0,12/1/2026,183,6.01,1
618869,"Construction of 4/6 lane Highway of Southern Bareilly Bypass, starting at Ch. 237000 of NH 530 near Jhumka chauraha, Dhantiya village and ending at Ch. 267000 of NH 30 near Invertis University including Trumpet Interchange (National Highways Authority of India [NHAI]) (618869) (-) (-)",Ministry of Road Transport & Highways,Roads & Highways,Uttar Pradesh,12/1/2025,6/1/2028,1122.02,169.77,13,15.1307,1869.59,747.57,66.6272,1,6/1/2028,0,0,0
618870,4L PS from near Hemmige Village Periyapatna - Hassan Road Jn. to near Hunsur - KR Nagar Jn section from Km. 144.900 to Km. 169.000 of NH-275 Pkg. III (National Highways Authority of India [NHAI]) (618870) (-) (10624),Ministry of Road Transport & Highways,Roads & Highways,Karnataka,4/1/2025,4/1/2027,883.62,61.61,21.79,6.9725,1726.65,843.03,95.4064,1,7/1/2028,457,15.01,1
618871,4L PS from Near Guddehosur to Start of Kushalnagara Bypass to near Hemmige Village Periyapatna - Hassan Road Jn from Km. 122.200 to Km. 144.900 of NH-275 Pkg. II (National Highways Authority of India [NHAI]) (618871) (-) (10625),Ministry of Road Transport & Highways,Roads & Highways,Karnataka,12/1/2025,12/1/2027,909.86,33.14,9.85,3.6423,896.42,-13.44,-1.4772,0,11/1/2028,336,11.04,1
618872,4L PS from near Hunsur - KR Nagar Junction to near Yalachahalli village KR Nagara - Yelawala Road Junction fcrom Km 169.000 to Km 195.550 of NH-275 Pkg-IV (National Highways Authority of India [NHAI]) (618872) (-) (10626),Ministry of Road Transport & Highways,Roads & Highways,Karnataka,4/1/2025,4/1/2027,1062.76,93.27,16.33,8.7762,952.03,-110.73,-10.4191,0,9/1/2028,519,17.05,1
618873,4L PS from near Yalachahalli village KR Nagara - Yelawala Road junction to Srirangapatna Bypass Near Paschima Vahini from km 195.550 to Km 214.535 of NH- 275 Pkg-V (National Highways Authority of India [NHAI]) (618873) (-) (10627),Ministry of Road Transport & Highways,Roads & Highways,Karnataka,4/1/2025,4/1/2027,1272.71,97.85,15.84,7.6883,1203.2,-69.51,-5.4616,0,10/1/2028,549,18.04,1
618874,Four Laning of Trichy - Dindigul from km. 333.00 to km. 421.273 of NH-45 (National Highways Authority of India [NHAI]) (618874) (-) (-),Ministry of Road Transport & Highways,Roads & Highways,Tamil Nadu,1/1/2008,7/1/2010,1003.11,9.74,100,0.971,435.81,-567.3,-56.5541,0,6/1/2026,5814,191.01,1
618875,4L of Haridwar Nagina section Design Ch. LME from km 13.829 to km 17.110 & km 26.077 to km 27.508 and Design Ch. RME from km 13.839 to km 17.120 & km 26.078 to km 27.509 of EUP mitigation measures on NH74 (National Highways Authority of India [NHAI]) (618875) (-) (-),Ministry of Road Transport & Highways,Roads & Highways,Uttarakhand,8/1/2022,2/1/2024,183.92,113.06,70.42,61.4724,142.11,-41.81,-22.7327,0,12/1/2026,1034,33.97,1
618878,Rehabilitation and Upgradation to 4L configuration & Strengthening of Sihuni to Rajol from Km 51.000 to Km 72.000 of NH-154 Package-IIA (National Highways Authority of India [NHAI]) (618878) (N24002050) (10630),Ministry of Road Transport & Highways,Roads & Highways,Himachal Pradesh,9/1/2023,9/1/2025,696.65,318.1,98.24,45.6614,776.59,79.94,11.4749,1,6/1/2026,273,8.97,1
618879,Rehabilitation and Upgradation to 2L PS configuration & Strengthening of Padhar to Bijni section from Km 180.000 to Km 202.815 of NH-154 Pkg-VA (National Highways Authority of India [NHAI]) (618879) (-) (10631),Ministry of Road Transport & Highways,Roads & Highways,Himachal Pradesh,11/1/2024,11/1/2026,930.86,370.19,94.83,39.7686,930.86,0,0,0,11/1/2026,0,0,0
618880,Rehabilitation and Up-gradation to 4L configuration & Strengthening of Thanpuri to Paror section from Km 85.135 to Km 100.840 of NH-154 Pkg-IIC (National Highways Authority of India [NHAI]) (618880) (-) (10632),Ministry of Road Transport & Highways,Roads & Highways,Himachal Pradesh,3/1/2024,12/1/2025,815.68,218.66,54.22,26.8071,666.79,-148.89,-18.2535,0,4/1/2027,486,15.97,1
618881,4L PS bijni to mandi section from Km 202.815 to Km 208.000 of NH-20 New NH-154 of Pathankot-Mandi Package-VB (National Highways Authority of India [NHAI]) (618881) (-) (10633),Ministry of Road Transport & Highways,Roads & Highways,Himachal Pradesh,3/1/2025,9/1/2027,1113.02,398.71,31.09,35.8224,1112.39,-0.63,-0.0566,0,9/1/2027,0,0,0
618882,Construction of additional 3-Lane Bridge over River Ganga for connection between Buxar and Bharauli on NH-922 in the State of Uttar Pradesh and Bihar on Hybrid Annuity Mode (National Highways Authority of India [NHAI]) (618882) (-) (-),Ministry of Road Transport & Highways,Roads & Highways,"Multi-States (Bihar, Uttar Pradesh)",8/1/2025,2/1/2028,531.61,36.75,17.62,6.913,444.92,-86.69,-16.3071,0,2/1/2028,0,0,0
618883,Construction of Four Lane Highway form Ghazipur- Ballia-UP/Bihar State Border Greenfield section of NH-31 Package I [from Hridaipur km 0.000 to Shahapur km 42.500] on EPC Mode in the state of Uttar Pradesh. (National Highways Authority of India [NHAI]) (618883) (N24002086) (10634),Ministry of Road Transport & Highways,Roads & Highways,Uttar Pradesh,7/1/2023,7/1/2025,1706.47,866.24,100,50.7621,1579.59,-126.88,-7.4352,0,6/1/2026,335,11.01,1
618884,Construction of Four Lane Highway from Ghazipur- Ballia-UP/Bihar State Border Greenfield section of NH-31 Package II [from Shahapur km 42.500 to Pindari km 78.150] on EPC Mode in the state of Uttar Pradesh. (National Highways Authority of India [NHAI]) (618884) (N24002087) (10635),Ministry of Road Transport & Highways,Roads & Highways,Uttar Pradesh,10/1/2023,10/1/2025,1493.65,727.02,96.29,48.6741,1311.44,-182.21,-12.199,0,7/1/2026,273,8.97,1
618885,Construction of Four Lane Highway from Ghazipur- Ballia-UP/Bihar State Border Greenfield section of NH-31 Package IV [from Buxur Spur of length km 17.270 on EPC Mode in the state of Uttar Pradesh. (National Highways Authority of India [NHAI]) (618885) (N24002089) (10636),Ministry of Road Transport & Highways,Roads & Highways,Uttar Pradesh,6/1/2023,6/1/2025,617.88,249.49,91.1,40.3784,549.02,-68.86,-11.1446,0,7/1/2026,395,12.98,1
618886,Road Safety Improvement of Critical Junctions on MuzaffarnagarHaridwar Section of NH-334 from Km 143000 to Km 196000 (National Highways Authority of India [NHAI]) (618886) (-) (-),Ministry of Road Transport & Highways,Roads & Highways,"Multi-States (Uttar Pradesh, Uttarakhand)",10/1/2025,10/1/2027,238.66,20.2,16.4,8.4639,0.1,-238.56,-99.9581,0,10/1/2027,0,0,0
618887,4L of Bettadahalli- Shivamogga section from Km.170.415 to km. 226.750 of NH-206 Tumkur- Shivamogga Pkg-IV (National Highways Authority of India [NHAI]) (618887) (N24001687) (10637),Ministry of Road Transport & Highways,Roads & Highways,Karnataka,10/1/2021,10/1/2023,2082.98,865.76,83.36,41.5635,2545.11,462.13,22.186,1,3/1/2027,1247,40.97,1
618888,Rehabilitation and Up-gradation of existing road to 2L PS from End of Hamirpur Bypass near Chilbahal to Bhangbar section from Km. 138.295 to Km.175.270 of NH- 88 Pkg-IV (National Highways Authority of India [NHAI]) (618888) (N24002052) (10638),Ministry of Road Transport & Highways,Roads & Highways,Himachal Pradesh,4/1/2023,4/1/2025,1146.19,293.56,93.05,25.6118,1358.62,212.43,18.5336,1,7/1/2026,456,14.98,1
618889,"4L of Bhangbar Near Ranital to Kangra Bypass Section of Old NH-88 New NH- 303,503 up to Intersection with NH-154 from Km 175.270 to Km 193.400 Pkg-VB (National Highways Authority of India [NHAI]) (618889) (N24001808) (10639)",Ministry of Road Transport & Highways,Roads & Highways,Himachal Pradesh,12/1/2022,12/1/2024,1322.95,878.58,97.45,66.4107,1829.49,506.54,38.2887,1,6/1/2026,547,17.97,1
618890,2L PS of Hamirpur Bypass from Km 121.175 to Km.138.295 of NH-103&3 (National Highways Authority of India [NHAI]) (618890) (N24002051) (10640),Ministry of Road Transport & Highways,Roads & Highways,Himachal Pradesh,10/1/2023,10/1/2025,739.39,233.46,92.8,31.5747,754.82,15.43,2.0869,1,9/1/2026,335,11.01,1
618891,4L PS from Kalar Bala Village to Nauni Chowk of NH 205 from Km 41.000 to Km 58.450 (National Highways Authority of India [NHAI]) (618891) (-) (10641),Ministry of Road Transport & Highways,Roads & Highways,Himachal Pradesh,5/1/2025,5/1/2027,1244.43,94.67,22.24,7.6075,786.91,-457.52,-36.7654,0,9/1/2027,123,4.04,1
618893,Varanasi Gorakhpur Section Packege IV from km. 149.540 to km. 215.160 Mau- Gorakhpur (National Highways Authority of India [NHAI]) (618893) (-) (10642),Ministry of Road Transport & Highways,Roads & Highways,Uttar Pradesh,4/1/2017,10/1/2019,2966.63,866.7,97.35,29.215,3475.65,509.02,17.1582,1,8/1/2026,2496,82,1
618894,4L of Madathukulam - Pollachi from km. 74.38 to km. 116.95 of old NH-209 New NH- 83 (National Highways Authority of India [NHAI]) (618894) (N24001602) (10643),Ministry of Road Transport & Highways,Roads & Highways,Tamil Nadu,12/1/2020,12/1/2022,1772.13,499.66,95.52,28.1954,1772.13,0,0,0,7/1/2026,1308,42.97,1
618895,Kamalapuram to Oddanchatram from km. 0.00 to km. 35.822 (National Highways Authority of India [NHAI]) (618895) (N24001601) (10644),Ministry of Road Transport & Highways,Roads & Highways,Tamil Nadu,1/1/2021,1/1/2023,1319.42,417.73,92,31.6601,1319.42,0,0,0,8/1/2026,1308,42.97,1
618896,4L of Sannur to Bikarnakatte section from Km 691.350 to Km 736.362 of NH-169 Karkala - Mangalore Package-III (National Highways Authority of India [NHAI]) (618896) (N24001680) (10645),Ministry of Road Transport & Highways,Roads & Highways,Karnataka,10/1/2022,10/1/2024,1386.41,976.79,70.41,70.4546,2038.71,652.3,47.0496,1,4/1/2027,912,29.96,1
618897,4L of Sethiyathope -Cholapuram section from Km. 65.960 to Km. 116.440 section of NH45 C Pkg-II (National Highways Authority of India [NHAI]) (618897) (N24000708) (10646),Ministry of Road Transport & Highways,Roads & Highways,Tamil Nadu,8/1/2018,8/1/2020,2356.19,1011.39,100,42.9248,2356.9,0.71,0.0301,1,4/1/2026,2069,67.98,1
618898,Balance Works for Four laning of Vikravandi to Sethiyathope section from Km 0.0 to Km 65.96 of NH-45C in Tamil Nadu under NHDP Phase-IV on EPC mode (National Highways Authority of India [NHAI]) (618898) (-) (10647),Ministry of Road Transport & Highways,Roads & Highways,Tamil Nadu,6/1/2025,6/1/2027,1163.17,199.66,29.72,17.1652,834.46,-328.71,-28.2598,0,6/1/2027,0,0,0
618899,Kallagam km.38.700 to Meensurutti Km.98.433 of NH-227 in Tamil Nadu (National Highways Authority of India [NHAI]) (618899) (-) (10648),Ministry of Road Transport & Highways,Roads & Highways,Tamil Nadu,4/1/2019,4/1/2021,1499.12,685.7,100,45.7402,1499.12,0,0,0,6/1/2026,1887,62,1
618901,4L PS Divided Carriageway from Patan Near Rajpur to Gojariya From Km 52.000 to Km 128.940 of NH-68 (National Highways Authority of India [NHAI]) (618901) (-) (10650),Ministry of Road Transport & Highways,Roads & Highways,Gujarat,3/1/2023,3/1/2025,1181.34,918.87,86.2,77.782,1098.23,-83.11,-7.0352,0,10/1/2026,579,19.02,1
618902,Maheshkunt-Saharsa-Purnea Pkg I km 0.00 to km. 90.00 of NH-107 (National Highways Authority of India [NHAI]) (618902) (N24000723) (10651),Ministry of Road Transport & Highways,Roads & Highways,Bihar,12/1/2019,12/1/2021,662.44,933.08,88.38,140.855,1311.22,648.78,97.9379,1,9/1/2026,1735,57,1
618903,Maheshkunt -Saharsa-Purnea Pkg II (National Highways Authority of India [NHAI]) (618903) (N24000665) (10652),Ministry of Road Transport & Highways,Roads & Highways,Bihar,12/1/2018,12/1/2020,1028.28,831.69,91.03,80.8817,1244.09,215.81,20.9875,1,9/1/2026,2100,68.99,1
618904,Chhapra - Hajipur from km. 143.200 to km. 209.200 (National Highways Authority of India [NHAI]) (618904) (N24000187) (10653),Ministry of Road Transport & Highways,Roads & Highways,Bihar,1/1/2011,7/1/2013,2127.86,98.07,89.81,4.6089,2171.6,43.74,2.0556,1,4/1/2026,4657,153,1
618905,Widening with additional 3L abetting Chhapra Bypass Section of NH-19 from Km. 143.200 to Km. 159.255 Pkg-1 (National Highways Authority of India [NHAI]) (618905) (-) (10654),Ministry of Road Transport & Highways,Roads & Highways,Bihar,8/1/2024,8/1/2026,470.5,250.42,68.43,53.2242,528.48,57.98,12.3231,1,8/1/2026,0,0,0
618906,4L of Amritsar-Ghoman - Tanda - Una Section from Km 8.270 to Km 54.000 of NH- 503A Package-I (National Highways Authority of India [NHAI]) (618906) (N24001643) (10655),Ministry of Road Transport & Highways,Roads & Highways,Punjab,6/1/2022,6/1/2024,857.91,517.35,67.9,60.3035,1443.47,585.56,68.2542,1,3/1/2027,1003,32.95,1
618907,2L/4L of Hoshiarpur to Una section including Hoshiarpur Bypass of NH 503A (National Highways Authority of India [NHAI]) (618907) (-) (-),Ministry of Road Transport & Highways,Roads & Highways,"Multi-States (Himachal Pradesh, Punjab)",5/1/2025,5/1/2027,571.34,66.37,25.73,11.6166,481.88,-89.46,-15.6579,0,5/1/2027,0,0,0
618908,3L Major Bridge over River Brahmani at Km. 401.250 Duburi - Chandikhole Section of NH-200 New NH -53 (National Highways Authority of India [NHAI]) (618908) (N24002081) (-),Ministry of Road Transport & Highways,Roads & Highways,Odisha,8/1/2022,1/1/2025,153.61,73.59,38,47.907,103.68,-49.93,-32.5044,0,9/1/2027,973,31.97,1
618909,2L PS of JH / WB Border km. 70.524 - Purulia km.84.400 & Purulia km. 94.30 - Chandil Junction with NH-33 km. 153.705 of Old NH-32 (National Highways Authority of India [NHAI]) (618909) (N24000788) (10656),Ministry of Road Transport & Highways,Roads & Highways,"Multi-States (Jharkhand, West Bengal)",12/1/2019,8/1/2022,1652.4,749.49,97.4,45.3577,1771.88,119.48,7.2307,1,10/1/2026,1522,50,1
618910,4L of Purulia Bypass section from Km 84.030 to Km 94.345 of NH-32 (National Highways Authority of India [NHAI]) (618910) (N24001749) (10657),Ministry of Road Transport & Highways,Roads & Highways,West Bengal,2/1/2022,8/1/2023,557.55,468.78,94.12,84.0786,562.57,5.02,0.9004,1,9/1/2026,1127,37.03,1
618911,4L Greenfield Western Side spur of Rampur-Rudrapur Section from Km 0.000 to Km 13.700 connecting NH-24 to NH-87 bypassing rampur town (National Highways Authority of India [NHAI]) (618911) (N24002090) (10658),Ministry of Road Transport & Highways,Roads & Highways,Uttar Pradesh,5/1/2023,11/1/2024,646.27,168.56,63.79,26.082,637.83,-8.44,-1.306,0,2/1/2027,822,27.01,1
618912,Construction of Rudrapur Bypass Section from Km. 0.000 to 20.640 in the state of Uttar Pradesh & Uttarakhand (National Highways Authority of India [NHAI]) (618912) (-) (10659),Ministry of Road Transport & Highways,Roads & Highways,"Multi-States (Uttar Pradesh, Uttarakhand)",1/1/2024,1/1/2026,1051.73,665.1,99.1,63.2387,1117.17,65.44,6.2221,1,5/1/2026,120,3.94,1
618913,4-L of Rajamunda to Barkote Section of NH-23 from km. 287.200 to km. 337.185 (National Highways Authority of India [NHAI]) (618913) (N24000739) (10660),Ministry of Road Transport & Highways,Roads & Highways,Odisha,12/1/2018,6/1/2021,609.63,114.77,96.52,18.8262,630.97,21.34,3.5005,1,12/1/2024,1279,42.02,1
618914,"4L Elevated Corridor and at-grade improvements from Design Ch0000 to Design Ch 19870 of Danapur Bihta Section, Design Ch0000 to Design Ch0231 connecting the existing RoB near Danapur station ,1.35 Km ramps and at-grade improvements to 4- lane section on Danapur side and Upgradation of existing Two lane carriageway to Four Lane carriageway from Design Ch19870 to Design Ch23500 of Bihta - Koilwar section (National Highways Authority of India [NHAI]) (618914) (-) (10661)",Ministry of Road Transport & Highways,Roads & Highways,Bihar,3/1/2024,9/1/2026,4432.97,1444.1,58.88,32.5764,2625.4,-1807.57,-40.7756,0,8/1/2027,334,10.97,1
618915,4L of Bal. works of Patna - Gaya -Dobhi Pkg-II from km. 39.00 to km. 83.00 of Old NH- 83 (National Highways Authority of India [NHAI]) (618915) (N24001304) (10662),Ministry of Road Transport & Highways,Roads & Highways,Bihar,11/1/2020,11/1/2022,1637.29,728.91,89.01,44.5193,777.2,-860.09,-52.5313,0,5/1/2025,912,29.96,1
618916,4L of Bal. works of Patna - Gaya -Dobhi Pkg-III from km. 83.00 to km. 127.217 of Old NH-83 (National Highways Authority of India [NHAI]) (618916) (N24001305) (10663),Ministry of Road Transport & Highways,Roads & Highways,Bihar,11/1/2020,11/1/2022,1077.46,774.78,92,71.908,799.7,-277.76,-25.7791,0,5/1/2025,912,29.96,1
618917,4L Greenfield starting from NH-30 near Saristabad Patna to Nathupur Project end point of Patna-Gaya-Dobhi Section of NH-83 (National Highways Authority of India [NHAI]) (618917) (-) (-),Ministry of Road Transport & Highways,Roads & Highways,Bihar,3/1/2024,8/1/2025,488.24,101.05,80.83,20.6968,419.66,-68.58,-14.0464,0,10/1/2026,426,14,1
618919,4L PS from Mandlem Existing Km. 38.000/Design Km.30.600 to Atmakur Existing Km.73.000/Design Km 66.115 of NH340C Package2 (National Highways Authority of India [NHAI]) (618919) (N24001984) (10665),Ministry of Road Transport & Highways,Roads & Highways,Andhra Pradesh,11/1/2023,11/1/2025,887.28,374.39,99.94,42.1952,913.03,25.75,2.9021,1,,,,
618920,Access Controlled Highway of 4 Lane with Paved Shoulders from TN/AP Border Design Chainage Km 6151 to Puttur Design Chainage Km 81540 of NH-716 & 6 Lane with Paved Shoulders from Mallavaram to Renigunta (National Highways Authority of India [NHAI]) (618920) (-) (10666),Ministry of Road Transport & Highways,Roads & Highways,Andhra Pradesh,12/1/2024,12/1/2026,1346.82,171.28,36.49,12.7174,1260.37,-86.45,-6.4188,0,3/1/2027,90,2.96,1
618921,4L of Kathlighat to Shakral Village from Km 128.835 to Km 146.300 of NH- 5 Shimla Bypass - Pkg I (National Highways Authority of India [NHAI]) (618921) (N24002049) (10667),Ministry of Road Transport & Highways,Roads & Highways,Himachal Pradesh,4/1/2023,4/1/2026,1703.48,980.97,53.81,57.5862,2648.8,945.32,55.4935,1,12/1/2027,609,20.01,1
618922,4L of Shakral Village to Dhalli Section from Km 146.300 to Km 156.560 Shimla Bypass - Pkg II and Shimla connectivity from Km 0.000 to Km 0.725 of NH-5 (National Highways Authority of India [NHAI]) (618922) (-) (10668),Ministry of Road Transport & Highways,Roads & Highways,Himachal Pradesh,3/1/2024,3/1/2027,1956.26,1265.52,63.17,64.6908,2880.72,924.46,47.2565,1,12/1/2027,275,9.03,1
618923,4L Behsuma at Km 39.250 Ex. Km 39240 To Bijnor at Km 78.810 Ex. Km 86590 Design Length 39.560 Km of NH-119 Pkg-II (National Highways Authority of India [NHAI]) (618923) (-) (10669),Ministry of Road Transport & Highways,Roads & Highways,Uttar Pradesh,5/1/2024,5/1/2026,2158.2,705.65,66.81,32.6962,2553.12,394.92,18.2986,1,12/1/2026,214,7.03,1
618924,2L PS of Najibabad Kotdwar section from 112.575 to Km. 138.635 of NH 119 (National Highways Authority of India [NHAI]) (618924) (-) (-),Ministry of Road Transport & Highways,Roads & Highways,Uttar Pradesh,3/1/2024,9/1/2025,188.87,33.72,55.9,17.8536,99.2,-89.67,-47.4771,0,10/1/2026,395,12.98,1
618925,Bijnor-Kotawali (National Highways Authority of India [NHAI]) (618925) (N24001738) (-),Ministry of Road Transport & Highways,Roads & Highways,Uttar Pradesh,11/1/2021,5/1/2023,300.58,265.09,99.01,88.1928,334.48,33.9,11.2782,1,6/1/2026,1127,37.03,1
618926,4L of Siwan- Masrakh section of Ram Janki Marg from Km 230.385 to Km 281.391 of NH-227A (National Highways Authority of India [NHAI]) (618926) (-) (10670),Ministry of Road Transport & Highways,Roads & Highways,Bihar,11/1/2024,11/1/2026,1431.36,190.78,10.08,13.3286,1927.04,495.68,34.63,1,11/1/2028,731,24.02,1
618927,4L of Moradabad-Thakurdwara-Kashipur Section from Km. 0.000 to Km. 38.77 of NH- 734 Pkg-II (National Highways Authority of India [NHAI]) (618927) (-) (10671),Ministry of Road Transport & Highways,Roads & Highways,Uttar Pradesh,3/1/2024,3/1/2026,2006.82,919.25,49.64,45.8063,1890.05,-116.77,-5.8187,0,6/1/2027,457,15.01,1
618928,"Improvement & Up-gradation of NH-734 Section of Moradabad-Thakurdwara Kashipur including Moradabad & Kashipur Bypasse Package-III Kashipur Bypass Length 14.490 Km., Starts from Ch. 38770 and ends at Ch. 53260 existing Ch. 05560 (National Highways Authority of India [NHAI]) (618928) (N24002093) (10672)",Ministry of Road Transport & Highways,Roads & Highways,"Multi-States (Uttar Pradesh, Uttarakhand)",3/1/2024,9/1/2025,936.12,348.8,50.11,37.2602,717.5,-218.62,-23.3538,0,3/1/2027,546,17.94,1
618929,4L of Moradabad western side spur connecting NH-734 & NH-24 from Km. 0.000 to Km. 33.200 Pkg-I (National Highways Authority of India [NHAI]) (618929) (-) (10673),Ministry of Road Transport & Highways,Roads & Highways,Uttar Pradesh,9/1/2023,9/1/2025,1841.92,996,79.96,54.074,1843.54,1.62,0.088,1,10/1/2026,395,12.98,1
618930,4L PS from Ch. 94.030 in Jabugam Village to Ch. 132.320 in Dhamasiya Village of NH-56 Pkg-III (National Highways Authority of India [NHAI]) (618930) (-) (10674),Ministry of Road Transport & Highways,Roads & Highways,Gujarat,11/1/2025,11/1/2027,1188.46,99.47,17.19,8.3697,898,-290.46,-24.44,0,11/1/2027,0,0,0
618931,4L PS from Ch. 179.780 in Bitada/Movi Village to Ch. 208.900 in Nasarpore Village of NH-56 Pkg-V (National Highways Authority of India [NHAI]) (618931) (-) (10675),Ministry of Road Transport & Highways,Roads & Highways,Gujarat,11/1/2025,11/1/2027,764.02,25.88,4.63,3.3873,566.96,-197.06,-25.7925,0,11/1/2027,0,0,0
618932,Construction of 6 lane Indore western bypass from km 0000 to Km 34000 Pkg -l in the State of Madhya Pradesh on Hybrid Annuity Mode under NHO (National Highways Authority of India [NHAI]) (618932) (-) (-),Ministry of Road Transport & Highways,Roads & Highways,Madhya Pradesh,1/1/2026,12/1/2027,1534.7,313.15,19.78,20.4046,1472.68,-62.02,-4.0412,0,12/1/2027,0,0,0
618933,Construction of 6 lane Indore western bypass from km 34000 to Km 64000 Pkg-II in the state of Madhya Pradesh on Hybrid Annuity Mode under NHO (National Highways Authority of India [NHAI]) (618933) (-) (11878),Ministry of Road Transport & Highways,Roads & Highways,Madhya Pradesh,3/1/2026,3/1/2028,1430.56,8.62,0,0.6026,1430.56,0,0,0,,,,
618934,Guwahati Ring Road in the State of Assam (National Highways Authority of India [NHAI]) (618934),Ministry of Road Transport & Highways,Roads & Highways,Assam,1/1/2026,1/1/2030,5729.47,3.49,0,0.0609,5729.47,0,0,0,1/1/2030,0,0,0
618935,4L Ambala - Kalaamb from Km. -0.800 to Km. 33.015 of old NH-72 (National Highways Authority of India [NHAI]) (618935) (N24002044) (10676),Ministry of Road Transport & Highways,Roads & Highways,"Multi-States (Haryana, Punjab)",6/1/2023,6/1/2025,1183.7,452.48,100,38.2259,1190.34,6.64,0.561,1,5/1/2026,334,10.97,1
618936,Jagadhari - Tajewala from Km -0.175 to 32.337 km of NH-344 (National Highways Authority of India [NHAI]) (618936) (N24001635) (10677),Ministry of Road Transport & Highways,Roads & Highways,Haryana,2/1/2023,2/1/2025,1269.5,679.52,64.7,53.5266,919.43,-350.07,-27.5754,0,3/1/2027,758,24.9,1
618937,4L of Nagpur-Katol Section from Km. 13.00 to Km. 62.900 of NH-353J (National Highways Authority of India [NHAI]) (618937) (N24001799) (10678),Ministry of Road Transport & Highways,Roads & Highways,Maharashtra,10/1/2021,10/1/2023,1166.96,979.65,81.54,83.9489,1432.82,265.86,22.7823,1,10/1/2026,1096,36.01,1
618938,4L of Rajura-Korpana-Adilabad Road upto M.S. Border from km 32.910 to km 89.090 of NH-353B (National Highways Authority of India [NHAI]) (618938) (N24001796) (10679),Ministry of Road Transport & Highways,Roads & Highways,"Multi-States (Maharashtra, Telangana)",10/1/2022,10/1/2024,1013.33,630.06,100,62.1772,1274.63,261.3,25.7863,1,5/1/2026,577,18.96,1
618939,Construction of Standalone Flyover cum ROB from Design Ch.66.600 to Design Ch.68.800 in Gadchandur Town on NH-353B (National Highways Authority of India [NHAI]) (618939) (-) (-),Ministry of Road Transport & Highways,Roads & Highways,Maharashtra,7/1/2025,7/1/2027,191.31,28.32,34.05,14.8032,107.76,-83.55,-43.6726,0,7/1/2027,0,0,0
618941,4L of Bamni - Rajura - Warur - Devada upto M.S. Border of NH - 930D from km 19.000 to km 51.985 (National Highways Authority of India [NHAI]) (618941) (-) (10680),Ministry of Road Transport & Highways,Roads & Highways,"Multi-States (Maharashtra, Telangana)",3/1/2024,3/1/2026,968.05,600.11,70.02,61.9916,1187.19,219.14,22.6373,1,12/1/2026,275,9.03,1
618942,Balance work of 2L PS from Km 30.800 to Km 70.800 and 2L with Rigid Carriageway from Km 70.800 to km 84.120 of Khanapur- KA/GOA Border section of NH-4A (National Highways Authority of India [NHAI]) (618942) (N24001677) (-),Ministry of Road Transport & Highways,Roads & Highways,"Multi-States (Goa, Karnataka)",11/1/2022,5/1/2024,226.76,110.23,82.45,48.6109,149.44,-77.32,-34.0977,0,3/1/2027,1034,33.97,1
618943,Salem - Ulundurpet section from km 0.313 to km 136.670 of NH-68 (National Highways Authority of India [NHAI]) (618943) (-) (10681),Ministry of Road Transport & Highways,Roads & Highways,Tamil Nadu,1/1/2008,1/1/2011,861.23,140.31,100,16.2918,1019.85,158.62,18.4178,1,6/1/2026,5630,184.97,1
618944,Hyderabad - Maneguda (National Highways Authority of India [NHAI]) (618944) (-) (10682),Ministry of Road Transport & Highways,Roads & Highways,Telangana,11/1/2024,11/1/2026,958.86,212.78,20.4,22.1909,1218.49,259.63,27.0769,1,5/1/2027,181,5.95,1
618945,4L of Kodad Design Km 0.00/Existing Km 185.00 of NH-65 to Khammam Design Km 31.800/Existing Km 29.400 of NH-365A (National Highways Authority of India [NHAI]) (618945) (N24001522) (10683),Ministry of Road Transport & Highways,Roads & Highways,Telangana,1/1/2022,5/1/2024,1149.17,787.9,99.98,68.5625,1606.99,457.82,39.8392,1,6/1/2026,761,25,1
618946,4L of Mehgama - Hansdiha from km. 41.900 to km. 93.000 of NH -133A Pkg-II (National Highways Authority of India [NHAI]) (618946) (N24002057) (10684),Ministry of Road Transport & Highways,Roads & Highways,Jharkhand,5/1/2023,5/1/2025,1479.72,878.21,99.5,59.3497,1568.18,88.46,5.9782,1,6/1/2026,396,13.01,1
618947,4L of NH-80 from km 215.00 to km 260.00 Mirza Chauki to Farkka Pkg-I (National Highways Authority of India [NHAI]) (618947) (N24001596) (10685),Ministry of Road Transport & Highways,Roads & Highways,Jharkhand,12/1/2021,7/1/2023,1504.8,804.77,91.83,53.4802,1508.21,3.41,0.2266,1,12/1/2026,1249,41.03,1
618948,4L of NH-80 section of Mirza Chauki to Farakka section from existing km 190.00 to design km 200.75 junction at km 3.100 of NH 133 B and from existing km 260.00 to existing km 283.00 design km 274.133 in the state of Jharkhand package - II (National Highways Authority of India [NHAI]) (618948) (-) (-),Ministry of Road Transport & Highways,Roads & Highways,"Multi-States (Jharkhand, West Bengal)",2/1/2026,1/1/2028,782.18,44.31,4.44,5.6649,782.18,0,0,0,1/1/2028,0,0,0
618949,4L of Basukinath- Deoghar Section of NH-114A (National Highways Authority of India [NHAI]) (618949) (N24002055) (10686),Ministry of Road Transport & Highways,Roads & Highways,Jharkhand,12/1/2023,12/1/2025,1444.94,652.67,86.44,45.1693,1553.76,108.82,7.5311,1,8/1/2026,243,7.98,1
618950,Construction of Bypass to NH-114A Connecting NH-333 and NH-133 Deoghar Bypass from design km 0.000 to design Km 49.000 (National Highways Authority of India [NHAI]) (618950) (-) (-),Ministry of Road Transport & Highways,Roads & Highways,Jharkhand,1/1/2026,1/1/2028,1565.47,49.08,6.55,3.1352,1565.47,0,0,0,1/1/2028,0,0,0
618951,Hariharganj to Parwa Mode section from km 23.284 to km 57.049 of NH-98 (National Highways Authority of India [NHAI]) (618951) (N24001589) (10687),Ministry of Road Transport & Highways,Roads & Highways,"Multi-States (Bihar, Jharkhand)",3/1/2022,2/1/2024,1125.78,609.94,91.3,54.1793,1186.56,60.78,5.3989,1,6/1/2026,851,27.96,1
618952,4L of Sahibganj - Manihari Ganga Bridge including Manihari Bypass (National Highways Authority of India [NHAI]) (618952) (N24000714) (10688),Ministry of Road Transport & Highways,Roads & Highways,"Multi-States (Bihar, Jharkhand)",11/1/2020,10/1/2024,1954.77,1862.87,85.96,95.2987,1978.01,23.24,1.1889,1,12/1/2026,791,25.99,1
618953,Umagaon-Saharsa Package-IV Koshi Bridge & approach Road - Bheja-Bakaur (NHAI) (618953) (N24001371) (10689),Ministry of Road Transport & Highways,Roads & Highways,Bihar,2/1/2020,8/1/2023,1199.58,1147.24,91.14,95.6368,1223.94,24.36,2.0307,1,3/1/2027,1308,42.97,1
618954,Umagaon - Saharsa Package - I Combined Umagaon-Kaluahi0.000KM to 21.609Km of NH227LSaharghat-Rahika0.000 Km to 26.130KM of NH227JRahika-Rampatti 0.00 KM to 15.00KM of NH527ABideshwarsthan-Bheja0.000KM to 25.915KM of NH527A. (NHAI) (618954) (-) (10690),Ministry of Road Transport & Highways,Roads & Highways,Bihar,1/1/2025,7/1/2027,1473.2,587.15,17.45,39.8554,1703.02,229.82,15.6001,1,7/1/2027,0,0,0
618955,2L PS of Majhauli to Charout section from km. 0.00 to km. 63.655 (NHAI) (618955) (N24000813) (10691),Ministry of Road Transport & Highways,Roads & Highways,Bihar,11/1/2019,11/1/2021,638.29,622.86,99.8,97.5826,1067.51,429.22,67.2453,1,6/1/2026,1673,54.97,1
618956,Construction of Major Bridge over Baghmati and Lakhandei River along with Approaches from Design km.16.500 to km.21.500 (NHAI) (618956) (-) (-),Ministry of Road Transport & Highways,Roads & Highways,Bihar,10/1/2024,4/1/2027,498.97,43.95,22.4,8.8081,380.3,-118.67,-23.783,0,4/1/2027,0,0,0
618957,4 laning of Champa - Korba from km 0.00 to km 38.2 (National Highways Authority of India [NHAI]) (618957) (-) (10692),Ministry of Road Transport & Highways,Roads & Highways,Chhattisgarh,1/1/2022,1/1/2024,1002.33,781.21,98.75,77.9394,1304.47,302.14,30.1438,1,6/1/2026,882,28.98,1
618958,2L with ES of Yagyi - Kalewa section from Milepost 40/0 to Milepost 115/5 in Myanmar (National Highways Authority of India [NHAI]) (618958),Ministry of Road Transport & Highways,Roads & Highways,Assam,5/1/2018,6/1/2023,1200.14,0,52,0,1200.14,0,0,0,7/1/2027,1491,48.99,1
618959,4L Prayagraj Greenfield By-pass from design Km 50860 near Nibi Kala Uperhar to design Km 64763 on NH-19 near Khodaypur Kasgaon including Interchange loop at NH-19 (National Highways Authority of India [NHAI]) (618959) (N24002106) (-),Ministry of Road Transport & Highways,Roads & Highways,Uttar Pradesh,12/1/2023,3/1/2025,1017.99,406.6,100,39.9415,427.54,-590.45,-58.0016,0,,,,
618960,4 Lane Inner Ring Road around Allahabad City Pkg-2 Prayagraj Southern Bypass 43.200 - 50.860 (National Highways Authority of India [NHAI]) (618960) (N24002105) (10694),Ministry of Road Transport & Highways,Roads & Highways,Uttar Pradesh,12/1/2023,6/1/2026,1377.51,425.91,42.76,30.9188,1007.62,-369.89,-26.8521,0,6/1/2027,365,11.99,1
618961,4 Lane Inner Ring Road around Allahabad City Pkg-1 Prayagraj Southern Bypass 34.400 43.200 (National Highways Authority of India [NHAI]) (618961) (-) (-),Ministry of Road Transport & Highways,Roads & Highways,Uttar Pradesh,12/1/2025,12/1/2027,775.94,21.22,9.18,2.7347,498.97,-276.97,-35.6948,0,12/1/2027,0,0,0
618962,4L of Budhni to Shahganj Bypass End Package-III of NH-146B from Km. 73.750 to Km. 102.000 (National Highways Authority of India [NHAI]) (618962) (-) (10695),Ministry of Road Transport & Highways,Roads & Highways,Madhya Pradesh,8/1/2025,8/1/2027,1102.97,93.7,22.4,8.4952,770.21,-332.76,-30.1695,0,5/1/2027,-92,-3.02,0
618963,Construction work of 4-laning of Shahganj bypass end to Badi Package-IV of NH-146B from design km 102.000 to design km 142.357 Design length 40.357 km (National Highways Authority of India [NHAI]) (618963) (-) (10696),Ministry of Road Transport & Highways,Roads & Highways,Madhya Pradesh,3/1/2025,3/1/2027,784.14,318.13,44.37,40.5706,836.64,52.5,6.6952,1,3/1/2027,0,0,0
618964,4 Laning of Sandalpur to Nasrullaganj Pkg-1 section of NH-146B Length 43.2 Km. (National Highways Authority of India [NHAI]) (618964) (-) (-),Ministry of Road Transport & Highways,Roads & Highways,Madhya Pradesh,1/1/2026,1/1/2028,1425.98,69.44,10.3,4.8696,1425.98,0,0,0,1/1/2028,0,0,0
618966,Six laning with both sides Service Road of Ayodhya Bypass from Design Km 0000 near Ashram Tiraha on NH-46 to Km 16439 end at Ratnagiri Tiraha on Nh-146 (National Highways Authority of India [NHAI]) (618966) (-) (10697),Ministry of Road Transport & Highways,Roads & Highways,Madhya Pradesh,8/1/2025,8/1/2027,1123.17,119.13,16.26,10.6066,1103.22,-19.95,-1.7762,0,8/1/2027,0,0,0
618967,Upgradation and Strengthening of Chenani to Nashri Section via Patnitop of NH244 from Km 0.000 to Km 39.100 (National Highways Authority of India [NHAI]) (618967) (-) (-),Ministry of Road Transport & Highways,Roads & Highways,Jammu and Kashmir,8/1/2024,8/1/2026,295.06,175.97,64,59.6387,295.06,0,0,0,3/1/2027,212,6.97,1
618968,6L access control Greenfield highway of Vill-Khyawari to Vill-Latifpur at Saharanpur Bypass from Km. 82.000 to Km. 119.790 Pkg-4 (National Highways Authority of India [NHAI]) (618968) (N24001735) (10698),Ministry of Road Transport & Highways,Roads & Highways,Uttar Pradesh,9/1/2022,9/1/2024,1428.19,1221.16,97.5,85.504,1439.35,11.16,0.7814,1,6/1/2026,638,20.96,1
618969,4/6L of Spur to Haridwar Greenfield from Km. 0.000 to Km. 50.70 (National Highways Authority of India [NHAI]) (618969) (N24001628) (10699),Ministry of Road Transport & Highways,Roads & Highways,"Multi-States (Uttar Pradesh, Uttarakhand)",2/1/2023,2/1/2025,2155.95,1482.54,91.6,68.765,2612.3,456.35,21.167,1,9/1/2026,577,18.96,1
618970,6L access control Greenfield highway of Vill-Lohadda to Vill-Karaunda Mahajan from Km. 27.000 to Km. 56.500 Pkg-2 (National Highways Authority of India [NHAI]) (618970) (N24001734) (10700),Ministry of Road Transport & Highways,Roads & Highways,Uttar Pradesh,9/1/2022,9/1/2024,1335.45,1021.32,92.89,76.4776,1335.38,-0.07,-0.0052,0,6/1/2026,638,20.96,1
618971,Pune Metro Rail Project Phase-2 Corridor 2A Vanaz to Chandani Chowk and Corridor 2B Ramwadi to Wagholi/Vitthalwadi (Maharashtra Metro Rail Corporation Limited [MMRCL]) (618971) (-) (10784),Ministry of Housing & Urban Affairs,Urban Public Transport,Maharashtra,7/1/2025,7/1/2029,3626.24,3.33,1.45,0.0918,3626.24,0,0,0,,,,
618972,Devbhumi Dwarka [Okha] - Kanalus Doubling (Western Railway [WR] - II) (618972) (-) (10792),Ministry of Railways,Railways,Gujarat,12/1/2025,12/1/2028,1456.77,0.28,0,0.0192,1456.77,0,0,0,,,,
618976,"Gadarwara Super Thermal Power Project, Stage-II [2x800 MW] (National Thermal Power Corporation [NTPC]) (618976) (-) (10793)",Ministry of Power,Electricity Generation,Madhya Pradesh,5/1/2025,3/1/2030,20446,1945.1,8.2,9.5134,20446,0,0,0,5/1/2030,61,2,1
618977,"Development of New Greenfield Airport at Bundi, Kota Rajasthan. (Airport Authority of India [AAI]) (618977) (-) (10781)",Ministry of Civil Aviation,Aviation & Aviation Infrastructure,Rajasthan,10/1/2025,10/1/2027,1507,46.66,13.1,3.0962,1507,0,0,0,11/1/2027,31,1.02,1
618978,Gondia - Dongargarh 4th line [84 Km] (South Eastern Central Railway) (618978) (-) (10723),Ministry of Railways,Railways,"Multi-States (Chhattisgarh, Maharashtra)",10/1/2025,10/1/2030,2222.53,0,0,0,2222.53,0,0,0,,,,
618981,810 MW Solar Power Project - Rajasthan (NLC India Limited [NLCIL]) (618981) (-) (10776),Ministry of Coal,Electricity Generation,Rajasthan,9/1/2025,3/1/2028,4147.07,224.77,0,5.42,4147.07,0,0,0,,,,
618982,Talabira II & III OCP - FMC (NLC India Limited [NLCIL]) (618982) (-) (10777),Ministry of Coal,Coal,Odisha,5/1/2023,6/1/2026,522.45,324.74,73.65,62.1571,522.45,0,0,0,12/1/2026,183,6.01,1
618985,Pune Metro Rail Project Phase-2 Line-4 Kharadi to Khadakwasla with Spur Line 4A Nal Stop - Warje - Manikbaug (Maharashtra Metro Rail Corporation Limited [MMRCL]) (618985) (-) (10785),Ministry of Housing & Urban Affairs,Urban Public Transport,Maharashtra,12/1/2025,12/1/2030,9857.85,5.49,0.52,0.0557,9857.85,0,0,0,,,,
618986,Furkating-New Tinsukia[194 Km] (Northeast Frontier Railway [NFR]) (618986),Ministry of Railways,Railways,Assam,9/1/2025,6/1/2029,3633.58,0,0,0,3633.58,0,0,0,,,,
618991,200 MW SPP part of 510 MW CPSU scheme (NLC India Limited [NLCIL]) (618991) (-) (10796),Ministry of Coal,Electricity Generation,Gujarat,3/1/2024,12/1/2026,1221.41,64.03,0,5.2423,1221.41,0,0,0,,,,
618992,100 MW SPP part of SECI 150 MW Hybrid (NLC India Limited [NLCIL]) (618992) (-) (-),Ministry of Coal,Electricity Generation,Gujarat,4/1/2024,12/1/2026,480.68,2.62,1.2,0.5451,480.68,0,0,0,,,,
618995,New Line between Junagarh - Nabarangpur [116.21 Km] (Indian Railway) (618995) (-) (10798),Ministry of Railways,Railways,Odisha,8/1/2025,8/1/2030,2864.51,1.06,0,0.037,2864.51,0,0,0,,,,
619003,Solan - Kaithlighat Section of NH-22 Now NH-5 from Km. 106.139 to Km.129.05 (National Highways Authority of India [NHAI]) (619003) (N24000852) (10804),Ministry of Road Transport & Highways,Roads & Highways,Himachal Pradesh,11/1/2018,5/1/2021,881.74,679.91,90.11,77.11,1519.53,637.79,72.3331,1,11/1/2026,2010,66.04,1
619004,"Construction of Dubrajpur Bypass with 4-lane configuration of length 5.676 km on NH- 60 new NH-14 from design chainage 0.00 existing km 316.135 on NH-60 to design chainage 5.676 existing km 320.980 on NH-60 in the district of Birbhum, West Bengal under Annual Plan 2022-23 in EPC Mode- reg. Job. No. 014-WB-2022- 23/518 . (MoRTH) (619004) (-) (10805)",Ministry of Road Transport & Highways,Roads & Highways,West Bengal,12/1/2025,12/1/2027,560.79,0,4,0,560.79,0,0,0,12/1/2027,0,0,0
619005,Construction of bypass around Chatra Town on NH-22 old NH-99 in the state of Jharkhand under EPC Mode (MoRTH) (619005) (-) (-),Ministry of Road Transport & Highways,Roads & Highways,Jharkhand,1/1/2026,1/1/2028,235.42,0,12,0,199.2,-36.22,-15.3853,0,1/1/2026,-730,-23.98,0
619008,Rehabilitation and Up gradation of Charthana Jintur Section of NH 752 I Km 25100 to 47100 to 2 Lane with Paved Shoulder configuration Flexible Pavement in the state of Maharashtra on EPC mode. Reg- Resubmission of Annual Plan Estimate. (MoRTH) (619008) (-) (-),Ministry of Road Transport & Highways,Roads & Highways,Maharashtra,1/1/2026,7/1/2027,157.69,0,51,0,157.69,0,0,0,7/1/2026,-365,-11.99,0
619009,Upgradation to Two Lane with Paved Shoulders from Km 0.000 to Km 41.920 Green Field Alignment of Gowrelly to Valigonda Section of NH-930P in the State of Telangana on EPC Mode under Annual Plan 2022-23 (MoRTH) (619009) (-) (12154),Ministry of Road Transport & Highways,Roads & Highways,Telangana,5/1/2026,4/1/2028,690.33,0,0,0,690.33,0,0,0,3/1/2028,-31,-1.02,0
619010,Up-gradation to 2 lane with paved shoutders of Pawlrang - Rulchawm section- of NH-102B of Aizawl - Imphal Economic Corridor from Existing Chainage km 72.030 to km 104.129 including 2.459 km re-alignment section from Tuivai River to Rulchawm connecting km 48.150 of NH-6 [Design Chainage km 68.170 to km 98.579] in the State of Mizoram under Bharatmala Pariyojna on EPC mode under NHO-NE Package-3 Keifang- Tuivai Pkg-3 (NHIDCL) (619010),Ministry of Road Transport & Highways,Roads & Highways,Mizoram,11/1/2023,5/1/2025,500.88,305.45,75.35,60.9827,500.88,0,0,0,7/1/2025,61,2,1
619013,"Construction of Balance Work of 4-Laning of the Section from Jhanji to Demow of NH-37 Old from Km 501.800 to Km 514.800 13.000 Km, under SARDP- NE under EPC Mode in the state of Assam Pkg-II Road Works (NHIDCL) (619013)",Ministry of Road Transport & Highways,Roads & Highways,Assam,10/1/2024,1/1/2026,508.76,58.12,47.34,11.4239,542.87,34.11,6.7045,1,,,,
619014,"lmprovement and Widening to 2 lane with paved Shoulder of NH-15 old NH-52 from Existing Km 770.600 Design Km 24.819 to Existing km 805.750 Design Km 59.885 Kamlang T-Junction to Chowkham, Existing Length 35.150 Km, Design Length-35.066 Km in the state of Arunachal Pradesh on EPC mode Pkg-2 (NHIDCL) (619014)",Ministry of Road Transport & Highways,Roads & Highways,Arunachal Pradesh,2/1/2026,2/1/2028,316.73,0,1.71,0,316.73,0,0,0,,,,
619022,"Metro connectivity from Millennium City Centre to Cyber City with Spur to Dwarka Expressway, Gurugram. (Gurugram Metro Rail Limited [GMRL]) (619022) (-) (11535)",Ministry of Housing & Urban Affairs,Urban Public Transport,Haryana,8/1/2024,7/1/2027,5452.72,159.67,4.3,2.9283,5452.72,0,0,0,,,,
619024,Mahan Transmission Limited (Adani Transmission Limited) (619024) (-) (11556),Ministry of Power,Transmission & Distribution,Madhya Pradesh,3/1/2025,4/1/2027,3125.32,317.79,18,10.1682,3125.32,0,0,0,,,,
619025,RAJASTHAN PART I POWER TRANSMISSION LIMITED (Adani Transmission Limited) (619025) (-) (11607),Ministry of Power,Transmission & Distribution,"Multi-States (Madhya Pradesh, Rajasthan, Uttar Pradesh)",1/1/2025,7/1/2029,25000,426.05,4,1.7042,25000,0,0,0,,,,
619026,KPSIII HVDC Transmission Limited (Adani Transmission Limited) (619026) (-) (11610),Ministry of Power,Transmission & Distribution,Gujarat,12/1/2025,12/1/2029,19000,20,1,0.1053,19000,0,0,0,,,,
619027,WRNES Talegaon Power Transmission Limited (Adani Transmission Limited) (619027) (-) (11611),Ministry of Power,Transmission & Distribution,Maharashtra,5/1/2025,1/1/2028,2000,36,5,1.8,2000,0,0,0,,,,
619028,Augmentation of 1x500 MVA 400/220kV ICT [3rd] at Thrissur VSC HVDC Station in Kerala (Power Grid Corporation of India Limited [POWERGRID]) (619028) (-) (-),Ministry of Power,Transmission & Distribution,Kerala,8/1/2025,8/1/2027,173.14,2.08,1.5,1.2013,173.14,0,0,0,,,,
619029,Transmission System for Reliable Power Supply to Dholera (Power Grid Corporation of India Limited [POWERGRID]) (619029) (-) (-),Ministry of Power,Transmission & Distribution,Gujarat,9/1/2024,3/1/2026,319.42,51.1,21,15.9977,319.42,0,0,0,12/1/2026,275,9.03,1
619030,Inter-Regional Strengthening between SR Grid and ER Grid (Power Grid Corporation of India Limited [POWERGRID]) (619030) (-) (11590),Ministry of Power,Transmission & Distribution,"Multi-States (Andhra Pradesh, Odisha)",2/1/2026,8/1/2028,2722.5,13.4,1,0.4922,2722.5,0,0,0,,,,
619031,Delhi Metro Rail Phase V A (Delhi Metro Rail Corporation Limited [DMRC]) (619031) (-) (11591),Ministry of Housing & Urban Affairs,Urban Public Transport,Delhi,1/1/2026,12/1/2028,12014.91,256.11,5.55,2.1316,12014.9,-0.01,-0.0001,0,,,,
619032,JAYANT EXPN. [20 TO 38 MTPA] (Northern Coalfields Limited [NCL]) (619032) (-) (11593),Ministry of Coal,Coal,Madhya Pradesh,2/1/2025,3/1/2032,25560.48,186.68,1.6,0.7303,25560.5,0.02,0.0001,1,,,,
619033,"1000 seater Boys hostel, 500 seater Girls hostel, 1.5 MLD Sewage Treatment Plant and Faculty Residence - 72 nos. Flats (NIT Rourkela) (619033) (-) (-)",Department of Higher Education,Education,Odisha,1/1/2024,6/1/2026,198.97,42.55,43,21.3851,198.97,0,0,0,,,,
619038,Construction/upgradation to 2-lane with paved shoulder from Design Km 95.55 Bandarkoot to Km. 111.06 Chattroo of 15.52 Km length on Khellani-Kishtwar-Chattroo section on NH-244 in UT of Jammu and Kashmir on EPC Mode Pkg-5 (NHIDCL) (619038) (N24001396) (-),Ministry of Road Transport & Highways,Roads & Highways,Jammu and Kashmir,8/1/2021,2/1/2023,497.09,245.25,99.97,49.3371,497.09,0,0,0,3/1/2026,1124,36.93,1
619042,"Construction of six lane Flyover at Katraj junction at Km, 3/880 of NH 548-DD Vadgaon - Katraj - Kondhwa - Mantarwadi Chowk - Loni Kalbhor - Theur Phata - Lonikand Road in Pune Dist of the State of Maharashtra. On Engineering Procurement and construction EPC Basis mode L.1.326 Km, (MoRTH) (619042) (N24001907) (-)",Ministry of Road Transport & Highways,Roads & Highways,Maharashtra,3/1/2022,2/1/2026,163.51,0,83.19,0,163.51,0,0,0,2/1/2023,-1096,-36.01,0
619045,Construction of New Double Tier 4L Elevated Corridor from Chennai Port to Maduravoyal in Chennai District from km -0.342 to Km 20.593 and Package IV from Km 14.185 to Km 20.593 (National Highways Authority of India [NHAI]) (619045) (-) (11596),Ministry of Road Transport & Highways,Roads & Highways,Tamil Nadu,11/1/2023,5/1/2026,1205.4,62.01,8.58,5.1444,1210.21,4.81,0.399,1,3/1/2029,1035,34,1
619049,Khavda IVA Power Transmission Limited (Adani Transmission Limited) (619049) (-) (12526),Ministry of Power,Transmission & Distribution,Gujarat,8/1/2024,8/1/2026,4500,2263.7,60,50.3044,4500,0,0,0,,,,
619051,"Nabinagar Super Thermal Power Project, Stage-II [3x800 MW] (National Thermal Power Corporation [NTPC]) (619051) (-) (11614)",Ministry of Power,Electricity Generation,Bihar,3/1/2025,7/1/2030,29948,2865.29,11.45,9.5676,29948,0,0,0,9/1/2030,62,2.04,1
619052,LUCKNOW METRO RAIL PROJECT PHASE-1B EAST WEST CORRIDOR (Uttar Pradesh metro rail corporation [UPMRC]) (619052) (-) (11609),Ministry of Housing & Urban Affairs,Urban Public Transport,Uttar Pradesh,5/1/2026,4/1/2031,5801.05,0,1.1,0,5801.05,0,0,0,,,,
619053,RPR FOR RAMPUR BATURA OCP (SECL - CIL) (619053) (-) (11612),Ministry of Coal,Coal,Madhya Pradesh,5/1/2025,3/1/2030,1604.69,74.71,0.3,4.6557,1604.69,0,0,0,,,,
619054,Development of Keshod Airport. (Airport Authority of India [AAI]) (619054) (-) (-),Ministry of Civil Aviation,Aviation & Aviation Infrastructure,Gujarat,7/1/2025,1/1/2027,363.1,87.88,38.18,24.2027,363.1,0,0,0,,,,
619055,SAONER-III EXPN UG MINE 1.54 (Western Coalfields Limited [WCL]) (619055) (-) (-),Ministry of Coal,Coal,Maharashtra,8/1/2025,3/1/2032,444.42,0,0,0,444.42,0,0,0,,,,
619056,"Darlipali Super Thermal Power Project, Stage-II [1x800 MW] (National Thermal Power Corporation [NTPC]) (619056) (-) (11833)",Ministry of Power,Electricity Generation,Odisha,11/1/2025,1/1/2031,11131,472.8,2.35,4.2476,11131,0,0,0,5/1/2031,120,3.94,1
619057,Construction of 4-Lane Badarpur Bypass from Design Chainage km 27300 at crossing with NH-6 Old NH-44 Near Siddeswar Pt.-I Village to Design Chainage km 38600 on NH-37 Old NH-44 at Kandigram Chaita Village on Silchar - Churaibari stretch in the State of Assam on EPC Mode under Bharatmala Pariyojana in Economic Corridors Silchar- Churaibari Pkg-3 (NHIDCL) (619057),Ministry of Road Transport & Highways,Roads & Highways,Assam,2/1/2024,8/1/2026,574.26,316.52,71.09,55.1179,574.26,0,0,0,8/1/2026,0,0,0
619059,Construction of 2-Lane with hard shoulders of Merangkong-Tamlu-Mon Road on EPC Basis from existing road Km. 76.640 to Km 98.065 Design chainage Km. 63.800 to Km. 86.835 Design Length-23.035 Km in the state of Nagaland under SARDP-NE PKG-IV Balance work (NHIDCL) (619059),Ministry of Road Transport & Highways,Roads & Highways,Nagaland,9/1/2023,9/1/2025,323.98,70.48,75.05,21.7544,323.98,0,0,0,12/1/2026,456,14.98,1
619060,"Construction of Balance Work of 4-Laning of the Section from Jhanji to Demow of NH-37 Old from Km 514.800 to Km 534.800 20.000 Km, under SARDP- NE under EPC Mode in the state of Assam Pkg-III Road Works (NHIDCL) (619060)",Ministry of Road Transport & Highways,Roads & Highways,Assam,10/1/2024,9/1/2025,344.71,46.37,62.9,13.4519,619.7,274.99,79.7743,1,,,,
619061,Construction of 4 lane with PS Idar-Badoli bypass section from design km 81/300 to km 95/500 of NH 168G in the State of Gujarat (MoRTH) (619061) (-) (-),Ministry of Road Transport & Highways,Roads & Highways,Gujarat,5/1/2026,5/1/2028,705.09,0,2,0,705.09,0,0,0,5/1/2028,0,0,0
619063,4L Greenfield spur from Delhi-Vadodara Greenfield expressway near Bandikui to Jaipur (National Highways Authority of India [NHAI]) (619063) (N24001557) (11758),Ministry of Road Transport & Highways,Roads & Highways,Rajasthan,11/1/2022,11/1/2024,1636.15,1278.04,100,78.1126,2170.39,534.24,32.6523,1,6/1/2026,577,18.96,1
619064,Vadodara Mumbai Expressway Talsari to Karvad Phase IB - Pkg X [Km 103.400 to Km 128.000] (National Highways Authority of India [NHAI]) (619064) (N24001786) (11759),Ministry of Road Transport & Highways,Roads & Highways,"Multi-States (Dadra & Nagar Haveli and Daman & Diu, Gujarat, Maharashtra)",3/1/2022,3/1/2024,1909.74,672.44,36.23,35.2111,2652.24,742.5,38.8796,1,12/1/2027,1370,45.01,1
619066,Delhi-Amritsar-Katra Expressway Phase-II Pkg-XIV from Junction with Pathankot- Gurdaspur road NH-54 near Balsua to Junction with Hiranagar Road near village Gurha Baildaran km 423500 to km 468100 (National Highways Authority of India [NHAI]) (619066) (N24001551) (11761),Ministry of Road Transport & Highways,Roads & Highways,"Multi-States (Jammu and Kashmir, Punjab)",9/1/2022,9/1/2024,3044.02,1551.47,83.6,50.9678,3707.91,663.89,21.8096,1,10/1/2026,760,24.97,1
619067,6L of Chiloda-Naroda section from Km. 540.595 to Km. 555.595 of NH-8Package-VII (National Highways Authority of India [NHAI]) (619067) (-) (-),Ministry of Road Transport & Highways,Roads & Highways,Gujarat,5/1/2017,5/1/2019,356.6,104.04,100,29.1755,463.03,106.43,29.8458,1,6/1/2026,2588,85.03,1
619068,Construction of Greenfield Connectivity to Jewar International Airport from DND- Faridabad-Ballabhgarh Bypass KMP Link - Spur to Delhi Mumbai Expressway (National Highways Authority of India [NHAI]) (619068) (N24002048) (11762),Ministry of Road Transport & Highways,Roads & Highways,"Multi-States (Haryana, Uttar Pradesh)",6/1/2023,6/1/2025,2920.69,1089.34,69.77,37.2974,3485.77,565.08,19.3475,1,4/1/2027,669,21.98,1
619069,Satara Km 725.000 to Pune Km 865.350 of NH - 4 New NH - 48 in Maharashtra (National Highways Authority of India [NHAI]) (619069) (-) (-),Ministry of Road Transport & Highways,Roads & Highways,Maharashtra,10/1/2010,5/1/2022,361.72,68.63,99.05,18.9732,425.51,63.79,17.6352,1,6/1/2026,1492,49.02,1
619071,Tumkur - Nelamangala 6L (National Highways Authority of India [NHAI]) (619071) (N24001681) (11763),Ministry of Road Transport & Highways,Roads & Highways,Karnataka,8/1/2022,8/1/2025,2032.15,598.88,60.74,29.4703,1664.2,-367.95,-18.1064,0,3/1/2027,577,18.96,1
619072,Bangalore/TN border to Hoskote (National Highways Authority of India [NHAI]) (619072) (N24001674) (11764),Ministry of Road Transport & Highways,Roads & Highways,Karnataka,2/1/2023,2/1/2025,1181.68,799.85,94.89,67.6875,1297.76,116.08,9.8233,1,8/1/2026,546,17.94,1
619073,4L of 42.000 to km 80.00 of Dodaballapur Bypass to Hoskote section of NH-648 Old NH-207 [Bangalore Ring Road Pkg 2] (National Highways Authority of India [NHAI]) (619073) (-) (11765),Ministry of Road Transport & Highways,Roads & Highways,Karnataka,2/1/2021,2/1/2023,1317.74,1028.28,99.2,78.0336,1846.52,528.78,40.1278,1,7/1/2026,1246,40.94,1
619074,6-laning of Krishnagiri Km.0.000 to Walajahpet Km.148.300 section on NH-46 under NHDP-V (National Highways Authority of India [NHAI]) (619074) (-) (-),Ministry of Road Transport & Highways,Roads & Highways,Tamil Nadu,6/1/2011,12/1/2013,1673.17,270.37,99.99,16.1591,781.74,-891.43,-53.2779,0,6/1/2026,4565,149.98,1
619075,6L of Bhubaneswar - Jagatpur - Chandikhole Section of NH-16 (National Highways Authority of India [NHAI]) (619075) (-) (-),Ministry of Road Transport & Highways,Roads & Highways,Odisha,12/1/2011,6/1/2014,639.3,52.23,97.48,8.1699,632.89,-6.41,-1.0027,0,5/1/2026,4352,142.98,1
619076,Six Laning of Vijayawada Bypass from Chinna Avutapalli to Gollapudi in Vijayawada - Gundugolanu Section from km. 0.00 to km. 30.00 Pkg-III (National Highways Authority of India [NHAI]) (619076) (-) (11766),Ministry of Road Transport & Highways,Roads & Highways,Andhra Pradesh,2/1/2021,2/1/2023,1581.24,939.5,98.2,59.4154,1883.71,302.47,19.1287,1,9/1/2026,1308,42.97,1
619077,6 laning of Balance Work of Chennai - Tada from km. 21.40 to km. 54.40 (National Highways Authority of India [NHAI]) (619077) (-) (-),Ministry of Road Transport & Highways,Roads & Highways,"Multi-States (Andhra Pradesh, Tamil Nadu)",3/1/2018,3/1/2020,464.62,183.01,100,39.3892,472.37,7.75,1.668,1,6/1/2026,2283,75.01,1
619078,Six Laning of Bihar - Jharkhand Border Chordaha - Gorhar section of NH-2 from km 249.525 to km 320.810 (National Highways Authority of India [NHAI]) (619078) (N24000726) (11767),Ministry of Road Transport & Highways,Roads & Highways,"Multi-States (Bihar, Jharkhand)",6/1/2019,11/1/2021,1772.7,574.1,78,32.3856,1689.17,-83.53,-4.712,0,12/1/2026,1856,60.98,1
619080,4L PS of Ambala Ring Road of New NH-44 (National Highways Authority of India [NHAI]) (619080) (-) (11768),Ministry of Road Transport & Highways,Roads & Highways,Haryana,10/1/2023,10/1/2025,1093.35,429.94,83.75,39.3232,1225.41,132.06,12.0785,1,9/1/2026,335,11.01,1
619083,Thumbipadi-Namakkal from km. 180.00 to km. 248.625 Package No. NS-2/BOT/TN- 02 (National Highways Authority of India [NHAI]) (619083) (-) (-),Ministry of Road Transport & Highways,Roads & Highways,Tamil Nadu,8/1/2006,2/1/2009,255.53,206.64,100,80.8672,395.43,139.9,54.749,1,8/1/2026,6390,209.94,1
619084,Start of Karur Bypass - Dindigul from km. 292.600 to km. 305.600 Contract Package No. NS2/BOT/TN-4 (National Highways Authority of India [NHAI]) (619084) (-) (-),Ministry of Road Transport & Highways,Roads & Highways,Tamil Nadu,10/1/2006,4/1/2009,461.54,42.28,100,9.1606,515.03,53.49,11.5895,1,10/1/2026,6392,210,1
619086,Chengapalli km 102.035 to Neelambur Km144.680 and Madukkarai Km 170.880 to Walayar K183.010 Package No. NS-2/BOT/TN-08 (National Highways Authority of India [NHAI]) (619086) (-) (-),Ministry of Road Transport & Highways,Roads & Highways,Tamil Nadu,9/1/2010,3/1/2013,852,5.14,100,0.6033,285.55,-566.45,-66.4847,0,10/1/2026,4962,163.02,1
619087,Widening to 6L of Existing 4L Jetpur - Gondal - Rajkot Section from Km. 117.600 to Km. 185.00 on NH-27 (National Highways Authority of India [NHAI]) (619087) (N24002035) (11769),Ministry of Road Transport & Highways,Roads & Highways,Gujarat,9/1/2023,9/1/2025,2070.44,967.76,71.63,46.7418,1390.29,-680.15,-32.8505,0,1/1/2027,487,16,1
619089,Balance work of 4L of NarimbangloJatinga Junction- Harangajoroad section from Km 0.000 to Km 49.230 of NH-27 (NHAI) (619089),Ministry of Road Transport & Highways,Roads & Highways,Assam,1/1/2023,1/1/2026,1909.98,1340.44,94.59,70.1808,2745.74,835.76,43.7575,1,7/1/2026,181,5.95,1
619090,8L of Dwarka Expressway Pkg-II RuB near Dwarka Sector 21-DL/HR Border from 5.300 Km.to 9.500 Km. of NH-248BB (National Highways Authority of India [NHAI]) (619090) (N24001781) (11771),Ministry of Road Transport & Highways,Roads & Highways,Delhi,10/1/2019,10/1/2021,2067.67,1909.72,100,92.361,2670.22,602.55,29.1415,1,6/1/2026,1704,55.98,1
619092,4L of Jind-Gohana road Package-1 from km. 0.00 to km. 40.601 of NH-352 A under NHO (National Highways Authority of India [NHAI]) (619092) (-) (11772),Ministry of Road Transport & Highways,Roads & Highways,Haryana,7/1/2020,7/1/2022,994.22,623.73,99.97,62.7356,1606.82,612.6,61.6161,1,6/1/2026,1431,47.01,1
619093,4L Ismailabad to Ambala Section of NH-152 Lot-4/Package-1 (National Highways Authority of India [NHAI]) (619093) (-) (-),Ministry of Road Transport & Highways,Roads & Highways,"Multi-States (Haryana, Punjab)",12/1/2023,12/1/2025,609.32,191.74,72.7,31.4679,454.34,-154.98,-25.4349,0,2/1/2027,427,14.03,1
619094,Thorapalli - Agraharam - Jittandahalli Section from km 23.350 to km 60.100 [Hosur to Dhamrapuri Pkg-2] (National Highways Authority of India [NHAI]) (619094) (N24001694) (11773),Ministry of Road Transport & Highways,Roads & Highways,Tamil Nadu,12/1/2021,12/1/2023,1243.57,629.81,77.57,50.6453,1272.11,28.54,2.295,1,12/1/2026,1096,36.01,1
619095,Balance works of 4L Panvel Indapur section of NH66 old NH17 from km 42.300 kasu to km 84.600 Indapur (National Highways Authority of India [NHAI]) (619095) (N24001607) (-),Ministry of Road Transport & Highways,Roads & Highways,Maharashtra,11/1/2022,5/1/2024,546.44,420.53,81.63,76.9581,472.1,-74.34,-13.6044,0,6/1/2026,761,25,1
619096,Goa / Karnataka Km.93.700 to Kundapur Km.283.30 (National Highways Authority of India [NHAI]) (619096) (N24000462) (-),Ministry of Road Transport & Highways,Roads & Highways,Karnataka,3/1/2014,8/1/2016,1644.92,329.51,97.8,20.032,1990.99,346.07,21.0387,1,7/1/2026,3621,118.97,1
619097,Thalassery Mahe Bypass Km 170.600 to Km 189.200 of NH-17New NH-66 in Kerala (National Highways Authority of India [NHAI]) (619097) (-) (11775),Ministry of Road Transport & Highways,Roads & Highways,"Multi-States (Kerala, Puducherry)",12/1/2017,5/1/2020,1181.12,710.24,100,60.1328,1573.18,392.06,33.1939,1,6/1/2026,2222,73,1
619098,Kozhikode Bypass Calicut Bypass Vengalam Jn. to Ramanattukara Jn. (National Highways Authority of India [NHAI]) (619098) (N24000784) (11776),Ministry of Road Transport & Highways,Roads & Highways,Kerala,2/1/2021,2/1/2023,1424.77,1048.93,98.75,73.621,2139.18,714.41,50.1421,1,6/1/2026,1216,39.95,1
619099,6L Amritsar-Bathinda Greenfield section from Jn. with Moga Jalandhar road NH-703 near Dharamkot to Jn. with Bhagta Bhai Ka-Bhadaur Road near Dyalpura Bhai Ka from km 39.000 to km 93.000 of NH-754A Pkg-2 (National Highways Authority of India [NHAI]) (619099) (-) (11777),Ministry of Road Transport & Highways,Roads & Highways,Punjab,6/1/2024,6/1/2026,1801.37,614.74,64.41,34.1262,2172.71,371.34,20.6143,1,6/1/2027,365,11.99,1
619100,Dhangaon - Borgaon section km 81.000 to km 139.000 [Indore - Edlabad Pkg IV] (National Highways Authority of India [NHAI]) (619100) (-) (11778),Ministry of Road Transport & Highways,Roads & Highways,Madhya Pradesh,8/1/2021,8/1/2023,866,638.17,99.8,73.6917,1185.04,319.04,36.8406,1,8/1/2026,1096,36.01,1
619101,4L Shahpur to Muktainagar from Km. 186.000 to km 216.278 of NH 753L Pkg II of Boregaon Buzurg to Muktainagar (National Highways Authority of India [NHAI]) (619101) (-) (11779),Ministry of Road Transport & Highways,Roads & Highways,"Multi-States (Madhya Pradesh, Maharashtra)",3/1/2024,3/1/2026,784.35,329.11,64,41.9596,659.52,-124.83,-15.9151,0,10/1/2026,214,7.03,1
619102,4 L of China Orampadu-Renigunta section of NH-716 Package-II of Kadapa- Renigunta section (National Highways Authority of India [NHAI]) (619102) (-) (12087),Ministry of Road Transport & Highways,Roads & Highways,Andhra Pradesh,3/1/2026,3/1/2028,1500.11,0.17,0,0.0113,1500.11,0,0,0,3/1/2028,0,0,0
619103,4/6 Laning of Raipur-Simga Pkg-I from km. 0.00 to km. 48.58 (National Highways Authority of India [NHAI]) (619103) (-) (-),Ministry of Road Transport & Highways,Roads & Highways,Chhattisgarh,4/1/2016,4/1/2018,1096.52,105.97,100,9.6642,1172.36,75.84,6.9164,1,6/1/2026,2983,98,1
619104,4L/2L PS of Govindpur Raiganj - Chas - WB border section of from km. 0.00 to km. 56.889 of Old NH-32 (National Highways Authority of India [NHAI]) (619104) (-) (-),Ministry of Road Transport & Highways,Roads & Highways,"Multi-States (Jharkhand, West Bengal)",12/1/2017,12/1/2019,1139.65,6.64,99.84,0.5826,1154.8,15.15,1.3294,1,,,,
619105,6L Access Controlled Ludhiana-Bathinda Greenfield highway from Jn. with Moga- Barnala Road NH-703 near village Tallewal to Jn. with Delhi-Katra Expressway NE-5 near Ludhiana village Ballowal from Km 30.300 to Km 75.543 of NH-754AD Pkg-2 (National Highways Authority of India [NHAI]) (619105) (-) (11780),Ministry of Road Transport & Highways,Roads & Highways,Punjab,9/1/2025,9/1/2027,1555.13,217.96,23.18,14.0155,1564.66,9.53,0.6128,1,9/1/2027,0,0,0
619106,4 Lane with PS from Des. Ch 182.300 to Des. Ch. 228.500 of Belgaum-Hungund- Raichur Section of NH 748 A Package-5 (National Highways Authority of India [NHAI]) (619106) (-) (11781),Ministry of Road Transport & Highways,Roads & Highways,Karnataka,11/1/2024,11/1/2026,1141.88,223.35,35.52,19.5598,868.65,-273.23,-23.9281,0,8/1/2027,273,8.97,1
619107,4 Lane with PS from Des. Ch 136.100 to Des. Ch. 182.300 of Belgaum-Hungund- Raichur Section of NH-748A Package-4 (National Highways Authority of India [NHAI]) (619107) (-) (11782),Ministry of Road Transport & Highways,Roads & Highways,Karnataka,9/1/2025,9/1/2027,1311.41,47.55,10.35,3.6259,1123.35,-188.06,-14.3403,0,3/1/2028,182,5.98,1
619108,4 Lane with PS from Des. Ch 0.000 to Des. Ch. 43.800 of Belgaum-Hungund-Raichur Section of NH-748A Package-1 (National Highways Authority of India [NHAI]) (619108) (-) (11783),Ministry of Road Transport & Highways,Roads & Highways,Karnataka,6/1/2025,6/1/2027,1452.43,210.48,35.6,14.4916,1256.55,-195.88,-13.4864,0,9/1/2027,92,3.02,1
619109,6L of Badakumari - Karki Section from Km 179.000 to km 226.500 of NH-130-CD Package OD-3 (National Highways Authority of India [NHAI]) (619109) (N24001668) (11784),Ministry of Road Transport & Highways,Roads & Highways,Odisha,4/1/2022,4/1/2024,1101.76,641.61,99.7,58.235,1374.43,272.67,24.7486,1,7/1/2026,821,26.97,1
619111,6L Jakkuva Korlam Section of NH-130CD Road from km 396.800 to km 421.100 Pkg 2 (National Highways Authority of India [NHAI]) (619111) (N24001837) (11785),Ministry of Road Transport & Highways,Roads & Highways,Andhra Pradesh,3/1/2022,3/1/2024,840.51,573.89,99.32,68.2788,840.51,0,0,0,6/1/2026,822,27.01,1
619112,6L Kantakapalle Sabbavaram Section of NH-130CD Road from Km 445.100 to Km 464.662 Pkg-4 (National Highways Authority of India [NHAI]) (619112) (N24001836) (11786),Ministry of Road Transport & Highways,Roads & Highways,Andhra Pradesh,10/1/2022,10/1/2024,1012.57,569.75,81.06,56.2677,1012.57,0,0,0,12/1/2026,791,25.99,1
619114,Indore - Harda Pkg-II [Raghavgarh to Nanasa from km. 29.30 to km. 92.30] (National Highways Authority of India [NHAI]) (619114) (-) (11787),Ministry of Road Transport & Highways,Roads & Highways,Madhya Pradesh,3/1/2024,3/1/2026,1081.51,368.69,40.25,34.0903,1146.63,65.12,6.0212,1,11/1/2027,610,20.04,1
619117,Hassan km 184.912 to Maranahally km 230.060 of NH - 75 in Karnataka (National Highways Authority of India [NHAI]) (619117) (-) (-),Ministry of Road Transport & Highways,Roads & Highways,Karnataka,3/1/2017,3/1/2019,1021.57,698.85,97.8,68.4094,1091.4,69.83,6.8356,1,6/1/2026,2649,87.03,1
619118,Four Laning of Angul to Sambalpur from Km.112.000 to Km.265.000 (National Highways Authority of India [NHAI]) (619118) (N24000619) (-),Ministry of Road Transport & Highways,Roads & Highways,Odisha,3/1/2017,8/1/2019,2510.04,1199.04,99.98,47.7698,2632.91,122.87,4.8951,1,6/1/2026,2496,82,1
619119,Cuttack-Angul Section of NH-42 New NH-55 from km 0.400 to km 60.200 Pkg-I in the State of Odisha (National Highways Authority of India [NHAI]) (619119) (N24000715) (11789),Ministry of Road Transport & Highways,Roads & Highways,Odisha,1/1/2018,7/1/2020,999.32,513.53,99,51.3879,1178.31,178.99,17.9112,1,9/1/2026,2253,74.02,1
619120,Nidagatta-Mysore Pkg II (National Highways Authority of India [NHAI]) (619120) (-) (11790),Ministry of Road Transport & Highways,Roads & Highways,Karnataka,12/1/2019,6/1/2022,2919.8,2280.1,99.19,78.091,4113.89,1194.09,40.8963,1,7/1/2026,1491,48.99,1
619121,4L of Hubli - Hospet Section of NH-63 from Km 128.850 to Km 272.571 (National Highways Authority of India [NHAI]) (619121) (-) (-),Ministry of Road Transport & Highways,Roads & Highways,Karnataka,3/1/2017,3/1/2020,2531.99,1360.9,99.65,53.7482,3619.32,1087.33,42.9437,1,5/1/2026,2252,73.99,1
619122,Akshardham - DL/UP Border Pkg-01 (National Highways Authority of India [NHAI]) (619122) (N24001771) (11791),Ministry of Road Transport & Highways,Roads & Highways,"Multi-States (Delhi, Uttar Pradesh)",6/1/2022,12/1/2024,1479.22,1351.78,100,91.3846,1476.75,-2.47,-0.167,0,6/1/2026,547,17.97,1
619123,6L Access Controlled Greenfield Highway from Narayanmpet Ch. 203500 to Chandrasekharpuram Ch. 228000Package-10 (National Highways Authority of India [NHAI]) (619123) (N24002122) (11792),Ministry of Road Transport & Highways,Roads & Highways,Andhra Pradesh,2/1/2024,2/1/2026,813.66,196.9,65,24.1993,678.21,-135.45,-16.647,0,7/1/2027,515,16.92,1
619124,6L Access Controlled Greenfield Highway from Polavaram Ch. 260000 to Marripudi Ch. 285500 of [NH-544G]Package-12 (National Highways Authority of India [NHAI]) (619124) (N24002124) (11793),Ministry of Road Transport & Highways,Roads & Highways,Andhra Pradesh,2/1/2024,2/1/2026,747.29,227.97,70.2,30.5062,626.83,-120.46,-16.1196,0,5/1/2027,454,14.92,1
619125,6L Access Controlled Greenfield Highway from Somavarappadu Ch.314.600 to Muppavaram Ch.343240 of [NH-544G] Package-14 (National Highways Authority of India [NHAI]) (619125) (N24002126) (11794),Ministry of Road Transport & Highways,Roads & Highways,Andhra Pradesh,2/1/2024,2/1/2026,1103.9,207.82,44.1,18.826,943.66,-160.24,-14.5158,0,10/1/2027,607,19.94,1
619126,6L Access Controlled Greenfield Highway from Marripudi Ch. 285500 to Somavarappadu Ch. 314600 of [NH-544G] Package-13 (National Highways Authority of India [NHAI]) (619126) (N24002125) (11795),Ministry of Road Transport & Highways,Roads & Highways,Andhra Pradesh,2/1/2024,2/1/2026,976.41,332.94,73,34.0984,798.71,-177.7,-18.1993,0,4/1/2027,424,13.93,1
619127,4L of Greenfield Alignment from Km. 47.000 to Km. 89.210 of Balbhadarpur to Bela Nawda Section of NH-119D (NHAI) (619127) (-) (11796),Ministry of Road Transport & Highways,Roads & Highways,Bihar,3/1/2024,3/1/2026,2185.75,411.78,25.76,18.8393,2118.46,-67.29,-3.0786,0,3/1/2028,731,24.02,1
619128,Khammam-Devarapalle Pkg II [4L Access Controlled Greenfield from Somavaram village to Chintagudem village Design Chainage 33604 to 63117] (National Highways Authority of India [NHAI]) (619128) (N24001483) (11797),Ministry of Road Transport & Highways,Roads & Highways,Telangana,9/1/2022,9/1/2024,615.78,431.67,98.02,70.1013,981.64,365.86,59.4141,1,6/1/2026,638,20.96,1
619129,Mahabalipuram - Pondicherry Pkg-I [Mamallapuram to Mugaiyur] (National Highways Authority of India [NHAI]) (619129) (N24001721) (11798),Ministry of Road Transport & Highways,Roads & Highways,Tamil Nadu,5/1/2022,5/1/2024,1360.54,560.86,58.65,41.2233,1477.94,117.4,8.6289,1,1/1/2027,975,32.03,1
619130,Mahabalipuram - Pondicherry Pkg-II [Mugaiyur to Marakkanam] (National Highways Authority of India [NHAI]) (619130) (N24002111) (11799),Ministry of Road Transport & Highways,Roads & Highways,Tamil Nadu,12/1/2023,12/1/2025,1116.13,588.22,53.41,52.7017,1463.75,347.62,31.1451,1,3/1/2027,455,14.95,1
619131,Four Laning of Chettikulam to Natham section of NH-785 (National Highways Authority of India [NHAI]) (619131) (N24000826) (11800),Ministry of Road Transport & Highways,Roads & Highways,Tamil Nadu,11/1/2018,11/1/2020,837.61,169.32,99.75,20.2147,823.93,-13.68,-1.6332,0,6/1/2026,2038,66.96,1
619132,4/6L of Gurgaon - Pataudi - Rewari from km. 0.00 to km.43.87 of NH-352W (National Highways Authority of India [NHAI]) (619132) (N24001774) (11801),Ministry of Road Transport & Highways,Roads & Highways,Haryana,11/1/2021,11/1/2023,1810.04,608.36,76.69,33.6103,1917.5,107.46,5.9369,1,8/1/2026,1004,32.99,1
619134,6L of Ambala-Chandigarh greenfield section from Km. 0.000 to Km. 25.000 with 4L spur to Lalru from Km. 0.000 to Km. 5.828 & spur to PR-7 road from Km. 0.000 to Km. 11.157 (National Highways Authority of India [NHAI]) (619134) (N24002098) (11802),Ministry of Road Transport & Highways,Roads & Highways,"Multi-States (Haryana, Punjab)",10/1/2023,10/1/2025,1641.66,570.95,84.83,34.7788,1904.79,263.13,16.0283,1,9/1/2026,335,11.01,1
619136,Rehabilitation and Upgradation of Chorma - Bairgania Section of National Highway No 227F to 2 lane with paved shoulders from Design Ch.0.000 to Ch. 34.566 (National Highways Authority of India [NHAI]) (619136) (-) (11803),Ministry of Road Transport & Highways,Roads & Highways,Bihar,2/1/2024,1/1/2026,610.78,335.08,100,54.861,628.65,17.87,2.9258,1,6/1/2026,151,4.96,1
619138,Yekkambi-Haveri (National Highways Authority of India [NHAI]) (619138) (N24001682) (-),Ministry of Road Transport & Highways,Roads & Highways,Karnataka,3/1/2022,3/1/2024,309.9,82.28,23.84,26.5505,309.9,0,0,0,12/1/2027,1370,45.01,1
619139,Construction of New Double Tier 4L Elevated Corridor from Chennai Port to Maduravoyal in Chennai District from km -0.342 to Km 20.593 and Package III from Km 9.700 to Km 14.185 (National Highways Authority of India [NHAI]) (619139) (-) (11805),Ministry of Road Transport & Highways,Roads & Highways,Tamil Nadu,11/1/2023,5/1/2026,1299.36,152.42,17.24,11.7304,1299.36,0,0,0,3/1/2029,1035,34,1
619140,6L of Naidupeta Junction - Turpukanupur Section from km 57.046 to km 91.927 (National Highways Authority of India [NHAI]) (619140) (N24001981) (11806),Ministry of Road Transport & Highways,Roads & Highways,Andhra Pradesh,10/1/2023,10/1/2025,1398.84,334.61,48.9,23.9205,965.58,-433.26,-30.9728,0,10/1/2027,730,23.98,1
619141,Construction of four lane access controlled highway from Chillakuru cross road to Turpu KanupurPart 1 of Package - II km 0.000 131.500 of NH - 16 to km 23.770 on New NH-516W including six lane flyover and approaches on NH-16 length km 1.050 and six lane access controlled from Turpu Kanupur to Port South Gate Part 2 of Package - II km 23.770 to km 35.015 on New NH-516W in the state of Andhra Pradesh on HAM Mode under Bharatmala Pariyojana Phase I (National Highways Authority of India [NHAI]) (619141) (N24002033) (11807),Ministry of Road Transport & Highways,Roads & Highways,Andhra Pradesh,12/1/2023,12/1/2025,864.2,305.44,54.11,35.3437,844.39,-19.81,-2.2923,0,3/1/2026,90,2.96,1
619142,Construction of 4-lane connectivity to Banbasa ICP at India Nepal border from NH-09 old NH-125 Sitarganj-Tanakpur at Km 40.00 near Jagbuda bridge under Bharatmala Priyojana of NH-109D on EPC mode in the State of Uttarakhand (National Highways Authority of India [NHAI]) (619142) (-) (-),Ministry of Road Transport & Highways,Roads & Highways,Uttarakhand,3/1/2023,9/1/2024,216.97,165.81,75.24,76.4207,237.01,20.04,9.2363,1,4/1/2027,942,30.95,1
619143,4L Access Controlled Greenfield Highway section on NH-163G Khammam Vijayawada from BrahmanapalliK village at Design Ch. 250.400 Km to Remidicherla village at Design Ch. 280.200 KmPackage-II (National Highways Authority of India [NHAI]) (619143) (-) (11808),Ministry of Road Transport & Highways,Roads & Highways,"Multi-States (Andhra Pradesh, Telangana)",3/1/2025,3/1/2027,826.01,103.08,22.58,12.4793,862.58,36.57,4.4273,1,6/1/2027,92,3.02,1
619144,Hospet - Chitradurga from km. 299.00 to km. 418.750 (National Highways Authority of India [NHAI]) (619144) (-) (-),Ministry of Road Transport & Highways,Roads & Highways,Karnataka,2/1/2016,8/1/2018,1519.72,36.7,100,2.4149,387.48,-1132.24,-74.5032,0,6/1/2026,2861,94,1
619145,Four Laning of Una to Kodinar from km. 180.478 to km. 221.610 Package-V (National Highways Authority of India [NHAI]) (619145) (-) (-),Ministry of Road Transport & Highways,Roads & Highways,Gujarat,2/1/2017,8/1/2019,877.71,630.52,100,71.8369,1126.66,248.95,28.3636,1,3/1/2025,2039,66.99,1
619146,Kagvadar - Una Package-IV (National Highways Authority of India [NHAI]) (619146) (N24000569) (-),Ministry of Road Transport & Highways,Roads & Highways,Gujarat,3/1/2017,9/1/2019,750.53,363.42,97.93,48.4218,955.78,205.25,27.3473,1,6/1/2026,2465,80.99,1
619147,4L of Bal Works of Mahuva to Kagvadar from 100.450 Km. to 140.470 Km. of NH-8E Pkg- III (National Highways Authority of India [NHAI]) (619147) (N24001793) (11809),Ministry of Road Transport & Highways,Roads & Highways,Gujarat,3/1/2021,9/1/2022,603.08,624.41,99.71,103.5368,628.49,25.41,4.2134,1,1/1/2026,1218,40.02,1
619148,4L of Bhavnagar - Talaja Package-I from Km. 6.945 to Km. 54.990 of Old NH-8E (National Highways Authority of India [NHAI]) (619148) (-) (-),Ministry of Road Transport & Highways,Roads & Highways,Gujarat,2/1/2017,8/1/2019,1185.66,53.18,100,4.4853,1343.16,157.5,13.2837,1,,,,
619149,4L of Ratnagiri - Kolhapur section of NH-166 from km 0.000 to km 19.769 and km 31.000 to km 67.140 Pkg I (National Highways Authority of India [NHAI]) (619149) (N24001495) (11810),Ministry of Road Transport & Highways,Roads & Highways,Maharashtra,11/1/2022,11/1/2024,1774.03,809.19,93.75,45.6131,2108.41,334.38,18.8486,1,11/1/2026,730,23.98,1
619150,BRT Tiger Reserve Boundary Km.287.500 to Bangalore Section Km.458.420 of NH- 209 in Karnataka (National Highways Authority of India [NHAI]) (619150) (-) (-),Ministry of Road Transport & Highways,Roads & Highways,Karnataka,8/1/2017,8/1/2019,2082.69,730.48,99.7,35.0739,2859.93,777.24,37.319,1,7/1/2026,2526,82.99,1
619152,Bakhtiyarpur Km 153.300 to Mokama Km 197.900 (National Highways Authority of India [NHAI]) (619152) (N24000507) (-),Ministry of Road Transport & Highways,Roads & Highways,Bihar,6/1/2017,12/1/2019,1182.94,843.24,99.95,71.2834,1898.84,715.9,60.5187,1,6/1/2026,2374,78,1
619153,4L of HP/Punjab Border - Mo from km. 11.00 to km. 42.00 of Old NH-20 New NH-154 Package-IA (National Highways Authority of India [NHAI]) (619153) (N24001812) (11811),Ministry of Road Transport & Highways,Roads & Highways,Himachal Pradesh,5/1/2022,5/1/2024,1002.11,580.32,60.06,57.9098,1363.04,360.93,36.017,1,10/1/2026,883,29.01,1
619154,Construction of Four Lane Highway from Ghazipur- Ballia-UP/Bihar State Border Greenfield section of NH-31 Package III [from Pindari km 78.150 to Rawalganj Bypass Km 117.120] on EPC Mode in the state of Uttar Pradesh. (National Highways Authority of India [NHAI]) (619154) (-) (11812),Ministry of Road Transport & Highways,Roads & Highways,"Multi-States (Bihar, Uttar Pradesh)",8/1/2023,8/1/2025,1493.5,576.71,84.5,38.6147,1493.59,0.09,0.006,1,10/1/2026,426,14,1
619155,Upgradation and 4L of Haridwar Bypass from Km 0.000 Km 188.100 of NH-58 to Km. 15.100 Km 5.100 of NH 74 PKg-1 (National Highways Authority of India [NHAI]) (619155) (N24001526) (11813),Ministry of Road Transport & Highways,Roads & Highways,Uttarakhand,10/1/2022,10/1/2024,1602.89,590.01,79.25,36.8091,1423.89,-179,-11.1673,0,11/1/2026,761,25,1
619156,4 Laning of Paramakudi to Ramanathapuram Section of NH-87 Old NH-49 (National Highways Authority of India [NHAI]) (619156) (-) (-),Ministry of Road Transport & Highways,Roads & Highways,Tamil Nadu,5/1/2026,5/1/2028,1853.16,24.3,0,1.3113,1853.16,0,0,0,6/1/2028,31,1.02,1
619157,4 Laning of Talcher to end of Kamakhyanagar Bypass km 8.844 - km 15.725 of NH- 149 and km 301.875 - km 335.946 of NH-53 Pkg-I (National Highways Authority of India [NHAI]) (619157) (N24000734) (11814),Ministry of Road Transport & Highways,Roads & Highways,Odisha,2/1/2019,8/1/2021,795.18,403.24,99,50.7105,810.71,15.53,1.953,1,10/1/2026,1887,62,1
619158,4 Laning of Duburi Chandikhole from km 388.376 to km 428.074 Pkg-III (National Highways Authority of India [NHAI]) (619158) (N24000733) (11815),Ministry of Road Transport & Highways,Roads & Highways,Odisha,2/1/2020,8/1/2022,789,572.17,86,72.5184,907.61,118.61,15.033,1,10/1/2026,1522,50,1
619160,Balance works in AP Portion and punch list items in TN & AP portion of NH-205 (National Highways Authority of India [NHAI]) (619160) (-) (-),Ministry of Road Transport & Highways,Roads & Highways,Andhra Pradesh,7/1/2023,1/1/2025,166.52,98.26,100,59.0079,113.46,-53.06,-31.864,0,1/1/2026,365,11.99,1
619161,Access Controlled Highway of 4 Lane with Paved Shoulders from Tiruvallur Design Chainage Km 1756 to TN/AP Broder Design Chainage Km 6151 of NH-716 Chennai- Tirupati Package-1 (National Highways Authority of India [NHAI]) (619161) (-) (11816),Ministry of Road Transport & Highways,Roads & Highways,Tamil Nadu,12/1/2024,12/1/2026,1376.1,133.97,37.27,9.7355,1247.7,-128.4,-9.3307,0,3/1/2027,90,2.96,1
619162,4L of Najibabad Bypass from Km. 105.423 to Km. 118.373 excluding 2.45 Km. of NH- 74 Bypass of NH-119 (National Highways Authority of India [NHAI]) (619162) (N24001753) (11817),Ministry of Road Transport & Highways,Roads & Highways,Uttar Pradesh,12/1/2022,6/1/2024,578.02,438.88,100,75.9282,566.9,-11.12,-1.9238,0,5/1/2026,699,22.97,1
619163,4L of Baramati to Indapur Pkg-II from km. 41.400 to km. 84.550 of NH-965G Saint Tukaram Marg (National Highways Authority of India [NHAI]) (619163) (N24001502) (11818),Ministry of Road Transport & Highways,Roads & Highways,Maharashtra,9/1/2021,9/1/2023,1471.32,927.1,86.2,63.0114,1297.48,-173.84,-11.8152,0,12/1/2026,1187,39,1
619164,Belgaum-Khanapur Pkg I Km 0.000-Km 30.800 of NH-4A (National Highways Authority of India [NHAI]) (619164) (-) (11819),Ministry of Road Transport & Highways,Roads & Highways,Karnataka,3/1/2019,9/1/2021,1214.3,527.99,72.77,43.481,1195.74,-18.56,-1.5285,0,3/1/2027,2007,65.94,1
619165,Thanamcherla-Jamandlapally 2LPS (National Highways Authority of India [NHAI]) (619165) (-) (-),Ministry of Road Transport & Highways,Roads & Highways,Telangana,3/1/2014,2/1/2023,177.18,8.31,100,4.6901,18.65,-158.53,-89.474,0,7/1/2026,1246,40.94,1
619166,Umagaon-Saharsa Package-V Bakaur-Parsarma-Bangaon-Bariyahi & Spur to Mahishi (NHAI) (619166) (-) (11820),Ministry of Road Transport & Highways,Roads & Highways,Bihar,12/1/2023,12/1/2025,768.35,410.57,99.5,53.4353,968.42,200.07,26.0389,1,6/1/2026,182,5.98,1
619167,4 Laning with PS of Pathrapalli-Katghora km 53.3 to km 92.6 Pkg-II of Bilaspur Kathghora (National Highways Authority of India [NHAI]) (619167) (-) (11821),Ministry of Road Transport & Highways,Roads & Highways,Chhattisgarh,12/1/2020,12/1/2022,865.1,587.71,93.1,67.9355,1275.26,410.16,47.4119,1,7/1/2026,1308,42.97,1
619168,6L access controlled Greenfield highway of Junction of EPE Vill.-Mavikalan to Vill.- Lohadda from Km. 0.000 to Km. 27.000 Pkg-1 (National Highways Authority of India [NHAI]) (619168) (N24001733) (11822),Ministry of Road Transport & Highways,Roads & Highways,Uttar Pradesh,9/1/2022,9/1/2024,1602.48,1215.08,99.11,75.825,1497.94,-104.54,-6.5236,0,6/1/2026,638,20.96,1
619171,RPR FOR DURGAPUR OCP 10 MTY (SECL - CIL) (619171) (-) (11842),Ministry of Coal,Coal,Chhattisgarh,9/1/2025,3/1/2032,2415.91,2.35,0.01,0.0973,2415.91,0,0,0,,,,
619172,MADANNAGAR OCP 12 MTY - MDO (SECL - CIL) (619172) (-) (11856),Ministry of Coal,Coal,Chhattisgarh,12/1/2024,3/1/2033,1859.19,0.45,0,0.0242,1859.19,0,0,0,,,,
619181,Rehabilitation and Up gradation from 4 to 8 laning of Chandikhole Paradip Section of NH-53 Old NH 5A from Km.60.000 to Km.76.646 Package-4 (National Highways Authority of India [NHAI]) (619181) (-) (11884),Ministry of Road Transport & Highways,Roads & Highways,Odisha,11/1/2024,10/1/2026,882.45,183.2,32,20.7604,1009.92,127.47,14.445,1,10/1/2027,365,11.99,1
619183,Widening of Existing Road from Intermediate Lane 2-lane to 4-lane Between Km 19.994 to Km 35.180 of NH-848A Rakholi-Khadoli-Velugam Section in U.T. of Dadra and Nagar Haveli and Daman and Diu (MoRTH) (619183) (-) (-),Ministry of Road Transport & Highways,Roads & Highways,Dadra & Nagar Haveli and Daman & Diu,2/1/2024,2/1/2026,198.06,73.03,52,36.8727,239.57,41.51,20.9583,1,,,,
619184,"Rehabilitation and up-gradation of section to Intermediate/2-Lane with hard shoulder from Km 107.760 to Km 129.445 After Middle strait to Humphrey, Km 130.600 to Km 138.00 After Humphrey to Kadamtala & Km 155.00 to Km 181.0 End of Jarwa to Rangat of NH-04 in UT of A&N on EPC Package-IIIA (NHIDCL) (619184) (-) (-)",Ministry of Road Transport & Highways,Roads & Highways,Andaman & Nicobar,3/1/2024,9/1/2025,207.45,0,78.01,0,376.48,169.03,81.4799,1,12/1/2026,456,14.98,1
619186,Construction of Balance works of Major Bridge over Middle Strait Creek between Km.106.590 to km108.553 of NH-04 connecting South Andaman & Baratang Island in the Union Territory of Andaman & Nicobar Islands on EPC basis (NHIDCL) (619186) (-) (-),Ministry of Road Transport & Highways,Roads & Highways,Andaman & Nicobar,5/1/2024,2/1/2026,262.96,0,12.64,0,371.88,108.92,41.4207,1,12/1/2026,303,9.95,1
619187,"Slope protection and landslide mitigation at 4 vulnerable locations km 1.950 to Km 2.100, km 11.100 to 11.450, km 22.435 to km 22.485 and km 22.610 to km 22.680 within Sevoke-Rangpo section of NH-10 old NH-31A in Darjeeling & Kalimpong district in the State of West Bengal on EPC mode (NHIDCL) (619187) (-) (-)",Ministry of Road Transport & Highways,Roads & Highways,West Bengal,6/1/2025,6/1/2027,152.27,0,29.33,0,152.27,0,0,0,6/1/2027,0,0,0
619191,Kanpur LPG Bottling Plant (MinistryofPetroleumNaturalGas) (619191) (-) (-),Ministry of Petroleum & Natural Gas,Oil & Gas,Uttar Pradesh,9/1/2025,9/1/2027,202,129.69,58,64.203,202,0,0,0,9/1/2027,0,0,0
619193,Rehabilitation and upgradation of NH-221 from km 121/0 to 165/0 Rudrampur to Bhadrachalam section to two lane with paved shoulder under NHDPIV in the state of Telangana through EPC mode (MoRTH) (619193) (-) (-),Ministry of Road Transport & Highways,Roads & Highways,Telangana,2/1/2015,2/1/2017,295.47,375.14,82.76,126.9638,334.82,39.35,13.3178,1,6/1/2026,3407,111.93,1
619194,"Construction of Four Lane Gola Flyover at Km 99.850 of NH 730 Major Junction with State Highways -93 of Engineering, Procurement and Construction EPC mode in the State of Uttar Pradesh. (MoRTH) (619194) (-) (-)",Ministry of Road Transport & Highways,Roads & Highways,Uttar Pradesh,5/1/2026,10/1/2027,168.05,0,1.5,0,168.05,0,0,0,,,,
619196,Change of service of existing Mundra-Panipat Pipeline [Panipat - Churwa section] from Crude oil to Product (IOCL) (619196) (-) (-),Ministry of Petroleum & Natural Gas,Oil & Gas,Haryana,5/1/2025,4/1/2027,359,33.94,38.2,9.454,359,0,0,0,3/1/2027,-31,-1.02,0
619197,Delhi-Vadodara Greenfield Alignment NH-148N Pkg-27 Ch.729.700 to Ch.756.052 (NHAI) (619197) (-) (11888),Ministry of Road Transport & Highways,Roads & Highways,Gujarat,2/1/2022,2/1/2024,1185.69,1000.72,97.6,84.3998,1259.27,73.58,6.2057,1,6/1/2026,851,27.96,1
619198,Vadodara Mumbai Expressway Phase II - Pkg XII [Km. 50.700 to Km. 77.000] Masvan - Ganjad (National Highways Authority of India [NHAI]) (619198) (-) (11889),Ministry of Road Transport & Highways,Roads & Highways,Maharashtra,3/1/2022,3/1/2024,1711.38,979.26,99.38,57.2205,2388.52,677.14,39.5669,1,6/1/2026,822,27.01,1
619199,Bangalore Chennai Expressway Phase-II Pkg-I from km.71.000 to Km 96.000 Bethamangala in the state of Karnataka to Byreddypalli (National Highways Authority of India [NHAI]) (619199) (-) (11890),Ministry of Road Transport & Highways,Roads & Highways,"Multi-States (Andhra Pradesh, Karnataka)",10/1/2022,10/1/2024,1410.01,241.42,98.92,17.1219,1410.01,0,0,0,10/1/2022,-731,-24.02,0
619200,Delhi-Amritsar-Katra Expressway Phase-I Spur-III from Junction with Amritsar- Jalandhar road NH-3 near Bhishambarpura to Junction with Amritsar-Anjala road NH- 354 near Amritsar Airport [Km 71000 to Km 99000 of Amritsar connectivity] (National Highways Authority of India [NHAI]) (619200) (-) (11891),Ministry of Road Transport & Highways,Roads & Highways,Punjab,11/1/2022,10/1/2024,1641.75,1041.24,33.07,63.4226,1951.7,309.95,18.8792,1,10/1/2027,1095,35.98,1
619201,Karnal ring road Lot-4/Pkg-1 (National Highways Authority of India [NHAI]) (619201) (-) (11892),Ministry of Road Transport & Highways,Roads & Highways,Haryana,8/1/2023,8/1/2025,1741.45,461.41,94.41,26.4957,2041.54,300.09,17.2322,1,10/1/2026,426,14,1
619202,Dwarka Expressway from Km -0.600 to Km 5.300 - Pkg-I Shivmurti Chowk-RuB near Dwarka Sector 21 (National Highways Authority of India [NHAI]) (619202) (-) (11893),Ministry of Road Transport & Highways,Roads & Highways,Delhi,9/1/2020,9/1/2022,2144.67,3106.86,98.8,144.8642,3929.5,1784.83,83.2217,1,6/1/2026,1369,44.98,1
619203,Vadape to Thane from km 539.202 to km 563.000 section of NH-3 new NH-848 (National Highways Authority of India [NHAI]) (619203) (-) (11894),Ministry of Road Transport & Highways,Roads & Highways,Maharashtra,1/1/2019,7/1/2021,1252.92,482.38,80.78,38.5005,1371.27,118.35,9.4459,1,6/1/2026,1796,59.01,1
619205,Six Laning of KT/KL Border Thalapaddy -Chengala from Km. 17.200 to Km. 57.20 (National Highways Authority of India [NHAI]) (619205) (-) (11895),Ministry of Road Transport & Highways,Roads & Highways,"Multi-States (Karnataka, Kerala)",11/1/2021,5/1/2024,1981.07,1060.64,100,53.5387,2681.48,700.41,35.3551,1,6/1/2026,761,25,1
619206,6L of Perole Nileshwar town to Taliparamba from Km 94.248 to Km 134.650 of NH-66 (National Highways Authority of India [NHAI]) (619206) (-) (11896),Ministry of Road Transport & Highways,Roads & Highways,Kerala,10/1/2021,1/1/2024,3041.65,1104.11,86.65,36.2997,3867.66,826.01,27.1566,1,3/1/2027,1155,37.95,1
619207,Start of Kollam Bypass - Kadambattukonam (National Highways Authority of India [NHAI]) (619207) (-) (11897),Ministry of Road Transport & Highways,Roads & Highways,Kerala,10/1/2022,3/1/2025,2641.37,931.86,81.8,35.2794,3309.06,667.69,25.2782,1,6/1/2027,822,27.01,1
619208,Kadambattukonam-Kazhakuttom (National Highways Authority of India [NHAI]) (619208) (-) (11898),Ministry of Road Transport & Highways,Roads & Highways,Kerala,7/1/2022,1/1/2025,3635.64,595.69,44.34,16.3847,3526.33,-109.31,-3.0066,0,5/1/2027,850,27.93,1
619209,4L of existing 2/4L stretch from Lonand to Dive Ghat Km 166.400 to Km 220.900 of Mohol Alandi section of NH-965 Pkg - V (National Highways Authority of India [NHAI]) (619209) (-) (11899),Ministry of Road Transport & Highways,Roads & Highways,Maharashtra,5/1/2022,5/1/2024,1709.56,1125.89,98.52,65.8585,2049.51,339.95,19.8852,1,4/1/2026,700,23,1
619210,Dharampuri-Lonand from km. 117.00 to 166.40 Pkg-IV on Mohol-Alandi Section (National Highways Authority of India [NHAI]) (619210) (-) (11900),Ministry of Road Transport & Highways,Roads & Highways,Maharashtra,9/1/2021,9/1/2023,1411.71,1047.2,97.4,74.1795,1358.68,-53.03,-3.7564,0,6/1/2026,1004,32.99,1
619211,6L of MH/KN Border Nimbal Village to KN/TS Border Singnodi Village from Km. 97.000 to Km. 162.500 in Yadgir of NH-150C Pkg-III (National Highways Authority of India [NHAI]) (619211) (-) (11901),Ministry of Road Transport & Highways,Roads & Highways,Karnataka,4/1/2023,10/1/2025,2104.7,795.13,73.9,37.7788,2065.83,-38.87,-1.8468,0,11/1/2026,396,13.01,1
619212,6L Access Controlled Greenfield Highway of Julekal village to Dinnedevarapadu village from Km 242.200 to Km 280.400 Pkg-2 (National Highways Authority of India [NHAI]) (619212) (-) (11902),Ministry of Road Transport & Highways,Roads & Highways,"Multi-States (Andhra Pradesh, Telangana)",1/1/2023,1/1/2025,1227.57,527.81,68.53,42.9963,1315.87,88.3,7.1931,1,4/1/2027,820,26.94,1
619213,6L of Hatibena - Badakumari Section from Km 146.50 to km 179.00 of NH-130-CD Package OD-2 (National Highways Authority of India [NHAI]) (619213) (-) (11903),Ministry of Road Transport & Highways,Roads & Highways,Odisha,3/1/2022,3/1/2024,791.17,727.42,99.95,91.9423,1070.63,279.46,35.3224,1,6/1/2026,822,27.01,1
619214,4L of Channarayapatna Bypass and Hassan Bypass with structures in Devihalli - Hassan section (National Highways Authority of India [NHAI]) (619214) (-) (11904),Ministry of Road Transport & Highways,Roads & Highways,Karnataka,1/1/2021,1/1/2023,688,586.06,82.34,85.1831,684.54,-3.46,-0.5029,0,10/1/2026,1369,44.98,1
619215,Cuttack-Angul Section of NH-42 New NH-55 from Km.60.200 to Km. 112.000 Pkg-II in the State of Odisha (National Highways Authority of India [NHAI]) (619215) (-) (11905),Ministry of Road Transport & Highways,Roads & Highways,Odisha,3/1/2018,9/1/2020,991.41,500.25,99.66,50.4584,1168.82,177.41,17.8947,1,9/1/2026,2191,71.98,1
619216,6L access Controlled Greenfield Highway from Adhoya Musalmana to Sadopur section of Shamli -Ambala Package-III Design Ch. Form km 84.400 to km 121.786 (National Highways Authority of India [NHAI]) (619216) (-) (11906),Ministry of Road Transport & Highways,Roads & Highways,"Multi-States (Haryana, Punjab)",5/1/2023,5/1/2025,1491.72,721.14,74.98,48.3429,1122.86,-368.86,-24.7272,0,2/1/2027,641,21.06,1
619217,4L of Haridwar-Nagina section from km. 0.00 to km. 71.614 of NH-74 (National Highways Authority of India [NHAI]) (619217) (-) (-),Ministry of Road Transport & Highways,Roads & Highways,"Multi-States (Uttar Pradesh, Uttarakhand)",1/1/2018,7/1/2020,1659.12,842.68,97.64,50.7908,1622.49,-36.63,-2.2078,0,6/1/2026,2161,71,1
619218,4L Tumkur-Shimoga Pkg-I from Mallasandra to Karadi village of NH-206 from Km. 12.300 to Km. 65.195 (National Highways Authority of India [NHAI]) (619218) (-) (11907),Ministry of Road Transport & Highways,Roads & Highways,Karnataka,10/1/2019,10/1/2021,1364.14,614.73,100,45.0636,1692.12,327.98,24.043,1,6/1/2026,1704,55.98,1
619219,4L of Tumkur-Shimoga Pkg-II from Km 65.195 Karadi to Km 121.900 Banawara of NH-206 (National Highways Authority of India [NHAI]) (619219) (-) (11908),Ministry of Road Transport & Highways,Roads & Highways,Karnataka,10/1/2019,10/1/2021,1505.85,656.52,99.97,43.598,1989.89,484.04,32.144,1,12/1/2026,1887,62,1
619220,Tumkur-Shimoga Pkg-III from Km 121.900 Banawara to Km 170.415 Bettadahalli of Old NH-206 (National Highways Authority of India [NHAI]) (619220) (-) (11909),Ministry of Road Transport & Highways,Roads & Highways,Karnataka,3/1/2021,3/1/2023,1444.5,872.45,97.75,60.3981,1834.81,390.31,27.0204,1,12/1/2026,1371,45.04,1
619222,"Balance works of four lane from km 43.950 Thiruvallur Bypass to km 61.470 Veppampattu Bypass passing through Thannerkulam, Thozur and Sevapet Bypass 17.520 kms of Tirupathi- Tiruttani- Chennai section of NH 205 (National Highways Authority of India [NHAI]) (619222) (-) (11910)",Ministry of Road Transport & Highways,Roads & Highways,Tamil Nadu,9/1/2022,9/1/2024,467.99,451.47,97.92,96.47,699.68,231.69,49.5075,1,6/1/2026,638,20.96,1
619223,Petro Resid Fluidized Catalytic Cracking [PRFCC] Unit and its associated facilities at Mumbai Refinery (Ministry of Petroleum & Natural Gas) (619223) (-) (11911),Ministry of Petroleum & Natural Gas,Oil & Gas,Maharashtra,5/1/2025,9/1/2029,13626,63.9,5.3,0.469,13626,0,0,0,9/1/2029,0,0,0
619224,Augmentation of DUPL-DPPL Pipeline (Ministry of Petroleum & Natural Gas) (619224) (-) (11913),Ministry of Petroleum & Natural Gas,Oil & Gas,Maharashtra,6/1/2025,3/1/2028,844,0.61,6.7,0.0723,844,0,0,0,3/1/2028,0,0,0
619225,Installation of Compression facility at GAIL Usar (Ministry of Petroleum & Natural Gas) (619225) (-) (-),Ministry of Petroleum & Natural Gas,Oil & Gas,Maharashtra,4/1/2025,4/1/2027,260.2,0,0,0,260.2,0,0,0,4/1/2027,0,0,0
619226,Provision of four bitumen tanks with capacity of 5 TMT each at Visakh Refinery (Ministry of Petroleum and Natural Gas) (619226) (-) (-),Ministry of Petroleum & Natural Gas,Oil & Gas,Andhra Pradesh,9/1/2025,3/1/2028,258.34,4.65,14.2,1.8,258.34,0,0,0,3/1/2028,0,0,0
619227,Network Expansion Scheme in Maharashtra for removal of Transmission constraints in Pune Region-I [765/400kV AIS Pune East] (Power Grid Corporation of India Limited [POWERGRID]) (619227) (-) (11952),Ministry of Power,Transmission & Distribution,Maharashtra,3/1/2026,3/1/2028,1420,2.84,0.5,0.2,1420,0,0,0,,,,
619228,Transmission System Strengthening for integration of additional RE Potential at Davanagere [0.25 GW] and Bellary [2.75 GW] (Power Grid Corporation of India Limited [POWERGRID]) (619228) (-) (11953),Ministry of Power,Transmission & Distribution,Karnataka,2/1/2026,2/1/2028,1111,5.5,1,0.495,1111,0,0,0,,,,
619229,"Integrated development of Outer Container Terminal and berth No. 1 though 5 NSD at KDS, SMPK on DBFOT basis through PPP mode (Syama Prasad Mookerjee Port Kolkata) (619229) (-) (12116)","Ministry of Ports, Shipping and Waterways",Shipping,West Bengal,2/1/2027,8/1/2028,832.25,0,0,0,832.25,0,0,0,,,,
619251,Construction of two lane with paved shoulder of Ghatol Bypass from km 133.250 to km 140.950 of NH-56 old NH No. 113 on EPC mode in the State of Rajasthan. (MoRTH) (619251) (-) (-),Ministry of Road Transport & Highways,Roads & Highways,Rajasthan,3/1/2026,9/1/2027,170.49,0,0,0,170.49,0,0,0,,,,
619253,Construction of 4 lane Bypass to Nalgonda Town lrorn Km 000 Existing Ch. 181590 to Km 14.00 Existing Ch. 28/685 ol Nakrekal to Nagarjunsagar Section of NH -565 in the State of Telangara on EPC under Annual Plan 2024 -25 (MoRTH) (619253) (-) (12153),Ministry of Road Transport & Highways,Roads & Highways,Telangana,10/1/2025,10/1/2027,516.17,0,47.2,0,516.17,0,0,0,10/1/2027,0,0,0
619289,4L of Munger Mirzachauki section from Munger to Kharia village junction from Km 69520 to Km 95580 Pkg-1 (NHAI) (619289) (-) (12091),Ministry of Road Transport & Highways,Roads & Highways,Bihar,3/1/2022,3/1/2024,1659.81,547.01,78.09,32.9562,1696.66,36.85,2.2201,1,10/1/2026,944,31.01,1
619291,4L Poanta SahebMednipur from Km. 435.65 to km. 458.65 of NH-07Pkg-1 (NHAI) (619291) (-) (12092),Ministry of Road Transport & Highways,Roads & Highways,"Multi-States (Himachal Pradesh, Uttarakhand)",5/1/2023,5/1/2025,524.54,254.27,94.25,48.4749,657.32,132.78,25.3136,1,7/1/2026,426,14,1
619292,4L Medinipur to Ballupur from Km. 458.65 to Km. 487.65 of NH-07Pkg-2 (NHAI) (619292) (-) (12093),Ministry of Road Transport & Highways,Roads & Highways,Uttarakhand,2/1/2023,2/1/2025,1092.9,736.07,93.9,67.3502,1072.5,-20.4,-1.8666,0,7/1/2026,515,16.92,1
619293,Construction of 4 Lane Access Controlled Bypass for Dehradun on NH307 from Design Chainage km 0050 Jhajra on NH-07 to Design Chainage km 12220 Asharori on EPC Mode in the State of Uttarakhand under NHO (NHAI) (619293) (-) (-),Ministry of Road Transport & Highways,Roads & Highways,Uttarakhand,4/1/2025,4/1/2027,715.97,159.18,54.86,22.2328,337.11,-378.86,-52.9156,0,4/1/2027,0,0,0
619294,Road Safety Improvement of existing four lane section of Dehradun-Lal Tappar-Nepali Farm Section of NH-7 and Nepali Farm-Motichur NH-34 on EPC Mode in Uttarakhand under NHO. (NHAI) (619294) (-) (-),Ministry of Road Transport & Highways,Roads & Highways,Uttarakhand,2/1/2026,8/1/2028,720.67,2.6,1,0.3608,388.19,-332.48,-46.1348,0,8/1/2028,0,0,0
619295,Four/Six laning of Bhaniyawala-Jollygrant-Rishikesh spur section of NH-07 from Km. 0.000 to Km 19.780 (NHAI) (619295) (-) (12094),Ministry of Road Transport & Highways,Roads & Highways,Uttarakhand,12/1/2025,11/1/2027,742.43,0.52,0,0.07,664.92,-77.51,-10.44,0,11/1/2027,0,0,0
619301,Construction of Approach Road to Rail-cum- Road Bridge across river Ganga at Munger Ghat NH-333 B (NHAI) (619301) (-) (-),Ministry of Road Transport & Highways,Roads & Highways,Bihar,12/1/2018,5/1/2021,537.88,200.58,99.99,37.2908,633.91,96.03,17.8534,1,6/1/2026,1857,61.01,1
619305,4L of Munger Mirzachauki section from start of existing Bhagalpur bypass to Rasulpur from Km 125000 to Km 157350 Pkg-3 (NHAI) (619305) (-) (12095),Ministry of Road Transport & Highways,Roads & Highways,Bihar,4/1/2022,4/1/2024,1769.5,574.1,76.01,32.4442,2024.59,255.09,14.4159,1,12/1/2026,974,32,1
619306,4L of Munger Mirzachauki section from Km 95580 to Km 125000 Pkg-2 (NHAI) (619306) (-) (12096),Ministry of Road Transport & Highways,Roads & Highways,Bihar,3/1/2022,3/1/2024,1020.84,480.53,93.13,47.072,1235.65,214.81,21.0425,1,7/1/2026,852,27.99,1
619307,4L of Munger Mirzachauki section from Km 157350 to Km 193931 Pkg-4 (NHAI) (619307) (-) (12097),Ministry of Road Transport & Highways,Roads & Highways,"Multi-States (Bihar, Jharkhand)",8/1/2022,8/1/2024,1376.56,508.36,91.84,36.9297,1481.58,105.02,7.6292,1,8/1/2026,730,23.98,1
619308,6L access-controlled highway from Ganeshpur tonear Mohand of Ganeshpur Dehradun section from Km.0 to Km.8.3 of NH-72A Package-1 (NHAI) (619308) (-) (12098),Ministry of Road Transport & Highways,Roads & Highways,Uttar Pradesh,10/1/2021,10/1/2023,836.24,808.76,98.92,96.7139,835.74,-0.5,-0.0598,0,7/1/2026,1004,32.99,1
619311,Kalai-II Hydro Electric Project [1200 MW] (THDC India Limited) (619311),Ministry of Power,Electricity Generation,Arunachal Pradesh,4/1/2026,10/1/2032,14105.83,188.14,0,1.3338,14105.8,-0.03,-0.0002,0,,,,
619312,Bulk Loading Hub- Kanpur (MinistryofPetroleumNaturalGas) (619312) (-) (-),Ministry of Petroleum & Natural Gas,Oil & Gas,Uttar Pradesh,9/1/2025,9/1/2027,186,95.21,58,51.1882,186,0,0,0,9/1/2027,0,0,0
619313,Setting up of 50 MW [plus/minus 5 percent] Wind Power Plant for Captive Consumption at MR (MinistryofPetroleumNaturalGas) (619313) (-) (-),Ministry of Petroleum & Natural Gas,Energy Storage,Maharashtra,5/1/2023,4/1/2027,483.14,360.19,61.8,74.5519,483.14,0,0,0,4/1/2027,0,0,0
619314,Pipeline Replacement Project- PRP-IX (Ministry of Petroleum & Natural Gas) (619314) (-) (12147),Ministry of Petroleum & Natural Gas,Oil & Gas,Offshore,8/1/2025,5/1/2027,6684,589.63,14.5,8.8215,6175,-509,-7.6152,0,5/1/2027,0,0,0
619316,"Group Gathering Station, Lakwagaon (Ministry of Petroleum & Natural Gas) (619316)",Ministry of Petroleum & Natural Gas,Oil & Gas,Assam,10/1/2025,10/1/2027,495.59,20.04,7.8,4.0437,495.59,0,0,0,10/1/2027,0,0,0
619317,4L of Hajipur-Muzaffarpur Section of the existing NH-77 from Km. 0000 Ramashish Chowk to Km. 46300 and new bypass starting at Km. 46300 and connecting NH-28 of E-W Corridor at Km. 515045 (NHAI) (619317) (-) (-),Ministry of Road Transport & Highways,Roads & Highways,Bihar,8/1/2010,2/1/2013,2723.39,929.26,99.45,34.1214,2906.78,183.39,6.7339,1,7/1/2026,4898,160.92,1
619318,4/6L Greenfield Ludhiana Rupnagar highway from Jn. with NE-5 village near to ManewalLudhiana to Jn. with NH-205 near Bheora Village Rupnagar from Km. 0.00 to Km. 37.7 including spur to Kharar with Ludhiana bypass of NH-205K Pkg-1 (National Highways Authority of India [NHAI]) (619318) (-) (12155),Ministry of Road Transport & Highways,Roads & Highways,Punjab,12/1/2022,12/1/2024,1368.91,488.23,15.31,35.6656,1382.48,13.57,0.9913,1,12/1/2027,1095,35.98,1
619320,Muzaffarpur - Sonbarsa Section of NH-77 from km 2.800 to km 89.000 (NHAI) (619320) (-) (-),Ministry of Road Transport & Highways,Roads & Highways,Bihar,5/1/2011,11/1/2013,2290.72,468.71,100,20.4613,2311.1,20.38,0.8897,1,6/1/2026,4595,150.97,1
619321,Balance work of widening to two laning/re-alignment and geometric improvement from Km. 11000 to Km. 114618 with rectification of damaged stretches and provision of protection works in vulnerable location of NH-44 in the State of Mizoram. (MoRTH) (619321) (-) (-),Ministry of Road Transport & Highways,Roads & Highways,Mizoram,5/1/2026,5/1/2028,170.96,0,0,0,170.96,0,0,0,,,,
619326,Nidadavolu-Duvvada 3rd & 4th Lines (South Central Railway [SCR] - II) (619326) (-) (12527),Ministry of Railways,Railways,Andhra Pradesh,4/1/2026,1/1/2032,9889.24,0.01,0.01,0.0001,9889.24,0,0,0,,,,
619328,ONGC-BP Redevelopment Phase-1 Scheme of Mumbai High Field (Ministry of Petroleum & Natural Gas) (619328) (-) (12528),Ministry of Petroleum & Natural Gas,Oil & Gas,Maharashtra,11/1/2025,3/1/2027,3713.4,1557.5,53.2,41.9427,3908,194.6,5.2405,1,3/1/2027,0,0,0
619341,"Telangana Super Thermal Power Project , Stage-II [3 x 800 MW] (National Thermal Power Corporation [NTPC]) (619341) (-) (-)",Ministry of Power,Electricity Generation,Telangana,3/1/2026,1/1/2032,29344.85,729.63,0.13,2.4864,29344.8,-0.05,-0.0002,0,,,,
701101,"Construction of New Domestic Terminal Building [Phase-I and II] and other allied structures at JPNI Airport, Patna (Airport Authority of India [AAI]) (701101) (N04000082) (4356)",Ministry of Civil Aviation,Aviation & Aviation Infrastructure,Bihar,10/1/2018,5/1/2026,1216.9,1201.92,98.51,98.769,1216.9,0,0,0,8/1/2026,92,3.02,1
701105,Goa Airport Terminal Building Extension Project (Airport Authority of India [AAI]) (701105) (N04000095) (4831),Ministry of Civil Aviation,Aviation & Aviation Infrastructure,Goa,12/1/2019,12/1/2021,255.69,158.78,100,62.0986,255.69,0,0,0,4/1/2026,1582,51.98,1
701107,Construction of New Integrated Terminal Building and associated works including apron to park 3 code E type of aircraft or 6 code C type of aircraft at Vijayawada Airport. (Airport Authority of India [AAI]) (701107) (N04000091) (4353),Ministry of Civil Aviation,Aviation & Aviation Infrastructure,Andhra Pradesh,9/1/2020,9/1/2022,611.8,523.14,87.2,85.5083,611.8,0,0,0,10/1/2026,1491,48.99,1
701113,"Development of Lal Bahadur Shastri International airport, Varanasi including C/o New Terminal Building, Apron Extension, Runway Extension, PTT and allied works. (Airport Authority of India [AAI]) (701113) (N04000114) (9932)",Ministry of Civil Aviation,Aviation & Aviation Infrastructure,Uttar Pradesh,7/1/2024,7/1/2027,2869.65,626.15,29,21.8197,2869.65,0,0,0,7/1/2027,0,0,0
701121,Construction of New Domestic Terminal Building at Rajahmundry Airport. (Airport Authority of India [AAI]) (701121) (N04000103) (-),Ministry of Civil Aviation,Aviation & Aviation Infrastructure,Andhra Pradesh,8/1/2023,8/1/2025,347.15,189.48,92,54.5816,347.15,0,0,0,6/1/2026,304,9.99,1
701122,Development of New Integrated Civil Enclave at Agra Airport (Airport Authority of India [AAI]) (701122) (N04000113) (9931),Ministry of Civil Aviation,Aviation & Aviation Infrastructure,Uttar Pradesh,7/1/2024,7/1/2026,579,208.68,41.71,36.0415,579,0,0,0,11/1/2026,123,4.04,1
701126,"Development of Dholera International Greenfield Airport , Gujarat (Airport Authority of India [AAI]) (701126) (N04000099) (3366)",Ministry of Civil Aviation,Aviation & Aviation Infrastructure,Gujarat,7/1/2022,6/1/2026,1305,922.78,84,70.7111,1551,246,18.8506,1,9/1/2026,92,3.02,1
701127,Construction of New Passenger Terminal Building for Domestic Operations at Jodhpur Airport. (Airport Authority of India [AAI]) (701127) (N04000101) (-),Ministry of Civil Aviation,Aviation & Aviation Infrastructure,Rajasthan,5/1/2023,3/1/2026,480,345.45,97.85,71.9687,480,0,0,0,6/1/2026,92,3.02,1
701128,Construction of New Integrated Passenger Terminal Building at Udaipur Airport (Airport Authority of India [AAI]) (701128) (N04000104) (4363),Ministry of Civil Aviation,Aviation & Aviation Infrastructure,Rajasthan,11/1/2023,3/1/2026,887,538,71.71,60.6539,887,0,0,0,9/1/2026,184,6.05,1
701167,AIIMS Kashmir at Awantipora Jammu & Kashmir (PMSSY AND Institute of NATIONAL Importance) (701167) (N28000150) (3209),Ministry of Health & Family Welfare,Healthcare,Jammu and Kashmir,3/1/2019,12/1/2025,1828,1573.15,77,86.0585,2160.84,332.84,18.2079,1,12/1/2026,365,11.99,1
701168,ALL India Institute of Medical Sciences-AIIMS Madurai (PMSSY AND Institute of NATIONAL Importance) (701168) (-) (4797),Ministry of Health & Family Welfare,Healthcare,Tamil Nadu,12/1/2018,8/1/2022,1264,488.26,51,38.6282,2021.51,757.51,59.9296,1,10/1/2026,1522,50,1
701170,AIIMS Rajkot (PMSSY AND Institute of NATIONAL Importance) (701170) (-) (3219),Ministry of Health & Family Welfare,Healthcare,Gujarat,1/1/2019,3/1/2026,1195,777.1,93.85,65.0293,1195,0,0,0,12/1/2026,275,9.03,1
701171,AIIMS Bibinagar (PMSSY AND Institute of NATIONAL Importance) (701171) (N21000031) (3220),Ministry of Health & Family Welfare,Healthcare,Telangana,7/1/2022,6/1/2026,1028,989.98,87.32,96.3016,1365.95,337.95,32.8745,1,6/1/2026,0,0,0
701172,AIIMS Darbhanga (PMSSY AND Institute of NATIONAL Importance) (701172) (-) (3216),Ministry of Health & Family Welfare,Healthcare,Bihar,9/1/2020,9/1/2024,1264,0,0,0,1264,0,0,0,,,,
701173,AIIMS Majra Rewari Haryana (PMSSY AND Institute of NATIONAL Importance) (701173) (N21000032) (4799),Ministry of Health & Family Welfare,Healthcare,Haryana,2/1/2019,12/1/2026,1299,689.42,62.08,53.0731,1646.43,347.43,26.746,1,12/1/2026,0,0,0
701228,Kochi - Koottanad - Bangalore - Mangalore Pipeline Phase-II (Ministry of Petroleum & Natural Gas) (701228) (N16000285) (803),Ministry of Petroleum & Natural Gas,Oil & Gas,"Multi-States (Karnataka, Kerala, Tamil Nadu)",6/1/2009,12/1/2012,2915,4798.6,96.8,164.6175,5909,2994,102.7101,1,9/1/2026,5022,164.99,1
701263,Rajasthan Refinery Project (MinistryofPetroleumNaturalGas) (701263) (N16000513) (5468),Ministry of Petroleum & Natural Gas,Energy Storage,Rajasthan,10/1/2017,10/1/2022,43129,69996.68,92.1,162.2961,79459,36330,84.2357,1,6/1/2026,1339,43.99,1
701289,Capacity Expansion of Panipat Refinery from 15 to 25 MMTPA (Ministry of Petroleum & Natural Gas) (701289) (N16000412) (3038),Ministry of Petroleum & Natural Gas,Oil & Gas,Haryana,2/1/2021,9/1/2024,34627,27014.44,93.6,78.0155,36225,1598,4.6149,1,12/1/2026,821,26.97,1
701324,Barauni Refinery Capacity Expansion from 6.0 to 9.0 MMTPA (Ministry of Petroleum & Natural Gas) (701324) (N16000386) (3063),Ministry of Petroleum & Natural Gas,Oil & Gas,Bihar,1/1/2020,4/1/2023,14810,74888.74,91.4,505.6633,16724,1914,12.9237,1,8/1/2026,1218,40.02,1
701329,Petrochemical and Lube Integration Project at Gujarat Refinery (Ministry of Petroleum & Natural Gas) (701329) (N16000409) (3062),Ministry of Petroleum & Natural Gas,Oil & Gas,Gujarat,9/1/2020,8/1/2024,18936,75091.61,88.8,396.5548,17825,-1111,-5.8671,0,11/1/2026,822,27.01,1
701330,Mehsana-Bhatinda & Bhatinda-Jammu Natural Gas Pipeline (Ministry of Petroleum & Natural Gas) (701330) (-) (739),Ministry of Petroleum & Natural Gas,Oil & Gas,"Multi-States (Gujarat, Haryana, Punjab, Rajasthan)",7/1/2011,6/1/2024,7392,6357.26,90.2,86.0019,7392,0,0,0,3/1/2027,1003,32.95,1
701338,City Gas Distribution Maharashtra Natural Gas Limited (Ministry of Petroleum & Natural Gas) (701338) (-) (-),Ministry of Petroleum & Natural Gas,Oil & Gas,"Multi-States (Karnataka, Maharashtra)",1/1/2006,6/1/2031,5535,4327.39,47,78.1823,5535,0,0,0,6/1/2031,0,0,0
701343,Srikakulam Angul Gas Pipeline Project (Ministry of Petroleum & Natural Gas) (701343) (N16000388) (2530),Ministry of Petroleum & Natural Gas,Energy Storage,"Multi-States (Andhra Pradesh, Odisha)",9/1/2019,7/1/2022,2658.34,2315.2,97.8,87.0919,2810,151.66,5.7051,1,6/1/2026,1431,47.01,1
701344,Dhamra Haldia Pipeline Project (Ministry of Petroleum & Natural Gas) (701344) (N16000391) (2527),Ministry of Petroleum & Natural Gas,Oil & Gas,"Multi-States (Odisha, West Bengal)",3/1/2020,11/1/2022,1030.65,922,94,89.4581,1125,94.35,9.1544,1,9/1/2026,1400,46,1
701346,North East Gas Grid (Ministry of Petroleum & Natural Gas) (701346),Ministry of Petroleum & Natural Gas,Oil & Gas,"Multi-States (Arunachal Pradesh, Nagaland, Assam, Meghalaya, Tripura, Sikkim, Manipur, Mizoram)",4/1/2020,3/1/2024,9265,6895.77,88,74.4282,9265,0,0,0,7/1/2026,852,27.99,1
701349,Paradip-Numaligarh Crude Oil Pipeline [PNCPL] & Crude Oil Import Terminal [COIT] at Paradip (Ministry of Petroleum & Natural Gas) (701349),Ministry of Petroleum & Natural Gas,Energy Storage,Assam,1/1/2019,7/1/2024,10228,10987.22,92.7,107.423,12407,2179,21.3043,1,10/1/2026,822,27.01,1
701370,"Borolia Irrigation Project (Department of Water Resources, River Development & GR) (701370)","Department of Water Resources, River Development & GR",Water Resources,Assam,12/1/1996,12/1/2022,256.16,44.7,55.44,17.45,256.16,0,0,0,3/1/2026,1186,38.97,1
701372,"Sardar Sarovar Project (Narmada and Water Resources, Water Supply and Kalpsar Department-GJ) (701372) (-) (3326)","Department of Water Resources, River Development & GR",Water Resources,Gujarat,4/1/1996,12/1/2019,20718.17,31943.15,93.7,154.1794,33412.5,12694.33,61.2715,1,3/1/2026,2282,74.97,1
701376,"Subernarekha Multipurpose Project, Jharkhand (Department of Water Resources-JH) (701376) (-) (3349)","Department of Water Resources, River Development & GR",Water Resources,Jharkhand,1/1/2012,12/1/2019,3807.77,6040.27,70,158.6301,9579.58,5771.81,151.5798,1,3/1/2026,2282,74.97,1
701377,Upper Tunga Irrigation Project (Water Resources-KA) (701377) (-) (3341),"Department of Water Resources, River Development & GR",Water Resources,Karnataka,4/1/2014,12/1/2019,770.16,1515.6,99.32,196.7903,1606.07,835.91,108.5372,1,3/1/2026,2282,74.97,1
701383,Waghur Project (Department of water resources-MH - II) (701383) (-) (3336),"Department of Water Resources, River Development & GR",Water Resources,Maharashtra,4/1/1996,12/1/2019,1058.99,1634.36,89.57,154.332,1758.51,699.52,66.0554,1,3/1/2026,2282,74.97,1
701386,Gosikhurd Project (Department of water resources-MH - II) (701386) (-) (3311),"Department of Water Resources, River Development & GR",Water Resources,Maharashtra,4/1/2008,12/1/2019,7196.47,14374,72.65,199.7368,12770.1,5573.63,77.4495,1,6/1/2028,3105,102.01,1
701391,Aruna Medium Irrigation Project (Department of water resources-MH - II) (701391) (-) (3306),"Department of Water Resources, River Development & GR",Water Resources,Maharashtra,1/1/2010,12/1/2019,210.45,1734.71,98.1,824.2861,1472.14,1261.69,599.5201,1,12/1/2025,2192,72.02,1
701395,"Morna [Gureghar] Irrigation Project (Department of Water Resources, River Development & GR) (701395) (-) (-)","Department of Water Resources, River Development & GR",Water Resources,Uttar Pradesh,12/1/2007,12/1/2025,219.9,115.2,31.5,52.3874,219.9,0,0,0,,,,
701396,Lower Pedhi Project (Department of water resources-MH - II) (701396) (-) (3317),"Department of Water Resources, River Development & GR",Water Resources,Maharashtra,4/1/2008,12/1/2019,255.97,1516.11,65,592.2999,1480.7,1224.73,478.4662,1,6/1/2026,2374,78,1
701398,Nardave Medium Irrigation Project (Department of water resources-MH - II) (701398) (-) (3320),"Department of Water Resources, River Development & GR",Water Resources,Maharashtra,4/1/2009,12/1/2019,211.46,879.16,74,415.7571,781.85,570.39,269.739,1,6/1/2026,2374,78,1
701399,"Kudali Irrigation Project (Department of Water Resources, River Development & GR) (701399) (-) (-)","Department of Water Resources, River Development & GR",Water Resources,Chhattisgarh,12/1/2009,12/1/2025,382.29,249.06,86.31,65.1495,382.29,0,0,0,3/1/2026,90,2.96,1
701400,Thoubal Multipurpose Project (Water Resources Department-MN) (701400),"Department of Water Resources, River Development & GR",Water Resources,Manipur,4/1/1997,12/1/2019,1449.44,1848.17,99,127.5092,1822.24,372.8,25.7203,1,12/1/2026,2557,84.01,1
701402,"Subernarekha Project, Odisha (Department of Water Resources, River Development & GR) (701402) (-) (3345)","Department of Water Resources, River Development & GR",Water Resources,Odisha,1/1/1998,12/1/2019,3055.88,8289.65,95.5,271.2688,7023.19,3967.31,129.8255,1,3/1/2026,2282,74.97,1
701404,Kanupur Irrigation Project (Irrigation and CAD-TG) (701404) (-) (3347),"Department of Water Resources, River Development & GR",Water Resources,Odisha,1/1/2004,12/1/2019,989.43,2804.16,79.5,283.4117,2301.28,1311.85,132.5864,1,6/1/2026,2374,78,1
701405,J. Chokka Rao Devadula Lift Irrigation Scheme (Irrigation and CAD-TG) (701405) (-) (3340),"Department of Water Resources, River Development & GR",Water Resources,Telangana,4/1/2006,12/1/2019,8200.71,4784.54,87.7,58.343,14730,6529.29,79.6186,1,12/1/2025,2192,72.02,1
701406,Rajiv Bhima Lift Irrigation Scheme (Irrigation and CAD-TG) (701406) (-) (3343),"Department of Water Resources, River Development & GR",Water Resources,Telangana,1/1/2008,12/1/2019,1402,1839.76,100,131.224,2509.66,1107.66,79.0057,1,3/1/2026,2282,74.97,1
701408,Madhya Ganga canal Phase-II (Irrigation & Water Resources-UP) (701408) (-) (3319),"Department of Water Resources, River Development & GR",Water Resources,Uttar Pradesh,4/1/2008,12/1/2019,1060.67,4575.74,82.39,431.4009,4417.21,3356.54,316.4547,1,12/1/2025,2192,72.02,1
701410,Relining of Rajasthan feeder and Sirhind Feeder canal (Department of Water Resources-PB) (701410) (-) (3324),"Department of Water Resources, River Development & GR",Water Resources,Punjab,4/1/2018,6/1/2021,1441.26,2337.42,95,162.1789,2462.16,1020.9,70.8339,1,6/1/2026,1826,59.99,1
701411,Shahpur Kandi Dam Project (Department of Water Resources-PB) (701411) (-) (3328),"Department of Water Resources, River Development & GR",Water Resources,Punjab,4/1/2018,6/1/2022,2285.81,2201.94,88,96.3308,2715.7,429.89,18.8069,1,6/1/2026,1461,48,1
701412,"North Koel Reservoir Project (Department of Water Resources, River Development & GR) (701412) (-) (3397)","Department of Water Resources, River Development & GR",Water Resources,"Multi-States (Bihar, Jharkhand)",1/1/2021,3/1/2021,1622.27,172.97,44,10.6622,2430.76,808.49,49.837,1,3/1/2026,1826,59.99,1
701415,Polavaram Irrigation Project (Water Resources-AP) (701415) (N30000002) (4076),"Department of Water Resources, River Development & GR",Water Resources,Andhra Pradesh,11/1/2009,4/1/2022,10151.04,27061.89,86.14,266.5923,55548.9,45397.86,447.2237,1,3/1/2026,1430,46.98,1
701530,"Ken-Betwa Linking Development Project (Department of Water Resources, River Development, ) (701530) (-) (10035)","Department of Water Resources, River Development & GR",Water Resources,"Multi-States (Madhya Pradesh, Uttar Pradesh)",3/1/2022,3/1/2029,21030,8530.86,0,40.5652,21030,0,0,0,,,,
701565,Jal Marg Vikas Project (Inland Waterways Authority of India [IWAI]) (701565) (N25000072) (2959),"Ministry of Ports, Shipping and Waterways",Inland Waterways,"Multi-States (Bihar, Jharkhand, Uttar Pradesh, West Bengal)",2/1/2018,12/1/2023,5369.18,4028.82,81.97,75.036,5061.15,-308.03,-5.737,0,12/1/2025,731,24.02,1
701570,"Replacement and revamping of pipeline projects in oil jetty area, Kandla (Deendayal Port Trust [DPT]) (701570) (-) (-)","Ministry of Ports, Shipping and Waterways",Shipping,Gujarat,9/1/2021,9/1/2023,171,149.5,91,87.4269,211.61,40.61,23.7485,1,3/1/2025,547,17.97,1
701574,Deepening and Optimization of Inner Harbour facilities including development of Western Dock on BOT basis to handle Cape size vessels (Paradip Port Trust [PPT]) (701574) (-) (2250),"Ministry of Ports, Shipping and Waterways",Shipping,Odisha,1/1/2023,12/1/2027,3004.63,2220.12,72,73.89,3004.63,0,0,0,10/1/2028,305,10.02,1
701593,4G Services by BSNL (Department of Telecommunications [DoT]) (701593) (-) (9929),Department of Telecommunications,Telecommunication,PAN India,11/1/2020,3/1/2024,28466,8471.19,98.34,29.759,19592,-8874,-31.174,0,3/1/2026,730,23.98,1
701597,Provision of 4G Mobile Services in Uncovered Villages of Arunachal Pradesh and 2 Districts of Assam (Department of Telecommunications) (701597),Department of Telecommunications,Telecommunication,"Multi-States (Arunachal Pradesh, Assam)",10/1/2021,4/1/2023,1255.49,237.98,99.6,18.9551,276.62,-978.87,-77.9672,0,9/1/2026,1249,41.03,1
701598,Provision of 4G based Mobile Services in Uncovered Villages and National Highways of Meghalaya (Department of Telecommunications) (701598),Department of Telecommunications,Telecommunication,Meghalaya,9/1/2020,3/1/2022,971.96,167.23,99.84,17.2054,180.46,-791.5,-81.4334,0,6/1/2026,1553,51.02,1
701599,Mobile connectivity in Left Wing Extremism [LWE] affected areas-Phase2 (Department of Telecommunications [DoT]) (701599) (-) (3127),Department of Telecommunications,Telecommunication,"Multi-States (Andhra Pradesh, Bihar, Chhattisgarh, Jharkhand, Madhya Pradesh, Maharashtra, Odisha, Telangana, Uttar Pradesh, West Bengal)",9/1/2021,3/1/2023,1577.57,480.91,88,30.4842,604.6,-972.97,-61.6752,0,11/1/2026,1341,44.06,1
701602,"Provision of 4G based mobile services in 7,287 uncovered villages of 44 Aspirational District across 5 states of Andhra Pradesh, Chhattisgarh, Jharkhand, Maharashtra & Odisha (Department of Telecommunications [DoT]) (701602) (-) (3133)",Department of Telecommunications,Telecommunication,"Multi-States (Andhra Pradesh, Chhattisgarh, Jharkhand, Maharashtra, Odisha)",5/1/2022,11/1/2023,3685,1100.41,81.2,29.8619,1448.61,-2236.39,-60.689,0,1/1/2027,1157,38.01,1
701657,Tumakuru Node - Phase 1 - Roads and Services Development (National Highways & Infrastructure Development Corporation Ltd. [NHIDCL]) (701657) (-) (4121),Department for Promotion of Industry & Internal Trade,Real Estate,Karnataka,2/1/2023,9/1/2026,1701.81,300.46,23.89,17.6553,1701.81,0,0,0,9/1/2027,365,11.99,1
701658,Krishnapatnam Node - Phase 1 - Roads and Services Development (National Industrial Corridor Development Corporation) (701658) (-) (4122),Department for Promotion of Industry & Internal Trade,Real Estate,Andhra Pradesh,2/1/2024,2/1/2027,2139.44,857.05,40.6,40.0595,2139.44,0,0,0,,,,
701668,Development of Palakkad Node under extension of CBIC to Kochi (National Industrial Corridor Development Corporation) (701668) (-) (9941),Department for Promotion of Industry & Internal Trade,Real Estate,Kerala,10/1/2025,4/1/2029,3805,0,3.5,0,3805,0,0,0,,,,
701719,Rehablitation in Junavadaj Area Smart City Project (ministry of housing and urban affairs) (701719) (-) (-),Ministry of Housing & Urban Affairs,Real Estate,Gujarat,6/1/2016,7/1/2022,539,623.44,98.5,115.666,539,0,0,0,7/1/2026,1461,48,1
701745,New Suburba Station Development Project (ministry of housing and urban affairs) (701745) (-) (-),Ministry of Housing & Urban Affairs,Urban Public Transport,Maharashtra,3/1/2019,7/1/2022,262.76,17.62,6,6.7057,262.76,0,0,0,,,,
701766,Green Building Development Project (ministry of housing and urban affairs) (701766) (-) (-),Ministry of Housing & Urban Affairs,Real Estate,Uttarakhand,8/1/2019,11/1/2023,150.97,56.76,40.05,37.5969,206,55.03,36.451,1,12/1/2026,1126,36.99,1
701991,Kalyan Station Precinct Imporvement Project (ministry of housing and urban affairs) (701991) (-) (-),Ministry of Housing & Urban Affairs,Urban Public Transport,Maharashtra,7/1/2020,7/1/2023,600,523.76,84,87.2933,723.7,123.7,20.6167,1,6/1/2026,1066,35.02,1
702625,Bhopal Metro Rail Project (Madhya Pradesh Metro Rail Co Limited [MPMRCL]) (702625) (N28000124) (3137),Ministry of Housing & Urban Affairs,Urban Public Transport,Madhya Pradesh,11/1/2018,11/1/2022,6941.4,4334.41,62.2,62.4429,6941.4,0,0,0,6/1/2028,2039,66.99,1
702626,Indore Metro Rail Project (Madhya Pradesh Metro Rail Co Limited [MPMRCL]) (702626) (N28000125) (3138),Ministry of Housing & Urban Affairs,Urban Public Transport,Madhya Pradesh,11/1/2018,11/1/2022,7500.8,4984.13,64.63,66.448,7500.8,0,0,0,12/1/2028,2222,73,1
702627,Patna Metro Rail Project (Patna Metro Rail Corporation Ltd. [PMRCL]) (702627) (N28000148) (3114),Ministry of Housing & Urban Affairs,Urban Public Transport,Bihar,2/1/2019,2/1/2024,13365.77,5198.09,50.05,38.8911,13365.8,0.03,0.0002,1,6/1/2027,1216,39.95,1
702628,Kanpur Metro Rail Project (Uttar Pradesh metro rail corporation [UPMRC]) (702628) (N28000144) (3116),Ministry of Housing & Urban Affairs,Urban Public Transport,Uttar Pradesh,11/1/2019,5/1/2024,11076.48,9121.15,81.95,82.347,11076.5,0.02,0.0002,1,3/1/2027,1034,33.97,1
702629,Agra Metro Rail Project (Uttar Pradesh metro rail corporation [UPMRC]) (702629) (N28000145) (3117),Ministry of Housing & Urban Affairs,Urban Public Transport,Uttar Pradesh,12/1/2020,5/1/2024,8379.62,6102.28,71,72.8229,8379.62,0,0,0,6/1/2027,1126,36.99,1
702630,Surat Metro Rail Project (Gujarat Metro Rail Corporation Limited [GMRCL]) (702630) (N28000138) (3141),Ministry of Housing & Urban Affairs,Urban Public Transport,Gujarat,3/1/2019,3/1/2024,12020.32,9031.25,80.25,75.1332,12020.3,-0.02,-0.0002,0,3/1/2027,1095,35.98,1
702632,DMRTS Phase - IV [3 Priority Corridors] (Delhi Metro Rail Corporation Limited [DMRC]) (702632) (N28000135) (3115),Ministry of Housing & Urban Affairs,Urban Public Transport,Delhi,7/1/2019,3/1/2025,24948.65,20545.86,81.32,82.3526,24948.7,0.05,0.0002,1,12/1/2026,640,21.03,1
702635,Construction of Bangalore Metro Rail Project Phase 2. (Bengaluru Metro Rail) (702635) (N28000058) (2472),Ministry of Housing & Urban Affairs,Urban Public Transport,Karnataka,2/1/2016,3/1/2021,26405.14,29812.97,95.6,112.9059,30695.1,4289.96,16.2467,1,9/1/2026,2010,66.04,1
702637,Mumbai Metro Line 3 (Mumbai Metro Rail Corporation Limited [MMRC]) (702637) (N28000086) (1384),Ministry of Housing & Urban Affairs,Urban Public Transport,Maharashtra,6/1/2016,3/1/2023,23136,33648.26,97.86,145.4368,37276,14140,61.1169,1,8/1/2025,884,29.04,1
702658,Nagpur Metro Rail Phase II Development Project (Maharashtra Metro Rail Corporation Limited [MMRCL]) (702658) (N28000155) (5205),Ministry of Housing & Urban Affairs,Urban Public Transport,Maharashtra,12/1/2022,12/1/2027,6708,1940.06,39.5,28.9216,6708,0,0,0,,,,
702664,Kochi Metro Rail Phase 2 Development Project (CSPCC Projects) (702664) (N28000158) (4736),Ministry of Housing & Urban Affairs,Urban Public Transport,Kerala,11/1/2022,11/1/2026,1957.05,752.34,38,38.4426,1957.05,0,0,0,11/1/2026,0,0,0
702665,Construction Bangalore Metro Rail Project Phase-2A & 2B (Bengaluru Metro Rail) (702665) (N28000151) (2476),Ministry of Housing & Urban Affairs,Urban Public Transport,Karnataka,1/1/2019,6/1/2026,14788.1,10376.43,66,70.1674,14788.1,0,0,0,6/1/2026,0,0,0
702668,Chennai Metro Rail Phase-II Development Project (Chennai Metro Rail Limited [CMRL]) (702668) (-) (4262),Ministry of Housing & Urban Affairs,Urban Public Transport,Tamil Nadu,11/1/2020,8/1/2029,63246,33774,53.36,53.401,63246,0,0,0,,,,
702674,"ESR - 8 nos., distribution system - 216 Km, new house service connections - 38760 nos. upgrading of feeder mains, pumping station etc. - Phase II (Ministry of Housing & Urban Affairs) (702674) (-) (-)",Ministry of Housing & Urban Affairs,Waste & Water,Andhra Pradesh,7/1/2018,3/1/2023,172.22,88.86,82,51.5968,172.22,0,0,0,8/1/2026,1249,41.03,1
702699,Muzaffarpur Storm Water Drainage Phase-I Project (Ministry of Housing & Urban Affairs) (702699) (-) (-),Ministry of Housing & Urban Affairs,Waste & Water,Bihar,2/1/2019,10/1/2023,158.78,135.72,85,85.4768,158.78,0,0,0,6/1/2026,974,32,1
702734,Sewerage Management Scheme Part-3 Implementation (Ministry of Housing & Urban Affairs) (702734) (-) (-),Ministry of Housing & Urban Affairs,Waste & Water,Haryana,11/1/2017,9/1/2023,278.01,228.49,88,82.1877,278.01,0,0,0,9/1/2026,1096,36.01,1
702741,Dhanbad Water Supply Infrastructure Project (Ministry of Housing & Urban Affairs) (702741) (-) (-),Ministry of Housing & Urban Affairs,Waste & Water,Jharkhand,12/1/2018,3/1/2023,216.55,129.16,76,59.6444,216.55,0,0,0,6/1/2026,1188,39.03,1
702742,SAAP-3 Water Supply Infrastructure SAAP-3 Project (Ministry of Housing & Urban Affairs) (702742) (-) (-),Ministry of Housing & Urban Affairs,Waste & Water,Jharkhand,12/1/2018,10/1/2023,159.31,87.5,67,54.9244,159.31,0,0,0,6/1/2026,974,32,1
702746,Augmentation and Strenghthning of Urban Water Supply Phase 1 - SAAP 3 (Ministry of Housing & Urban Affairs) (702746) (-) (-),Ministry of Housing & Urban Affairs,Waste & Water,Jharkhand,12/1/2018,3/1/2023,278.28,186.5,81,67.0188,278.28,0,0,0,6/1/2026,1188,39.03,1
702760,Belgavi Improvement in Sewerage System Project (Ministry of Housing & Urban Affairs) (702760) (-) (-),Ministry of Housing & Urban Affairs,Waste & Water,Karnataka,10/1/2016,7/1/2023,162.73,79.5,80,48.8539,162.73,0,0,0,6/1/2026,1066,35.02,1
702793,Indore Water Supply Infrastructure Project (Ministry of Housing & Urban Affairs) (702793) (-) (-),Ministry of Housing & Urban Affairs,Waste & Water,Madhya Pradesh,11/1/2017,3/1/2023,287.17,252.5,99,87.927,287.17,0,0,0,6/1/2026,1188,39.03,1
702808,Satna Sewerage Management and Treatment Infrastructure Project (Ministry of Housing & Urban Affairs) (702808) (-) (-),Ministry of Housing & Urban Affairs,Waste & Water,Madhya Pradesh,12/1/2016,3/1/2024,191.56,200.32,96,104.573,215.89,24.33,12.701,1,8/1/2026,883,29.01,1
702810,Singrauli Sewerage Management and Treatment Infrastructure Project (Ministry of Housing & Urban Affairs) (702810) (-) (-),Ministry of Housing & Urban Affairs,Waste & Water,Madhya Pradesh,11/1/2017,3/1/2023,402.01,371.17,90,92.3285,438.1,36.09,8.9774,1,6/1/2026,1188,39.03,1
702833,Kalyan-Dombivali Water Supply Infrastructure Project (Ministry of Housing & Urban Affairs) (702833) (-) (-),Ministry of Housing & Urban Affairs,Waste & Water,Maharashtra,9/1/2019,10/1/2023,194.2,136.56,75,70.3193,194.2,0,0,0,8/1/2026,1035,34,1
702851,Pune Water Supply Infrastructure Project (Ministry of Housing & Urban Affairs) (702851) (-) (-),Ministry of Housing & Urban Affairs,Waste & Water,Maharashtra,7/1/2017,3/1/2023,235.95,220.77,96,93.5664,235.95,0,0,0,8/1/2026,1249,41.03,1
702949,Jhansi Water Supply Infrastructure Phase-II Project (Ministry of Housing & Urban Affairs) (702949) (-) (-),Ministry of Housing & Urban Affairs,Waste & Water,Uttar Pradesh,6/1/2019,7/1/2023,561.74,506.52,95,90.1698,561.74,0,0,0,8/1/2026,1127,37.03,1
702958,Lucknow Sewerage Management Infrastructure Project (Ministry of Housing & Urban Affairs) (702958) (-) (-),Ministry of Housing & Urban Affairs,Waste & Water,Uttar Pradesh,5/1/2019,3/1/2023,142.46,152.65,95,107.1529,173.21,30.75,21.585,1,8/1/2026,1249,41.03,1
703021,Jalandhar Water Supply Infrastructure Project (Ministry of Housing & Urban Affairs) (703021) (-) (-),Ministry of Housing & Urban Affairs,Waste & Water,Punjab,8/1/2020,8/1/2023,258.53,161.02,90,62.2829,266.64,8.11,3.137,1,8/1/2026,1096,36.01,1
703057,Patiala Water Supply Infrastructure Part-2 Project (Ministry of Housing & Urban Affairs) (703057) (-) (-),Ministry of Housing & Urban Affairs,Waste & Water,Punjab,8/1/2020,10/1/2023,287,218.85,99,76.2544,287,0,0,0,8/1/2026,1035,34,1
703585,Yeshvanthpur - Channasandra Doubling Project [21.70 Km] (Karnataka Rail Infrastructure Development Company Limited [K-RIDE]) (703585) (N22000543) (-),Ministry of Railways,Railways,Karnataka,10/1/2019,3/1/2024,314.1,173.5,56.8,55.2372,683.57,369.47,117.6281,1,3/1/2026,730,23.98,1
703586,Baiyyappanahalli - Hosur Doubling Project [48 km] (Karnataka Rail Infrastructure Development Company Limited [K-RIDE]) (703586) (N22000542) (-),Ministry of Railways,Railways,"Multi-States (Karnataka, Tamil Nadu)",2/1/2019,3/1/2024,498.7,713.85,88.3,143.1422,748.7,250,50.1303,1,1/1/2026,671,22.05,1
704495,"502 Aspirational District Scheme in Four states - Bihar, Madhya Pradesh, Rajastha and Uttar Pradesh (Department of Telecommunications [DoT]) (704495) (-) (3132)",Department of Telecommunications,Telecommunication,"Multi-States (Bihar, Madhya Pradesh, Rajasthan, Uttar Pradesh)",3/1/2021,3/1/2022,421.65,92.37,99,21.9068,228.94,-192.71,-45.7038,0,6/1/2026,1553,51.02,1
705237,Western Dedicated Freight Corridor (DFCCIL) (705237) (N22000464) (961),Ministry of Railways,Railways,"Multi-States (Gujarat, Haryana, Maharashtra, Rajasthan, Uttar Pradesh)",1/1/2012,3/1/2022,51101,124623,96,243.8759,124005,72904,142.6665,1,12/1/2025,1371,45.04,1
705244,Coach Production Factory Upgradation Project (CPM/ICF) (705244) (-) (-),Ministry of Railways,Railways,Tamil Nadu,7/1/2018,12/1/2021,520,192.25,0,36.9712,520,0,0,0,,,,
705252,Kazipet Wagon Overhauling Project (RVNL) (705252) (-) (-),Ministry of Railways,Railways,Telangana,7/1/2017,12/1/2023,385,0,0,0,385,0,0,0,,,,
705253,Kurnool Coach Midlife Rehabilitation Project (South Central Railway [SCR] - II) (705253) (-) (-),Ministry of Railways,Railways,Andhra Pradesh,7/1/2014,12/1/2020,563,959.27,75.01,170.3854,560.72,-2.28,-0.405,0,12/1/2026,2191,71.98,1
705298,North Region Video Surveillance Project (RCIL) (705298) (-) (-),Ministry of Railways,Railways,PAN India,4/1/2023,3/1/2024,274.39,0,48,0,274.39,0,0,0,,,,
705356,Ahmednagar - Beed - Parli - Vaijnath New Broad Gauge Line Railway Project [261.3 km] (Central Railway [CR] - II) (705356) (220100181) (1478),Ministry of Railways,Railways,Maharashtra,10/1/2002,3/1/2026,2538.67,5210.08,93,205.2287,4957.27,2418.6,95.2704,1,3/1/2026,0,0,0
705357,Baramati Lonand New Line Project (Central Railway) (705357) (N22000615) (2255),Ministry of Railways,Railways,Maharashtra,3/1/1999,3/1/2027,138.48,1021.11,60,737.37,1843.9,1705.42,1231.528,1,3/1/2027,0,0,0
705358,Khurda-Bolangir New Broad Gauge Rail Link [301km] (East Coast Railway [ECoR] - II) (705358) (220100284) (1476),Ministry of Railways,Railways,Odisha,3/1/2001,12/1/2026,3792,5752.1,92.5,151.6904,5089,1297,34.2036,1,12/1/2026,0,0,0
705359,Talcher-Bimlagarh New Railway Line (East Coast Railway [ECoR] - II) (705359) (220100328) (423),Ministry of Railways,Railways,Odisha,12/1/2004,3/1/2025,1928,2122.08,56,110.0664,1928,0,0,0,3/1/2029,1461,48,1
705362,"Jaynagar-Bijalpura, incl. extn. Bet, Bijalpura-Bardibas [Nepal] (East Central Railway [ECR] - I) (705362) (N22000181) (2290)",Ministry of Railways,Railways,Offshore,3/1/2011,3/1/2022,819,580.51,75,70.8803,819,0,0,0,3/1/2026,1461,48,1
705364,Khagaria-Kusheshwar Asthan [42Km] new line project (East Central Railway [ECR] - I) (705364) (220100257) (1883),Ministry of Railways,Railways,Bihar,12/1/1998,12/1/2024,614,491.56,55.7,80.0586,1384.16,770.16,125.4332,1,3/1/2027,820,26.94,1
705366,Hajipur-Sagauli New line (East Central Railway [ECR] - I) (705366) (220100303) (1729),Ministry of Railways,Railways,Bihar,10/1/2004,3/1/2020,2067,2115.74,75.5,102.358,2087,20,0.9676,1,6/1/2027,2648,87,1
705368,Araria Supaul New BG Line (East Central Railway [ECR] - I) (705368) (N22000177) (2265),Ministry of Railways,Railways,Bihar,3/1/2009,3/1/2024,1605,1725.95,46.9,107.5358,2514,909,56.6355,1,1/1/2027,1036,34.04,1
705373,"Fatuha-Islampur incl. MM for extn.of NL from Neora to Daniawan , Daniawan to Biharsharif, Biharsharif to Barbigha , Barbigha to Shekhpura (East Central Railway [ECR] - I) (705373) (N22000476) (2260)",Ministry of Railways,Railways,Bihar,3/1/2002,3/1/2023,1473,2712.19,98.2,184.127,2882,1409,95.6551,1,8/1/2025,884,29.04,1
705375,Koderma-Tilaiya New Line (East Central Railway [ECR] - I) (705375) (220100305) (2261),Ministry of Railways,Railways,"Multi-States (Bihar, Jharkhand)",3/1/2002,2/1/2025,1626,2221.76,95.6,136.6396,2486.62,860.62,52.9287,1,2/1/2026,365,11.99,1
705385,Pirpainti - Jasidih [100.52 Km] New BG line (Eastern Railway [ER] - I) (705385) (N22000219) (1728),Ministry of Railways,Railways,"Multi-States (Bihar, Jharkhand)",3/1/2022,3/1/2028,2555,1117.17,61.9,43.7249,2555,0,0,0,3/1/2028,0,0,0
705391,Jiribam-Imphal new line project (Northeast Frontier Railway [NFR]) (705391),Ministry of Railways,Railways,Manipur,12/1/2007,12/1/2026,14323,16226.02,72.7,113.2865,21885.9,7562.9,52.8025,1,6/1/2029,913,30,1
705392,Dimapur [Dhansiri]-Sukhobi Kohima [Zubza] NL [82.5 Km] (Northeast Frontier Railway [NFR] - II) (705392),Ministry of Railways,Railways,"Multi-States (Nagaland, Assam)",2/1/2016,3/1/2025,6663,6522.69,45,97.8942,6663,0,0,0,12/1/2029,1736,57.03,1
705394,Tetlia-Byrnihat New Railway Line (Northeast Frontier Railway [NFR]) (705394),Ministry of Railways,Railways,"Multi-States (Assam, Meghalaya)",3/1/2007,11/1/2011,1304.62,1258.8,86.16,96.4879,1304.62,0,0,0,6/1/2027,5691,186.97,1
705396,Byrnihat-Shillong New Rail Line- 108 km (Northeast Frontier Railway [NFR]) (705396),Ministry of Railways,Railways,Meghalaya,3/1/2010,3/1/2021,8324.28,266.12,2.04,3.1969,8342.28,18,0.2162,1,3/1/2027,2191,71.98,1
705401,Murkongselek-Pasighat (Northeast Frontier Railway [NFR] - II) (705401),Ministry of Railways,Railways,"Multi-States (Assam, Arunachal Pradesh)",3/1/2023,3/1/2025,435,867.76,70,199.4851,1250,815,187.3563,1,12/1/2026,640,21.03,1
705410,Nangal Dam-Talwara New Broad Gauge Line [84 KM] and Taking Over Siding Mukerian-Talwara [29 KM] (Northen Railway [NR]) (705410) (220100188) (1525),Ministry of Railways,Railways,"Multi-States (Himachal Pradesh, Punjab)",5/1/1985,12/1/2025,2018,2398.08,85.5,118.8345,2018,0,0,0,12/1/2027,730,23.98,1
705419,Gwalior - Seopurkala with extension to Kota [Gauge Conversion] (North Central Railway) (705419) (N22000148) (1767),Ministry of Railways,Railways,"Multi-States (Madhya Pradesh, Rajasthan)",7/1/2018,3/1/2025,2913,2245.43,92,77.0831,2913,0,0,0,2/1/2026,337,11.07,1
705424,Chandigarh-Baddi New Rail Line- 36 km (Northen Railway [NR]) (705424) (N22000467) (1611),Ministry of Railways,Railways,"Multi-States (Haryana, Himachal Pradesh)",2/1/2018,12/1/2026,1540,606.07,44,39.3552,1540.13,0.13,0.0084,1,12/1/2026,0,0,0
705428,Bhanupalli-Bilaspur-Beri New Railway Line Project (RVNL - II) (705428) (N22000273) (385),Ministry of Railways,Railways,"Multi-States (Himachal Pradesh, Punjab)",4/1/2015,12/1/2026,13447,7688.76,64,57.1783,13447,0,0,0,12/1/2027,365,11.99,1
705429,Rishikesh-Karnaprayag New Rail Line- 125 km (RVNL - II) (705429) (N22000406) (1764),Ministry of Railways,Railways,Uttarakhand,8/1/2018,12/1/2025,38953,28508.86,74.5,73.1878,38953,0,0,0,12/1/2028,1096,36.01,1
705432,Sivok-Rangpo New Rail Line (Indian Railway Construction International Limited [IRCON]) (705432),Ministry of Railways,Railways,Sikkim,5/1/2010,5/1/2015,7877,10933.68,93.1,138.8051,11775,3898,49.4858,1,12/1/2027,4597,151.03,1
705433,Dallirajhra- Rowghat New Railway Line - Phase I [95 km] (Rail Vikas Nigam Limited) (705433) (-) (386),Ministry of Railways,Railways,Chhattisgarh,12/1/2009,9/1/2025,1628,1440.85,82,88.5043,1628,0,0,0,12/1/2025,91,2.99,1
705434,New Railway Line between Ginigera and Raichur [165.57 km] (South Western Railway [SWR] - II) (705434) (-) (885),Ministry of Railways,Railways,Karnataka,5/1/2009,3/1/2019,2565,2373.6,70.5,92.538,3034.98,469.98,18.3228,1,3/1/2027,2922,96,1
705436,Kotapalli - Narasapur New Line (South Central Railway [SCR] - II) (705436) (220100265) (1800),Ministry of Railways,Railways,Andhra Pradesh,9/1/2013,3/1/2028,2501,1417.7,30.02,56.6853,2501,0,0,0,3/1/2028,0,0,0
705437,Manoharabad-Kothapalli New Rail Line [151 km] (South Central Railway [SCR] - II) (705437) (N22000032) (1664),Ministry of Railways,Railways,Telangana,1/1/2017,3/1/2027,1160,3073.41,72.02,264.9491,2781,1621,139.7414,1,12/1/2027,275,9.03,1
705444,Gevra Road-Pendra Road New Railway Line [135 km] (Indian Railway Construction International Limited [IRCON]) (705444) (-) (2095),Ministry of Railways,Railways,Chhattisgarh,4/1/2014,3/1/2022,4970,5212.72,83,104.8837,7448.52,2478.52,49.8696,1,12/1/2026,1736,57.03,1
705450,Jogbani-Biratnagar New Rail Line project (Indian Railway Construction International Limited [IRCON]) (705450) (N22000207) (1904),Ministry of Railways,Railways,Bihar,1/1/2011,3/1/2022,402,369.48,86.5,91.9104,486,84,20.8955,1,12/1/2026,1736,57.03,1
705453,"New line Dahod-Indore via Sardarpur, Jabuwa and Dhar (Western Railway [WR] - II) (705453) (N22000139) (1547)",Ministry of Railways,Railways,"Multi-States (Gujarat, Madhya Pradesh)",6/1/2012,2/1/2027,456.07,4166.4,55,913.544,3516.77,3060.7,671.1031,1,2/1/2027,0,0,0
705454,Chhota Udaipur - Dhar New Line Project [157 km] (Western Railway [WR] - II) (705454) (N22000138) (2230),Ministry of Railways,Railways,"Multi-States (Gujarat, Madhya Pradesh)",1/1/2014,12/1/2025,1794,1826.68,80.5,101.8216,1794,0,0,0,12/1/2025,0,0,0
705457,Ratlam-Mhow-Khandwa-Akola Gauge Conversion (Western Railway [WR] - II) (705457) (N22000120) (1544),Ministry of Railways,Railways,"Multi-States (Madhya Pradesh, Maharashtra)",3/1/2010,3/1/2027,1656.25,4606.71,83,278.141,6499.86,4843.61,292.4444,1,9/1/2028,550,18.07,1
705458,Miyagam-Karjan-Dabhoi-Samlaya [GC] (Western Railway [WR] - II) (705458) (N22000142) (1781),Ministry of Railways,Railways,Gujarat,1/1/2017,3/1/2021,483.88,723.52,45,149.5247,1039.13,555.25,114.7495,1,12/1/2026,2101,69.03,1
705464,Bangalore-Satyamanglam New Line Project [260 Km] - Part Hejjala - Chamarajanagar [142 Km] (South Western Railway [SWR] - II) (705464) (-) (6110),Ministry of Railways,Railways,Karnataka,7/1/2026,12/1/2031,1382.78,0,0,0,1382.78,0,0,0,,,,
705479,Wadsa-Gadchiroli (South East Central Railway) (705479) (N22000480) (2276),Ministry of Railways,Railways,Maharashtra,3/1/2012,3/1/2027,1886,809.56,66,42.9247,1886,0,0,0,3/1/2027,0,0,0
705480,"Lalitpur-Satna, Rewa-Singrauli & Mahoba-Khajuraho (North Central Railway) (705480) (220100232) (1208)",Ministry of Railways,Railways,Madhya Pradesh,3/1/1998,3/1/2027,8914,6889.55,74,77.2891,8914,0,0,0,12/1/2027,275,9.03,1
705481,Ramganjmandi-Bhopal New Line Project [276.50 km] (West Central Railway [WCR] - II) (705481) (220100314) (1542),Ministry of Railways,Railways,"Multi-States (Madhya Pradesh, Rajasthan)",10/1/2004,12/1/2025,3032,4170.81,82,137.5597,5073,2041,67.3153,1,12/1/2027,730,23.98,1
705482,Dholpur - Sirmuttra Gauge Conversion (North Central Railway) (705482) (N22000158) (1692),Ministry of Railways,Railways,Rajasthan,4/1/2020,2/1/2019,747,509.8,49.7,68.2463,747,0,0,0,2/1/2027,2922,96,1
705489,Madurai- Tuticorin New Line (Ministry of Railways) (705489) (-) (1508),Ministry of Railways,Railways,Tamil Nadu,9/1/2016,7/1/2021,601.43,351.21,14,58.3958,2084.48,1483.05,246.5873,1,1/1/2031,3471,114.04,1
705490,Gadag-Wadi New Railway Line [257 km] (South Western Railway [SWR] - II) (705490) (N22000299) (1541),Ministry of Railways,Railways,Karnataka,8/1/2017,3/1/2027,2842,1613.49,40,56.773,6700,3858,135.7495,1,12/1/2027,275,9.03,1
705491,Marikuppam - Kuppam New Line Project [23.70 Km] (South Western Railway [SWR] - II) (705491) (N22000308) (-),Ministry of Railways,Railways,"Multi-States (Andhra Pradesh, Karnataka)",10/1/2018,6/1/2026,297,146.45,21.5,49.3098,297,0,0,0,6/1/2026,0,0,0
705492,Kadur - Chickamagalur - Sakleshpur [93km] (South Western Railway [SWR] - II) (705492) (N22000486) (2227),Ministry of Railways,Railways,Karnataka,11/1/2016,6/1/2025,825,781.94,84.5,94.7806,825,0,0,0,12/1/2025,183,6.01,1
705493,Hubli-Ankola New Line Project [164.44 km] (South Western Railway [SWR] - II) (705493) (-) (652),Ministry of Railways,Railways,Karnataka,1/1/2000,3/1/2005,5174,178.42,4.7,3.4484,5174,0,0,0,3/1/2030,9131,299.99,1
705494,Rayadurg-Tumkur via Kalyandurg New Line [207 km] (South Western Railway [SWR] - II) (705494) (N22000279) (1555),Ministry of Railways,Railways,"Multi-States (Andhra Pradesh, Karnataka)",7/1/2010,9/1/2015,2496,1941.02,72.5,77.7652,2496,0,0,0,2/1/2028,4536,149.03,1
705495,Bagalkot-Kudachi New Railway Line [142 km] (South Western Railway [SWR] - II) (705495) (N22000258) (1778),Ministry of Railways,Railways,Karnataka,11/1/2012,3/1/2027,1378,808.56,36.3,58.6763,1649,271,19.6662,1,1/1/2027,-59,-1.94,0
705496,Tumkur-Chitradurga-Davangere New Rail Line Project [191 km] (South Western Railway [SWR] - II) (705496) (N22000256) (1531),Ministry of Railways,Railways,Karnataka,1/1/2017,3/1/2019,1876,613.6,15.8,32.7079,1876,0,0,0,12/1/2027,3197,105.03,1
705497,Wardha - Yavatmal Nanded Railway Line Project (Central Railways) (705497) (-) (6638),Ministry of Railways,Railways,Maharashtra,4/1/2013,12/1/2026,3445.34,4043.37,47,117.3576,4030.69,585.35,16.9896,1,,,,
705498,3rd Line Kalyan - Kasara [67.35 Kilometres] (Central Railway) (705498) (N22000233) (1782),Ministry of Railways,Railways,Maharashtra,9/1/2015,12/1/2026,792.89,1082.64,73,136.5435,1395.79,602.9,76.0383,1,12/1/2026,0,0,0
705500,3rd Line Wardha - Sewagram - Nagpur (Central Railway [CR] - II) (705500) (N22000250) (1784),Ministry of Railways,Railways,Maharashtra,5/1/2016,12/1/2025,540.02,842.32,88,155.9794,916.53,376.51,69.7215,1,10/1/2026,304,9.99,1
705502,3rd Line Wardha - Ballarshah [132 Kilometres] (Central Railway [CR] - II) (705502) (N22000356) (1775),Ministry of Railways,Railways,Maharashtra,12/1/2016,12/1/2025,1384.72,1829.64,86,132.1307,2033.59,648.87,46.8593,1,2/1/2026,62,2.04,1
705504,Doubling of Daund Manmad Line [247.6 km] (Central Railway) (705504) (N22000360) (2304),Ministry of Railways,Railways,Maharashtra,3/1/2017,12/1/2025,2081.27,3105.38,92,149.206,3267.06,1185.79,56.9743,1,3/1/2026,90,2.96,1
705505,4th Line Wardha - Nagpur [78.7 Kilometres] (Central Railway [CR] - II) (705505) (N22000362) (1789),Ministry of Railways,Railways,Maharashtra,5/1/2018,12/1/2025,637.95,1049.42,88,164.4988,1214.69,576.74,90.4052,1,10/1/2026,304,9.99,1
705506,3rd Line Manmad - Jalgaon [160 Kilometres] (Central Railway [CR] - II) (705506) (N22000361) (1776),Ministry of Railways,Railways,Maharashtra,4/1/2018,12/1/2024,1035.16,1842.26,100,177.9686,1870,834.84,80.6484,1,11/1/2025,335,11.01,1
705507,Itarsi - Nagpur Third Railway Line [280 km] (Central Railway [CR] - II) (705507) (N22000358) (1772),Ministry of Railways,Railways,"Multi-States (Madhya Pradesh, Maharashtra)",9/1/2016,3/1/2027,2449.91,2164.79,50,88.362,2506.68,56.77,2.3172,1,12/1/2027,275,9.03,1
705510,Bhadrak-Nergundi Third Line (East Coast Railway [ECoR] - II) (705510) (N22000316) (1854),Ministry of Railways,Railways,Odisha,4/1/2015,11/1/2024,1284,1379.6,95.8,107.4455,1284,0,0,0,1/1/2026,426,14,1
705511,Jagdalpur-Koraput (East Coast Railway [ECoR] - II) (705511) (N22000376) (2306),Ministry of Railways,Railways,"Multi-States (Chhattisgarh, Odisha)",3/1/2016,3/1/2024,1547,1387.24,94.94,89.6729,1547,0,0,0,12/1/2026,1005,33.02,1
705512,Doubling of Kottavalasa-Koraput Rail Line [189 KM] (East Coast Railway [ECoR] - II) (705512) (N22000377) (1763),Ministry of Railways,Railways,"Multi-States (Andhra Pradesh, Odisha)",1/1/2016,3/1/2022,2500,2217.87,73,88.7148,2500,0,0,0,3/1/2028,2192,72.02,1
705513,Koraput - Singapur Railway Doubling (East Coast Railway [ECoR] - II) (705513) (N22000379) (1857),Ministry of Railways,Railways,Odisha,12/1/2015,12/1/2027,2362,1976.38,75.19,83.674,2362,0,0,0,3/1/2028,91,2.99,1
705514,Jarapada- Budhapank with flyover at Talcher road 3rd and 4th Line (East Coast Railway [ECoR] - II) (705514) (N22000380) (1855),Ministry of Railways,Railways,Odisha,12/1/2015,11/1/2018,1000,469.78,59,46.978,810.02,-189.98,-18.998,0,3/1/2028,3408,111.97,1
705515,3rd & 4th Railway Line Project from Salegaon to Budhapank via Rajathgarh. (East Coast Railway [ECoR] - II) (705515) (N22000381) (1752),Ministry of Railways,Railways,Odisha,12/1/2015,3/1/2026,1173,2138.09,90,182.2754,2092,919,78.3461,1,3/1/2026,0,0,0
705526,Samastipur-Darbhanga Doubling Railway Project (East Central Railway [ECR] - I) (705526) (N22000329) (2308),Ministry of Railways,Railways,Bihar,12/1/2015,3/1/2025,519,409.48,100,78.8979,519,0,0,0,10/1/2025,214,7.03,1
705527,Sagauli-Valmiknagar (East Central Railway [ECR] - I) (705527) (N22000472) (2309),Ministry of Railways,Railways,Bihar,3/1/2017,12/1/2025,1216,2102.51,93,172.9038,2222,1006,82.7303,1,12/1/2025,0,0,0
705528,Muzaffarpur-Sugauli (East Central Railway [ECR] - I) (705528) (N22000473) (2310),Ministry of Railways,Railways,Bihar,3/1/2017,6/1/2024,1586,1499.23,99,94.529,1586,0,0,0,6/1/2026,730,23.98,1
705562,Chhapra-Ballia Patch Doubling (North Eastern Railway [NER]) (705562) (N22000134) (2325),Ministry of Railways,Railways,"Multi-States (Bihar, Uttar Pradesh)",12/1/2015,2/1/2025,963,918.18,96,95.3458,1046,83,8.6189,1,5/1/2026,454,14.92,1
705567,Burhwal Gonda 3rd line (North Eastern Railway [NER]) (705567) (N22000468) (2328),Ministry of Railways,Railways,Uttar Pradesh,7/1/2019,3/1/2025,1016,1058.77,88.5,104.2096,1118,102,10.0394,1,5/1/2026,426,14,1
705572,Doubling of New Bonggigaon to Kamakhya via Goalpara - 176 km (Northeast Frontier Railway [NFR]) (705572),Ministry of Railways,Railways,Assam,9/1/2016,3/1/2026,4060,3831.06,95.16,94.3611,4961,901,22.1921,1,3/1/2026,0,0,0
705583,Anand Vihar-Tilak Bridge 3rd & 4th line (CAO/C/NR) (705583) (N22000281) (2336),Ministry of Railways,Railways,Delhi,3/1/2013,3/1/2023,667,324.17,23,48.6012,667,0,0,0,12/1/2027,1736,57.03,1
705588,Janghai-Pratapgarh- Amethi (CAO/C/II/NR) (705588) (N22000583) (2339),Ministry of Railways,Railways,Uttar Pradesh,3/1/2017,3/1/2025,722,1729.27,70,239.5111,1194,472,65.374,1,3/1/2026,365,11.99,1
705598,Jhansi - Bina Third Railway Line [153 Km] (CAO/C/NCR) (705598) (N22000496) (2083),Ministry of Railways,Railways,"Multi-States (Madhya Pradesh, Uttar Pradesh)",3/1/2018,3/1/2022,2002,1942.49,96,97.0275,2002,0,0,0,3/1/2026,1461,48,1
705608,Jhansi-Khairar-Manikpur & Khirar-Bhimsen (North Central Railway) (705608) (N22000495) (2319),Ministry of Railways,Railways,"Multi-States (Madhya Pradesh, Uttar Pradesh)",4/1/2019,3/1/2026,4330,3000.09,70,69.2861,4330,0,0,0,3/1/2026,0,0,0
705610,"Renigunta, Wadi & Gooty Bypass Railway Project (South Central Railway [SCR] - II) (705610) (N22000587) (9928)",Ministry of Railways,Railways,"Multi-States (Andhra Pradesh, Karnataka)",4/1/2016,12/1/2025,302,636.74,89.04,210.8411,543,241,79.8013,1,3/1/2026,90,2.96,1
705612,Kazipet-Vijayawada 3rd line with electrification [220 km] (South Central Railway [SCR] - II) (705612) (N22000261) (2087),Ministry of Railways,Railways,"Multi-States (Andhra Pradesh, Telangana)",8/1/2014,2/1/2025,1953,5192.51,95.02,265.8735,3363,1410,72.1966,1,12/1/2025,303,9.95,1
705613,Third Line [new] between Kazipet - Balharshah with electrification [201.04 Km] (South Central Railway [SCR] - II) (705613) (N22000367) (1773),Ministry of Railways,Railways,"Multi-States (Maharashtra, Telangana)",10/1/2016,1/1/2025,2595,4154.83,94.8,160.1091,3071,476,18.343,1,11/1/2025,304,9.99,1
705616,Jharsuguda-Bilaspur Fourth Railway Line [206 km] (SECR) (705616) (N22000484) (2001),Ministry of Railways,Railways,"Multi-States (Chhattisgarh, Odisha)",9/1/2016,10/1/2024,2140,2282.17,97,106.6435,2979,839,39.2056,1,3/1/2026,516,16.95,1
705617,Rajnandgaon - Nagpur [Kalumna] Third Railway Line [228.30 km] (South East Central Railway [SECR] - II) (705617) (N22000420) (1851),Ministry of Railways,Railways,"Multi-States (Chhattisgarh, Maharashtra)",12/1/2016,12/1/2024,3545,3655.47,96,103.1162,3545,0,0,0,6/1/2026,547,17.97,1
705628,Doubling of Hatia [Ranchi]-Bondamunda Rail Line - 159 km (South Eastern Railway - JH) (705628) (N22000396) (1802),Ministry of Railways,Railways,"Multi-States (Jharkhand, Odisha)",2/1/2017,6/1/2025,3029,2649.22,94,87.4619,3029.04,0.04,0.0013,1,6/1/2026,365,11.99,1
705629,Narayangarh-Bhadrak 3rd line (South Eastern Railway [SER] - I) (705629) (N22000506) (2385),Ministry of Railways,Railways,"Multi-States (Odisha, West Bengal)",3/1/2017,12/1/2025,2400,2713.19,82,113.0496,3425.32,1025.32,42.7217,1,1/1/2027,396,13.01,1
705632,Vijayawada - Kazipet Byepass line (South Central Railway [SCR] - II) (705632) (N22000586) (2000),Ministry of Railways,Railways,"Multi-States (Andhra Pradesh, Telangana)",4/1/2016,1/1/2025,647,1249.39,93.6,193.1051,904,257,39.7218,1,12/1/2025,334,10.97,1
705633,Guntur-Guntakal Doubling Project (South Central Railway [SCR] - II) (705633) (N22000368) (1799),Ministry of Railways,Railways,Andhra Pradesh,11/1/2017,12/1/2025,3733,5552.65,94.05,148.745,4295,562,15.0549,1,12/1/2026,365,11.99,1
705635,Trivandrum- Kanyakumari (Southern Railway [SR] - I) (705635) (N22000399) (2388),Ministry of Railways,Railways,"Multi-States (Kerala, Tamil Nadu)",3/1/2016,3/1/2025,1432,3195,57,223.1145,3785.45,2353.45,164.3471,1,6/1/2028,1188,39.03,1
705638,Kumbalam-Turavur doubling project [15.59 Km] (Ministry of Railways) (705638) (N22000620) (1717),Ministry of Railways,Railways,Kerala,4/1/2023,3/1/2027,813,127.64,33,15.6999,802.8,-10.2,-1.2546,0,3/1/2027,0,0,0
705639,Ernakulam-Kumbalam doubling project [7.71 Km] (SR-ERS) (705639) (N22000619) (1716),Ministry of Railways,Railways,Kerala,4/1/2023,3/1/2028,601,309.85,25.5,51.5557,595.39,-5.61,-0.9334,0,2/1/2027,-394,-12.94,0
705648,Vijaywada-Gudur 3rd Line (RVNL - II) (705648) (N22000369) (1873),Ministry of Railways,Railways,Andhra Pradesh,4/1/2018,11/1/2024,6654,6181.65,96,92.9013,6654,0,0,0,3/1/2026,485,15.93,1
705650,Hospet - Tinaighat - Vasco Rail Doubling Project (RVNL - II) (705650) (N22000297) (1470),Ministry of Railways,Railways,"Multi-States (Goa, Karnataka)",7/1/2012,3/1/2027,5060,5332.52,86.2,105.3858,5060,0,0,0,12/1/2027,275,9.03,1
705659,Satna-Rewa Railway Line Doubling Project (West Central Railway [WCR] - II) (705659) (N22000554) (7289),Ministry of Railways,Railways,Madhya Pradesh,8/1/2017,3/1/2026,500,573.8,88,114.76,584,84,16.8,1,3/1/2026,0,0,0
705660,Doubling of Katni - Singrauli Railway Line [261 km] (Indian Railway Construction International Limited [IRCON]) (705660) (N22000351) (1969),Ministry of Railways,Railways,Madhya Pradesh,3/1/2017,12/1/2025,2445,3360.89,81.2,137.4597,4377,1932,79.0184,1,12/1/2025,0,0,0
705661,Katni Grade Separator/Bye Pass (Indian Railway Construction International Limited [IRCON]) (705661) (N22000416) (1811),Ministry of Railways,Railways,Madhya Pradesh,9/1/2017,9/1/2024,1248,1850.38,95,148.2676,1248,0,0,0,9/1/2026,730,23.98,1
705663,Bangalore-Whitefield-Bangalore City-Krishnarajapuram [23.08 km] - Quadrupling (South Western Railway [SWR] - II) (705663) (N22000621) (3892),Ministry of Railways,Railways,Karnataka,6/1/2022,2/1/2026,493,345.82,85.8,70.146,493,0,0,0,2/1/2026,0,0,0
705667,Mathura-Jhansi Third Railway Line [274 Km] (RVNL - II) (705667) (N22000501) (2005),Ministry of Railways,Railways,"Multi-States (Madhya Pradesh, Rajasthan, Uttar Pradesh)",3/1/2018,12/1/2024,5961,5171.79,96.32,86.7604,5961,0,0,0,12/1/2026,730,23.98,1
705668,KHARAGPUR-ADITYAPUR THIRD RAIL LINE- 132 KM (RVNL - I) (705668) (N22000595) (1862),Ministry of Railways,Railways,"Multi-States (Jharkhand, West Bengal)",1/1/2018,3/1/2025,3250,3287.19,98,101.1443,3250,0,0,0,6/1/2026,457,15.01,1
705728,Mumbai-Ahmedabad High Speed Rail Project- 508 km (National High Speed Rail Corporation [NHSRC]) (705728) (N22000463) (1748),Ministry of Railways,Railways,"Multi-States (Dadra & Nagar Haveli and Daman & Diu, Gujarat, Maharashtra)",9/1/2017,8/1/2027,108000,90966.89,60.87,84.2286,108000,0,0,0,12/1/2029,853,28.02,1
705730,Joka-BBD Bag new metro project (RVNL - II) (705730) (N22000111) (648),Ministry of Railways,Railways,West Bengal,4/1/2010,12/1/2026,4835,4998.49,51,103.3814,10362,5527,114.3123,1,12/1/2029,1096,36.01,1
705735,Solapur-tuljapur-Osmanabad (Central Railway) (705735) (N22000513) (2256),Ministry of Railways,Railways,Maharashtra,12/1/2023,3/1/2027,904.92,1245.51,11,137.6376,3295.74,2390.82,264.2024,1,3/1/2028,366,12.02,1
705741,Jeypore-Navarangpur New Rail Line Project (East Coast Railway [ECoR] - II) (705741) (N22000517) (3436),Ministry of Railways,Railways,Odisha,4/1/2023,7/1/2028,748,15.91,2.13,2.127,748,0,0,0,12/1/2029,518,17.02,1
705742,Jeypore-Malkanagiri New Railway Line Project (East Coast Railway [ECoR] - II) (705742) (N22000516) (3458),Ministry of Railways,Railways,Odisha,12/1/2023,7/1/2033,2344,549.72,7.5,23.4522,2344,0,0,0,7/1/2033,0,0,0
705747,Parasnath-Madhuban-Giridih new line (East Central Railway [ECR] - I) (705747) (-) (2266),Ministry of Railways,Railways,Jharkhand,3/1/2019,3/1/2024,902.86,0,0.1,0,902.86,0,0,0,3/1/2026,730,23.98,1
705752,Gudha-Thatha Mithri Construction of Railway Track Project (North Western Railway [NWR]) (705752) (N22000593) (7072),Ministry of Railways,Railways,Rajasthan,4/1/2019,11/1/2026,819.48,405.39,95,49.4692,967.06,147.58,18.009,1,11/1/2026,0,0,0
705761,SHIMOGA - SHIKARIPURA - RANEBENNUR [96 Km] (South Western Railway [SWR] - II) (705761) (N22000559) (3292),Ministry of Railways,Railways,Karnataka,2/1/2023,12/1/2027,1454,111.67,13.8,7.6802,1454,0,0,0,6/1/2028,183,6.01,1
705762,Construction of New BG line between Hassan [Alur] to Belur [ Km 27.34] (South Western Railway [SWR] - II) (705762) (-) (6107),Ministry of Railways,Railways,Karnataka,9/1/2022,4/1/2027,748.86,1.15,0.3,0.1536,748.86,0,0,0,12/1/2027,244,8.02,1
705763,Indore - Budni New Railway Line [198 kms] (RVNL - II) (705763) (N22000601) (1941),Ministry of Railways,Railways,Madhya Pradesh,10/1/2020,9/1/2030,7474,2617.51,37,35.0215,7474,0,0,0,9/1/2030,0,0,0
705764,Nimach-Badi Sadri New Rail Line Project (Western Railway [WR] - II) (705764) (N22000503) (9926),Ministry of Railways,Railways,"Multi-States (Madhya Pradesh, Rajasthan)",9/1/2021,3/1/2026,495,284.66,60,57.5071,825,330,66.6667,1,6/1/2026,92,3.02,1
705765,Gomoh - Flyover for DN trains (East Central Railway [ECR] - I) (705765) (N22000611) (2019),Ministry of Railways,Railways,Jharkhand,1/1/2018,3/1/2026,686,634.71,66.7,92.5233,686,0,0,0,3/1/2026,0,0,0
705766,Lalitpur-Birari with flyover at Lalitpur- 16 Km (North Central Railway) (705766) (N22000546) (2084),Ministry of Railways,Railways,Uttar Pradesh,11/1/2017,12/1/2024,304.44,279.26,86,91.7291,356,51.56,16.936,1,1/1/2026,396,13.01,1
705771,Allahabad-Bamhrauli Flyover Construction & 4th Railway Line Project (North Central Railway) (705771) (N22000563) (-),Ministry of Railways,Railways,Uttar Pradesh,10/1/2020,3/1/2026,494,410.3,80,83.0567,494,0,0,0,3/1/2026,0,0,0
705772,"Mughalsarai-Allahabad, 3rd line (North Central Railway) (705772) (N22000544) (2317)",Ministry of Railways,Railways,Uttar Pradesh,3/1/2016,12/1/2026,2649,1991.04,73,75.1619,2649.44,0.44,0.0166,1,3/1/2027,90,2.96,1
705774,Aligarh -Daud Khan Flyover Construction & 3rd Railway Line Project (CAO/C/NCR) (705774) (N22000562) (6129),Ministry of Railways,Railways,Uttar Pradesh,9/1/2020,1/1/2025,758,511.12,83,67.4301,779.49,21.49,2.8351,1,3/1/2027,789,25.92,1
705777,Bhandai - Flyover for Etawah bound down train- 10 Km (North Central Railway [NCR] - II) (705777) (N22000564) (10080),Ministry of Railways,Railways,Uttar Pradesh,4/1/2021,2/1/2026,250.18,163.27,9,65.261,250.18,0,0,0,2/1/2027,365,11.99,1
705780,Bhatni-Aurnihar with electrification excluding Indara-Mau (RVNL - I) (705780) (N22000598) (2330),Ministry of Railways,Railways,Uttar Pradesh,3/1/2017,12/1/2024,2529,2169.72,96.6,85.7936,2529.46,0.46,0.0182,1,6/1/2026,547,17.97,1
705782,Barabanki-Malhaur 3rd & 4th Railway Line Project (Ministry of Railways) (705782) (N22000590) (-),Ministry of Railways,Railways,Uttar Pradesh,4/1/2017,3/1/2025,407,417.22,78,102.5111,407,0,0,0,8/1/2026,518,17.02,1
705783,Ludhiana- Killa Raipur Railway Doubling Project (Railway) (705783) (N22000584) (-),Ministry of Railways,Railways,Punjab,12/1/2022,3/1/2025,237.64,137.05,57,57.6713,238,0.36,0.1515,1,2/1/2027,702,23.06,1
705785,Lodhma - Piska - Link Line bypassing Hatia/Ranchi with Y connection (South Eastern Railway [SER] - I) (705785) (N22000508) (2397),Ministry of Railways,Railways,Jharkhand,3/1/2019,6/1/2026,473,349.31,10,73.8499,473,0,0,0,5/1/2027,334,10.97,1
705793,Raising of speed to 160 kmph/200 kmph on existing New Delhi-Mumbai route incl. Vadodara-Ahmedabad (PCE/WR) (705793) (-) (-),Ministry of Railways,Railways,"Multi-States (Delhi, Gujarat, Madhya Pradesh, Maharashtra, Rajasthan)",9/1/2019,3/1/2024,6806.44,9480.86,66.32,139.2925,8095.12,1288.68,18.9332,1,3/1/2026,730,23.98,1
705794,New Delhi- Howrah Speed Booster[160Kmph] Project (PCE/NCR) (705794) (-) (-),Ministry of Railways,Railways,"Multi-States (Bihar, Delhi, Jharkhand, Uttar Pradesh, West Bengal)",9/1/2019,3/1/2024,6684.81,127.03,0,1.9003,6684.81,0,0,0,,,,
705799,Nagpur- Nagbhir Railway Line Gauge Conversion Project (MRIDC) (705799) (N22000629) (-),Ministry of Railways,Railways,Maharashtra,4/1/2020,12/1/2025,1400,1472,80,105.1429,1400,0,0,0,12/1/2025,0,0,0
705912,Sawai Madhopur-Jaipur Railway Line Project (North Western Railway [NWR]) (705912) (-) (7354),Ministry of Railways,Railways,Rajasthan,4/1/2023,3/1/2027,1203.89,208.67,19,17.333,1203.89,0,0,0,,,,
705918,Allahabad division - Aligarh - Harduaganj Flyover (North Central Railway) (705918) (N22000545) (3451),Ministry of Railways,Railways,Uttar Pradesh,2/1/2021,10/1/2026,1457,400.19,36,27.4667,1457,0,0,0,3/1/2027,151,4.96,1
705919,Agra Fort-Bandikui Doubling Line Project (CAO/C/NCR) (705919) (N22000553) (-),Ministry of Railways,Railways,Rajasthan,2/1/2021,6/1/2027,1390,529.92,56,38.1237,1390,0,0,0,6/1/2027,0,0,0
705933,Nimach-Ratlam Doubling [133 Km] (Western Railway [WR] - II) (705933) (N22000536) (3802),Ministry of Railways,Railways,Madhya Pradesh,10/1/2021,10/1/2027,1095.88,1284.91,94,117.2492,1095.88,0,0,0,10/1/2027,0,0,0
705941,Bangalore Suburban Railway Project (Karnataka Rail Infrastructure Development Company Limited [K-RIDE]) (705941) (-) (5237),Ministry of Railways,Railways,Karnataka,10/1/2020,12/1/2026,15767,3277.99,20.02,20.7902,15767,0,0,0,3/1/2030,1186,38.97,1
706718,C/o NITB Imphal Airport (Airport Authority of India [AAI]) (706718),Ministry of Civil Aviation,Aviation & Aviation Infrastructure,Manipur,7/1/2022,7/1/2024,499,206.61,51.65,41.4048,499,0,0,0,12/1/2026,883,29.01,1
706724,Guwahati Airport New Integrated Terminal Building Construction Project (Adani Airport Holdings Limited) (706724),Ministry of Civil Aviation,Aviation & Aviation Infrastructure,Assam,3/1/2018,3/1/2025,1712,2639.99,98.5,154.205,2520,808,47.1963,1,6/1/2026,457,15.01,1
706757,Modasa-Shamlaji Road Railway Line Project (Western Railway WR - II) (706757) (N22000622) (-),Ministry of Railways,Railways,Gujarat,4/1/2008,3/1/2025,262,387.82,64,148.0229,262,0,0,0,3/1/2026,365,11.99,1
706759,Rampur Dumra-Tal-Rajendrapul Additional Bridge and Railway Line Doubling (Indian Railway Construction International Limited [IRCON]) (706759) (N22000350) (1753),Ministry of Railways,Railways,Bihar,5/1/2017,12/1/2024,2373.64,1581.96,98.5,66.647,1700.24,-673.4,-28.3699,0,12/1/2025,365,11.99,1
706763,Rajkot - Kanalus Doubling Project [111.2 Kms] (Western Railway WR - II) (706763) (N22000535) (3803),Ministry of Railways,Railways,Gujarat,12/1/2021,10/1/2026,1080.58,958.41,81,88.694,1080.58,0,0,0,6/1/2026,-122,-4.01,0
706775,BharatNet (Department of Telecommunications [DoT]) (706775) (-) (3123),Department of Telecommunications,Telecommunication,PAN India,10/1/2011,8/1/2023,61109,46431.54,83.3,75.9815,188000,126891,207.647,1,3/1/2027,1308,42.97,1
706776,"Noapara-Barasat via Bimanbandar - Construction of Metro railway [18 km] (Metro Railway, Kolkata) (706776) (N22000108) (3398)",Ministry of Railways,Railways,West Bengal,3/1/2010,8/1/2026,4830,3350.62,32.2,69.371,4830,0,0,0,3/1/2029,943,30.98,1
706777,Baranagar-Barrackpore and Dakshineshwar- Construction of Metro Railway (RVNL - II) (706777) (N22000109) (3400),Ministry of Railways,Railways,West Bengal,3/1/2010,12/1/2026,2298,429.56,17,18.6928,2734,436,18.973,1,12/1/2030,1461,48,1
706779,Mumbai Urban Transport Project [MUTP] - PHASE II (Mumbai Rail Vikas Corporation Ltd.[MRVC]) (706779) (N22000092) (1681),Ministry of Railways,Railways,Maharashtra,4/1/2008,3/1/2014,8087,7522.09,90,93.0146,8087,0,0,0,12/1/2027,5023,165.03,1
706780,Mumbai Urban Transport Project [MUTP] Phase-IIIA (Mumbai Rail Vikas Corporation Ltd.[MRVC]) (706780) (N22000627) (3407),Ministry of Railways,Railways,Maharashtra,4/1/2019,12/1/2027,33690,3741.95,25,11.107,33690,0,0,0,12/1/2027,0,0,0
706781,Mumbai Urban Transport Project Phase-III (Mumbai Rail Vikas Corporation Ltd.[MRVC]) (706781) (-) (3406),Ministry of Railways,Railways,Maharashtra,12/1/2016,3/1/2022,10947,6732.2,75,61.4981,10947,0,0,0,12/1/2026,1736,57.03,1
706811,NMDC Slurry Pipeline Project Phase-1 (National Mineral Development Corporation Limited [NMDC]) (706811) (N12000124) (870),Ministry of Steel,Steel,Chhattisgarh,9/1/2020,6/1/2023,2907,3616.88,94.6,124.4197,5427,2520,86.6873,1,5/1/2026,1065,34.99,1
706835,Belgaum-Dharwad via Kittur [73.10Km] (South Western Railway [SWR] - II) (706835) (N22000557) (3384),Ministry of Railways,Railways,Karnataka,3/1/2025,12/1/2027,1591,0.38,0,0.0239,1591,0,0,0,3/1/2029,456,14.98,1
706836,Dedicated Test Track for RDSO /Phase-II Project (North Western Railway [NWR]) (706836) (-) (-),Ministry of Railways,Railways,Rajasthan,1/1/2022,3/1/2026,466.42,538.22,98,115.3939,466.42,0,0,0,,,,
706837,Pradhan Kuntha Jn Line Doubling Project (East Central Railway [ECR] - I) (706837) (N22000529) (-),Ministry of Railways,Railways,Jharkhand,11/1/2022,11/1/2027,349.22,145.57,72,41.6843,349.22,0,0,0,11/1/2027,0,0,0
706854,Boridand - Ambikapur Doubling Line Project (South East Central Railway [SECR] - II) (706854) (N22000580) (-),Ministry of Railways,Railways,Chhattisgarh,4/1/2022,6/1/2030,1376,290.16,28,21.0872,1576.72,200.72,14.5872,1,6/1/2030,0,0,0
706860,Barauni-Bachwara [16 km] - 3rd & 4th line incl. Barauni yard remodelling [32 km] (East Central Railway [ECR] - I) (706860) (N22000524) (9923),Ministry of Railways,Railways,Bihar,8/1/2025,8/1/2025,645,54.13,56.9,8.3922,645,0,0,0,10/1/2026,426,14,1
706865,Chandargaon - Cansaulium Rail Flyover Project [16 Km] (South Western Railway [SWR] - II) (706865) (-) (6111),Ministry of Railways,Railways,Goa,4/1/2026,3/1/2031,1892,0,0,0,1892,0,0,0,,,,
706866,Sawaimadhopur Bye Pass Line Project (North Western Railway [NWR]) (706866) (N22000607) (-),Ministry of Railways,Railways,Rajasthan,1/1/2023,3/1/2026,304,84.59,77,27.8257,304,0,0,0,5/1/2027,426,14,1
706898,Khurda Road - Balangir Electrification of Railway Track Project (Ministry of Railways) (706898) (-) (-),Ministry of Railways,Railways,Odisha,9/1/2019,3/1/2021,267.61,0,0,0,267.61,0,0,0,,,,
706922,Guwahati-Dibrugarh via Tinsukia & Simaluguri-Dibrugarh (Central Organisation for Railway Electrification (CORE)) (706922),Ministry of Railways,Railways,Assam,9/1/2018,9/1/2020,890.36,391.73,89,43.9968,889.36,-1,-0.1123,0,6/1/2024,1369,44.98,1
706940,"Mariani-Jorhat, Tinsukia-Dangri and Makum -TirapTrack Electrification Project (GM/C/ NFR) (706940)",Ministry of Railways,Railways,Assam,1/1/2022,5/1/2024,183.99,0,0,0,183.99,0,0,0,,,,
706942,Harmuty-Murkongselek Branch Line Electrification Project (GM/C/ NFR) (706942),Ministry of Railways,Railways,Assam,1/1/2022,5/1/2024,237.52,0,0,0,237.52,0,0,0,,,,
706950,Hospet-Hubli-Vasco da Gama Line Electrification Project (RVNL) (706950) (-) (-),Ministry of Railways,Railways,"Multi-States (Goa, Karnataka)",5/1/2018,3/1/2023,744.49,1161.44,99.7,156.0048,1122.62,378.13,50.7905,1,6/1/2026,1188,39.03,1
706965,"Establishment of new GMC Saran [Chhapara] (Medical Education, Ministry of Health and Family Welfare) (706965) (-) (-)",Ministry of Health & Family Welfare,Healthcare,Bihar,,,189,113.4,0,60,189,0,0,0,,,,
706966,"Establishment of new GMC Samastipur (Medical Education, Ministry of Health and Family Welfare) (706966) (-) (-)",Ministry of Health & Family Welfare,Healthcare,Bihar,,,189,113.4,0,60,189,0,0,0,,,,
706988,"Establishment of new GMC Gondia (Medical Education, Ministry of Health and Family Welfare) (706988) (-) (-)",Ministry of Health & Family Welfare,Healthcare,Maharashtra,,,189,113.4,0,60,189,0,0,0,,,,
706989,"Establishment of new GMC West Garo Hills [Tura] (Medical Education, Ministry of Health and Family Welfare) (706989) (-) (-)",Ministry of Health & Family Welfare,Healthcare,Meghalaya,,,189,170.1,0,90,189,0,0,0,,,,
707016,"Establishment of new GMC Sitamarhi (Medical Education, Ministry of Health and Family Welfare) (707016) (-) (-)",Ministry of Health & Family Welfare,Healthcare,Bihar,,,250,150,0,60,250,0,0,0,,,,
707017,"Establishment of new GMC Jhanjharpur (Medical Education, Ministry of Health and Family Welfare) (707017) (-) (-)",Ministry of Health & Family Welfare,Healthcare,Bihar,,,250,150,0,60,250,0,0,0,,,,
707018,"Establishment of new GMC Siwan (Medical Education, Ministry of Health and Family Welfare) (707018) (-) (-)",Ministry of Health & Family Welfare,Healthcare,Bihar,,,250,150,0,60,250,0,0,0,,,,
707019,"Establishment of new GMC Buxar (Medical Education, Ministry of Health and Family Welfare) (707019) (-) (-)",Ministry of Health & Family Welfare,Healthcare,Bihar,,,250,150,0,60,250,0,0,0,,,,
707020,"Establishment of new GMC Jamui (Medical Education, Ministry of Health and Family Welfare) (707020) (-) (10127)",Ministry of Health & Family Welfare,Healthcare,Bihar,10/1/2022,10/1/2025,250,103.21,50,41.284,500,250,100,1,,,,
707021,"Establishment of new GMC Koderma (Medical Education, Ministry of Health and Family Welfare) (707021) (-) (10126)",Ministry of Health & Family Welfare,Healthcare,Jharkhand,2/1/2024,8/1/2026,250,271,40,108.4,504.8,254.8,101.92,1,,,,
707022,"Establishment of new GMC Chaibasa [Singhbhum] (Medical Education, Ministry of Health and Family Welfare) (707022) (-) (-)",Ministry of Health & Family Welfare,Healthcare,Jharkhand,3/1/2023,9/1/2025,250,65,57,26,454.1,204.1,81.64,1,,,,
707039,"Establishment of new GMC Gangtok (Medical Education, Ministry of Health and Family Welfare) (707039)",Ministry of Health & Family Welfare,Healthcare,Sikkim,12/1/2018,12/1/2026,250,667.21,92,266.884,635.21,385.21,154.084,1,,,,
707044,"Establishment of new GMC Korba (Medical Education, Ministry of Health and Family Welfare) (707044) (-) (-)",Ministry of Health & Family Welfare,Healthcare,Chhattisgarh,10/1/2023,12/1/2026,325,178.49,54,54.92,322.85,-2.15,-0.6615,0,,,,
707045,"Establishment of new GMC Mahasamund (Medical Education, Ministry of Health and Family Welfare) (707045) (-) (-)",Ministry of Health & Family Welfare,Healthcare,Chhattisgarh,10/1/2023,5/1/2026,325,322.5,82,99.2308,325,0,0,0,,,,
707046,"Establishment of new GMC Kanker (Medical Education, Ministry of Health and Family Welfare) (707046) (-) (-)",Ministry of Health & Family Welfare,Healthcare,Chhattisgarh,9/1/2024,3/1/2027,325,36,59,11.0769,325,0,0,0,,,,
707049,"Establishment of new GMC Panchmahal (Medical Education, Ministry of Health and Family Welfare) (707049) (-) (10708)",Ministry of Health & Family Welfare,Healthcare,Gujarat,9/1/2022,3/1/2026,325,457.34,87.5,140.72,663.5,338.5,104.1538,1,,,,
707050,"Establishment of new GMC Porbandar (Medical Education, Ministry of Health and Family Welfare) (707050) (-) (10710)",Ministry of Health & Family Welfare,Healthcare,Gujarat,10/1/2022,9/1/2024,325,936.64,81,288.1969,618.98,293.98,90.4554,1,,,,
707051,"Establishment of new GMc Udhampur (Medical Education, Ministry of Health and Family Welfare) (707051) (-) (-)",Ministry of Health & Family Welfare,Healthcare,Jammu and Kashmir,1/1/2022,3/1/2027,325,222,75,68.3077,325,0,0,0,,,,
707052,"Establishment of new GMC Handwara [Distt. Kupwara] (Medical Education, Ministry of Health and Family Welfare) (707052) (-) (-)",Ministry of Health & Family Welfare,Healthcare,Jammu and Kashmir,,,325,173,0,53.2308,325,0,0,0,,,,
707057,"Establishment of new GMC Leh (Medical Education, Ministry of Health and Family Welfare) (707057) (-) (-)",Ministry of Health & Family Welfare,Healthcare,Ladakh,,,325,127,0,39.0769,325,0,0,0,,,,
707058,"Establishment of new GMC Rajgarh (Medical Education, Ministry of Health and Family Welfare) (707058) (-) (-)",Ministry of Health & Family Welfare,Healthcare,Madhya Pradesh,11/1/2022,4/1/2024,325,179,84,55.0769,325,0,0,0,,,,
707059,"Establishment of new GMC Mandla (Medical Education, Ministry of Health and Family Welfare) (707059) (-) (-)",Ministry of Health & Family Welfare,Healthcare,Madhya Pradesh,10/1/2023,4/1/2026,325,83.41,43,25.6646,325,0,0,0,,,,
707067,"Establishment of new GMC Mon (Medical Education, Ministry of Health and Family Welfare) (707067) (-) (-)",Ministry of Health & Family Welfare,Healthcare,Nagaland,,,325,155,0,47.6923,325,0,0,0,,,,
707069,"Establishment of new GMC Kapurthala (Medical Education, Ministry of Health and Family Welfare) (707069) (-) (11345)",Ministry of Health & Family Welfare,Healthcare,Punjab,7/1/2027,12/1/2028,325,0,0,0,550,225,69.2308,1,,,,
707070,"Establishment of new GMC Hoshiarpur (Medical Education, Ministry of Health and Family Welfare) (707070) (-) (-)",Ministry of Health & Family Welfare,Healthcare,Punjab,3/1/2026,12/1/2028,325,2,1,0.6154,374.75,49.75,15.3077,1,,,,
707086,"Establishment of new GMC Rudrapur (Medical Education, Ministry of Health and Family Welfare) (707086) (-) (-)",Ministry of Health & Family Welfare,Healthcare,Uttarakhand,2/1/2024,12/1/2026,325,274,60,84.3077,325,0,0,0,,,,
707087,"Establishment of new GMC Pithoragarh (Medical Education, Ministry of Health and Family Welfare) (707087) (-) (11579)",Ministry of Health & Family Welfare,Healthcare,Uttarakhand,4/1/2023,12/1/2026,325,327.08,84,100.64,768.89,443.89,136.5815,1,,,,
707215,National Maritime Heritage Complex [NMHC] Phase-I (Indian Port Rail & Ropeway Corporation Ltd. [IPRCL]) (707215) (-) (3109),"Ministry of Ports, Shipping and Waterways","Tourism, Hospitality & Wellness",Gujarat,1/1/2022,3/1/2024,573,624.41,78.48,108.9721,1238.05,665.05,116.0646,1,3/1/2026,730,23.98,1
707229,"Integrated Command control Center [ICCC] - Construction and Development of Integrated Command Control Center with Security, Surveillance, ITMS, Connecting Port, Ship Service, Smart Solid Waste Management, Smart Public Transport System (ministry of housing and urban affairs) (707229) (-) (-)",Ministry of Housing & Urban Affairs,Real Estate,Andaman & Nicobar,11/1/2021,5/1/2023,209.88,37.35,97,17.7959,230,20.12,9.5864,1,10/1/2025,884,29.04,1
707410,Integrated Multi Modal Logistics Hub at Nangal Chaudhary in Haryana - Other Trunk Infrastructure Development Phase 1 (National Highways & Infrastructure Development Corporation Ltd. [NHIDCL]) (707410) (-) (4123),Department for Promotion of Industry & Internal Trade,Logistics Infrastructure,Haryana,12/1/2021,12/1/2023,763,430,60,56.3565,763,0,0,0,5/1/2028,1613,52.99,1
707414,Multi Modal Transport Hub [MMTH] Project at Boraki in Greater Noida - Infrastructure Development - Phase 1 (National Industrial Corridor Development Corporation) (707414) (-) (4804),Department for Promotion of Industry & Internal Trade,Logistics Infrastructure,Uttar Pradesh,11/1/2026,3/1/2030,1480,0,0,0,1480,0,0,0,,,,
707419,IMC at Prayagraj (National Industrial Corridor Development Corporation) (707419) (-) (9938),Department for Promotion of Industry & Internal Trade,Real Estate,Uttar Pradesh,12/1/2025,6/1/2027,658,0,11.53,0,658,0,0,0,,,,
709747,Bagodara Solar Power Project (Satluj Jal Vidyut Nigam [SJVN] Thermal Limited) (709747) (N18000297) (-),Ministry of Power,Electricity Generation,Gujarat,5/1/2021,12/1/2025,339.35,370,51.86,109.032,339.35,0,0,0,12/1/2025,0,0,0
709750,Laying of new 28 inch Desal Water Pipeline and 10 inch Reject Water Pipeline between CPCL Manali Refinery and CPCL Desalination plant at Ennore (Chennai Petroleum Corporation Limited [CPCL]) (709750) (-) (-),Ministry of Petroleum & Natural Gas,Oil & Gas,Tamil Nadu,1/1/2024,9/1/2025,205,101.27,73.1,49.4,205,0,0,0,12/1/2026,456,14.98,1
709752,HP-COAT [Crude to Olefins and Aromatics Technology] demo unit at Visakh Refinery (Hindustan Petroleum Corporation Limited) (709752) (N16000432) (-),Ministry of Petroleum & Natural Gas,Oil & Gas,Andhra Pradesh,9/1/2021,6/1/2024,160,142.43,92.1,89.0187,220,60,37.5,1,2/1/2027,975,32.03,1
709753,Haldia Panagarh Pipeline Project (Hindustan Petroleum Corporation Limited) (709753) (N16000478) (-),Ministry of Petroleum & Natural Gas,Oil & Gas,West Bengal,11/1/2022,11/1/2025,1010,850.71,95.8,84.2287,1107,97,9.604,1,8/1/2026,273,8.97,1
709754,"Construction of LPG Facilities at Kamardanga, Assam (Hindustan Petroleum Corporation Limited) (709754)",Ministry of Petroleum & Natural Gas,Energy Storage,Assam,3/1/2023,7/1/2027,156.36,104.75,77,66.9928,156.36,0,0,0,7/1/2027,0,0,0
709755,"Setting up of new rail fed POL facility at Kamardanga, Assam (Hindustan Petroleum Corporation Limited [HPCL]) (709755)",Ministry of Petroleum & Natural Gas,Energy Storage,Assam,3/1/2023,7/1/2027,384.04,230.16,84.2,59.9313,384.04,0,0,0,7/1/2027,0,0,0
709759,"Petrochemical evacuation marketing terminal at Barmer, Rajasthan (Hindustan Petroleum Corporation Limited [HPCL]) (709759) (N16000512) (-)",Ministry of Petroleum & Natural Gas,Energy Storage,Rajasthan,12/1/2023,12/1/2026,461.05,230.91,94.3,50.0835,461.05,0,0,0,12/1/2026,0,0,0
709760,HP TDAE Unit in Mumbai Refinery (Hindustan Petroleum Corporation Limited) (709760) (N16000534) (-),Ministry of Petroleum & Natural Gas,Oil & Gas,Maharashtra,6/1/2024,4/1/2026,240,152.75,92,63.6458,240,0,0,0,6/1/2026,61,2,1
709770,City Gas Distribution Project at Pathankot District (MinistryofPetroleumNaturalGas) (709770) (N16000488) (-),Ministry of Petroleum & Natural Gas,Oil & Gas,Punjab,3/1/2022,9/1/2033,151,8.87,2,5.8742,151,0,0,0,9/1/2033,0,0,0
709771,"City Gas Distribution Project at Beed, Jalgaon and Jalna Districts (MinistryofPetroleumNaturalGas) (709771) (N16000487) (-)",Ministry of Petroleum & Natural Gas,Oil & Gas,Maharashtra,3/1/2022,9/1/2031,865,81.42,3.4,9.4127,865,0,0,0,9/1/2031,0,0,0
709772,"City Gas Distribution Project at East Mednipore, West Mednipore & Jhargram Districts (MinistryofPetroleumNaturalGas) (709772) (N16000491) (-)",Ministry of Petroleum & Natural Gas,Oil & Gas,West Bengal,3/1/2022,6/1/2031,609,62.44,2.8,10.2529,609,0,0,0,6/1/2031,0,0,0
709773,"City Gas Distribution Project at Jammu, Udhampur, Reasi, Samba and Kathua Districts (MinistryofPetroleumNaturalGas) (709773) (N16000527) (-)",Ministry of Petroleum & Natural Gas,Oil & Gas,Jammu and Kashmir,3/1/2022,9/1/2034,538,4.3,0.6,0.7993,538,0,0,0,9/1/2034,0,0,0
709774,Revamping/ Augmentation of facilities at existing port terminal at Mangalore (Ministry of Petroleum & Natural Gas) (709774) (N16000437) (-),Ministry of Petroleum & Natural Gas,Oil & Gas,Karnataka,1/1/2022,12/1/2025,463,318.32,84.4,68.7516,500.62,37.62,8.1253,1,6/1/2027,547,17.97,1
709776,Augmentation/Revamping of Facilities at existing Guwahati Terminal at Betkuchi (MinistryofPetroleumNaturalGas) (709776),Ministry of Petroleum & Natural Gas,Oil & Gas,Assam,4/1/2022,9/1/2026,277,231.08,82.9,83.4224,323.09,46.09,16.639,1,9/1/2026,0,0,0
709777,Installation of Bitumen Manufacturing Unit along with allied facilities at Barauni Refinery (MinistryofPetroleumNaturalGas) (709777) (N16000453) (-),Ministry of Petroleum & Natural Gas,Oil & Gas,Bihar,1/1/2022,4/1/2025,389.35,121.63,62.9,31.2392,340,-49.35,-12.675,0,6/1/2027,791,25.99,1
709778,Installation of new Biturox Unit along with allied facilities at Gujarat Refinery (MinistryofPetroleumNaturalGas) (709778) (N16000454) (-),Ministry of Petroleum & Natural Gas,Oil & Gas,Gujarat,1/1/2022,8/1/2025,328.29,217.88,85.8,66.3682,344.36,16.07,4.8951,1,12/1/2026,487,16,1
709779,Capacity Expansion of Digboi Refinery from 0.65 to 1.0 MMTPA (MinistryofPetroleumNaturalGas) (709779),Ministry of Petroleum & Natural Gas,Oil & Gas,Assam,6/1/2022,3/1/2026,768,183.47,57.5,23.8893,740,-28,-3.6458,0,7/1/2027,487,16,1
709780,Construction of Additional Tankages and Allied Facilities at JNPT Terminal (MinistryofPetroleumNaturalGas) (709780) (N16000504) (-),Ministry of Petroleum & Natural Gas,Oil & Gas,Maharashtra,4/1/2022,8/1/2026,341.43,304.75,71.7,89.2569,436.14,94.71,27.7392,1,8/1/2026,0,0,0
709781,Revamping / Augmentation of Facilities at Mathura Bitumen Plant (MinistryofPetroleumNaturalGas) (709781) (N16000505) (-),Ministry of Petroleum & Natural Gas,Oil & Gas,Uttar Pradesh,4/1/2022,6/1/2027,260.12,22.37,53.4,8.5999,260.12,0,0,0,12/1/2026,-182,-5.98,0
709782,ATF Pipeline from Jawaharlal Nehru Port Trust to Navi Mumbai International Airport (Indian Oil Corporation Limited [IOCL]) (709782) (N16000456) (-),Ministry of Petroleum & Natural Gas,Oil & Gas,Maharashtra,8/1/2022,8/1/2025,165,102.79,98.8,62.297,165,0,0,0,6/1/2026,304,9.99,1
709783,"Installation of Multiple Effect Evaporator [MEE] for ETP-1, 2 & 4 of Panipat Refinery and Petrochemical Complex. (MinistryofPetroleumNaturalGas) (709783) (-) (-)",Ministry of Petroleum & Natural Gas,Oil & Gas,Haryana,12/1/2020,6/1/2023,165.13,178.19,88.2,107.9089,247.69,82.56,49.997,1,6/1/2026,1096,36.01,1
709785,Laying of Natural Gas Pipeline from Hazaribagh to Ranchi [HRPL] (MinistryofPetroleumNaturalGas) (709785) (N16000480) (-),Ministry of Petroleum & Natural Gas,Oil & Gas,Jharkhand,2/1/2023,2/1/2026,202.07,64.83,57.8,32.0829,202.07,0,0,0,3/1/2027,393,12.91,1
709786,"Augmentation/ Revamping of Dimapur Depot, Dimapur (MinistryofPetroleumNaturalGas) (709786)",Ministry of Petroleum & Natural Gas,Oil & Gas,Nagaland,8/1/2023,11/1/2027,227.62,26.6,41.2,11.6861,227.62,0,0,0,11/1/2027,0,0,0
709791,City Gas Distribution Projects at Alipurduar and Cooch Behar (Bharat Petroleum Corporation Limited [BPCL]) (709791) (N16000522) (-),Ministry of Petroleum & Natural Gas,Oil & Gas,West Bengal,12/1/2022,3/1/2030,1017,229.42,43.7,22.5585,1017,0,0,0,3/1/2030,0,0,0
709792,"City Gas Distribution Projects at Darbhanga, Madhubani, Supaul, Sitamarhi and Sheohar districts (Bharat Petroleum Corporation Limited [BPCL]) (709792) (N16000524) (-)",Ministry of Petroleum & Natural Gas,Oil & Gas,Bihar,12/1/2022,3/1/2030,3638,478.23,33.4,13.1454,3638,0,0,0,3/1/2030,0,0,0
709793,"City Gas Distribution Projects at Gopalganj, Siwan, West Champaran, East Champaran and Deoria districts (Bharat Petroleum Corporation Limited [BPCL]) (709793) (N16000523) (-)",Ministry of Petroleum & Natural Gas,Oil & Gas,Bihar,12/1/2022,6/1/2030,3919,514.44,30.2,13.1268,3919,0,0,0,6/1/2030,0,0,0
709794,"City Gas Distribution Projects at Fazilka [except area already authorized], Ganganagar and Hanumangarh districts (Bharat Petroleum Corporation Limited [BPCL]) (709794) (N16000520) (-)",Ministry of Petroleum & Natural Gas,Oil & Gas,"Multi-States (Punjab, Rajasthan)",12/1/2022,6/1/2030,3207,418.05,30.9,13.0355,3207,0,0,0,6/1/2030,0,0,0
709795,"City Gas Distribution Projects at Lakhimpur Kheri , Sitapur, Bahraich, Shravasti,Balrampur, Siddharth Nagar & Maharajganj districts (Bharat Petroleum Corporation Limited [BPCL]) (709795) (N16000525) (-)",Ministry of Petroleum & Natural Gas,Oil & Gas,Uttar Pradesh,12/1/2022,6/1/2030,16654,723.54,18.4,4.3445,16654,0,0,0,6/1/2030,0,0,0
709796,City Gas Distribution Projects at the Nilgiris and Erode districts (Bharat Petroleum Corporation Limited [BPCL]) (709796) (N16000521) (-),Ministry of Petroleum & Natural Gas,Oil & Gas,Tamil Nadu,12/1/2022,3/1/2030,3685,295.61,25.5,8.022,3685,0,0,0,3/1/2030,0,0,0
709797,POL & LOBS Installations with Receipt Pipelines at Rasayani (Bharat Petroleum Corporation Limited [BPCL]) (709797) (N16000519) (9966),Ministry of Petroleum & Natural Gas,Oil & Gas,Maharashtra,5/1/2023,5/1/2026,2585,1349.7,83,52.2128,2585,0,0,0,9/1/2026,123,4.04,1
709798,Ethylene Cracker Project at Bina Refinery including downstream Petrochemical Plants and expansion of Refinery (MinistryofPetroleumNaturalGas) (709798) (N16000518) (11306),Ministry of Petroleum & Natural Gas,Oil & Gas,Madhya Pradesh,5/1/2023,5/1/2028,43367,5115.7,27.9,11.7963,43367,0,0,0,5/1/2028,0,0,0
709799,Setting up Polypropylene Unit at Kochi Refinery (MinistryofPetroleumNaturalGas) (709799) (N16000530) (-),Ministry of Petroleum & Natural Gas,Oil & Gas,Kerala,12/1/2023,10/1/2027,4460,844.85,36.2,18.9428,4850,390,8.7444,1,10/1/2027,0,0,0
709800,"CUF POL Depot at Sadashibpur [Meramundali], Odisha (MinistryofPetroleumNaturalGas) (709800) (-) (-)",Ministry of Petroleum & Natural Gas,Oil & Gas,Odisha,4/1/2021,3/1/2026,393.54,228.19,82.6,57.9839,393.54,0,0,0,6/1/2026,92,3.02,1
709811,GANDHAMARDAN IRON ORE MINES TO GOALDIH STATION/12.76kms (East Coast Railway [ECoR] - II) (709811) (N22000520) (-),Ministry of Railways,Railways,Odisha,5/1/2025,9/1/2027,190,3.4,5,1.7895,189.93,-0.07,-0.0368,0,9/1/2027,0,0,0
709812,NADIAD-PETLAD [37.26 KM] (Railway) (709812) (N22000539) (-),Ministry of Railways,Railways,Gujarat,10/1/2023,6/1/2030,461.91,186.9,8,40.4624,461.91,0,0,0,6/1/2030,0,0,0
709813,NEW BG LINE INTERSECTION [5 NOS] BETWEEN GERATPUR-SANAND & BOTAD-AHMEDABAD [16.51 KM] (Western Railway [WR] - II) (709813) (N22000551) (-),Ministry of Railways,Railways,Gujarat,7/1/2025,6/1/2028,437.21,117.95,22,26.9779,437.21,0,0,0,10/1/2027,-244,-8.02,0
709815,4TH LINE - BHATAPARA-HATHBAND [8.8 KM] [PB-72/NR/2022-23] (SECR) (709815) (N22000574) (-),Ministry of Railways,Railways,Chhattisgarh,5/1/2024,1/1/2027,177.03,12.3,18,6.948,177.03,0,0,0,12/1/2027,334,10.97,1
709816,4TH LINE - BHILAI-BHILAI NAGAR [8.8 KM] [PB-72/NR/2022-23] (SECR) (709816) (N22000575) (-),Ministry of Railways,Railways,Chhattisgarh,5/1/2024,2/1/2027,177.34,3.42,9,1.9285,177.34,0,0,0,2/1/2027,0,0,0
709817,4TH LINE - DADHAPARA-BELHA [9.2 KM] [PB-72/NR/2022-23] (SECR) (709817) (N22000576) (-),Ministry of Railways,Railways,Chhattisgarh,5/1/2024,11/1/2026,169.06,22.79,66,13.4804,169.06,0,0,0,11/1/2026,0,0,0
709818,4TH LINE RAJNANDGAON-DONGARHGARH [31.2 KM] [PB-72/NR/2022-23] (SECR) (709818) (N22000577) (-),Ministry of Railways,Railways,Chhattisgarh,5/1/2024,1/1/2027,328.34,87.49,35,26.6462,328.34,0,0,0,1/1/2027,0,0,0
709819,3RD AND 4TH LINE - SARAGBUNDIA AND MADWARANI (SECR) (709819) (N22000579) (-),Ministry of Railways,Railways,Chhattisgarh,5/1/2025,12/1/2026,167.64,26.52,10,15.8196,167.64,0,0,0,12/1/2026,0,0,0
709826,SCREENING PLANT-III AT KIRANDUL (National Mineral Development Corporation Limited [NMDC]) (709826) (N12000127) (-),Ministry of Steel,Steel,Chhattisgarh,10/1/2021,1/1/2026,2718.84,1534.42,82.63,56.4366,2718.84,0,0,0,7/1/2027,546,17.94,1
709831,SOURCING OF BAUXITE ARRANGEMENT FOR 5TH STREAM ALUMINA REFINERY FROM SOUTH BLOCK MINING LEASE OF PANCHPATMAILI MINES (National Aluminium Company Limited [NALCO]) (709831) (N10000013) (-),Ministry of Mines,Metals & Mining,Odisha,11/1/2019,5/1/2025,483,446.16,93,92.3727,483,0,0,0,6/1/2026,396,13.01,1
709832,25.5 MW WIND POWER PROJECT AT KAYATHAR IN TAMILNADU (National Aluminium Company Limited [NALCO]) (709832) (N10000014) (-),Ministry of Mines,Metals & Mining,Tamil Nadu,12/1/2017,3/1/2025,166,135,66.73,81.3253,166,0,0,0,3/1/2026,365,11.99,1
709837,"Creation of Gas Dehydration Facilities, Tripura Asset (Oil and Natural Gas Corporation Limited [ONGC]) (709837)",Ministry of Petroleum & Natural Gas,Oil & Gas,Tripura,3/1/2022,5/1/2024,209.33,79.98,69,38.2076,131.51,-77.82,-37.1758,0,8/1/2026,822,27.01,1
709838,Commercial Polymer Flooding Project in Bechraji field (Oil and Natural Gas Corporation Limited [ONGC]) (709838) (N16000444) (-),Ministry of Petroleum & Natural Gas,Oil & Gas,Gujarat,1/1/2022,11/1/2024,621.4,232.14,45.2,37.3576,739.02,117.62,18.9282,1,5/1/2027,911,29.93,1
709839,Daman Upside Development Project (Oil and Natural Gas Corporation Limited [ONGC]) (709839) (N16000470) (-),Ministry of Petroleum & Natural Gas,Oil & Gas,Offshore,6/1/2022,10/1/2025,4144.41,6140.56,99.9,148.1649,6406.9,2262.49,54.5914,1,12/1/2026,426,14,1
709840,"Restoration of Gas Terminal, Phase-I [Part-A], Hazira (Oil and Natural Gas Corporation Limited [ONGC]) (709840) (N16000477) (-)",Ministry of Petroleum & Natural Gas,Oil & Gas,Gujarat,5/1/2022,2/1/2025,249.43,217.49,97.3,87.1948,249.43,0,0,0,7/1/2026,515,16.92,1
709841,Old Pipe Line Replacement [OPRP] Group-A (Oil and Natural Gas Corporation Limited [ONGC]) (709841) (N16000483) (-),Ministry of Petroleum & Natural Gas,Oil & Gas,Gujarat,7/1/2021,7/1/2025,173.03,164.89,94.2,95.2956,169.84,-3.19,-1.8436,0,7/1/2026,365,11.99,1
709842,"Kalol Redevelopment Project, Ahmedabad Asset (Oil and Natural Gas Corporation Limited [ONGC]) (709842) (N16000481) (-)",Ministry of Petroleum & Natural Gas,Oil & Gas,Gujarat,8/1/2022,3/1/2027,1487.41,940.5,64,63.2307,1487.41,0,0,0,3/1/2027,0,0,0
709845,"Revamping of SV Stations, Gas Terminal & Kribhco Terminal (Oil and Natural Gas Corporation Limited [ONGC]) (709845) (N16000514) (-)",Ministry of Petroleum & Natural Gas,Oil & Gas,Gujarat,11/1/2022,8/1/2026,837.34,449.47,68.8,53.6783,837.34,0,0,0,8/1/2026,0,0,0
709847,Pipeline Network Project Rudrasagar (Ministry of Petroleum & Natural Gas) (709847),Ministry of Petroleum & Natural Gas,Oil & Gas,Assam,1/1/2023,4/1/2026,481.03,235.68,54.7,48.9949,481.03,0,0,0,4/1/2027,365,11.99,1
709848,MHN TCPP PGC BGC Project [MTPBP] (Ministry of Petroleum & Natural Gas) (709848) (N16000526) (-),Ministry of Petroleum & Natural Gas,Oil & Gas,Offshore,6/1/2022,5/1/2026,2329.45,1923.61,95.4,82.5779,2354.23,24.78,1.0638,1,12/1/2026,214,7.03,1
709849,PRP-VIII Group B [NH & BS Asset] (Ministry of Petroleum & Natural Gas) (709849) (N16000533) (-),Ministry of Petroleum & Natural Gas,Oil & Gas,Offshore,6/1/2024,2/1/2026,2379.84,2923.49,98.7,122.844,3165.53,785.69,33.0144,1,12/1/2026,303,9.95,1
709850,Borholla GGS Life Extension Project [BLEP] (Ministry of Petroleum & Natural Gas) (709850),Ministry of Petroleum & Natural Gas,Oil & Gas,Assam,9/1/2023,5/1/2026,198.7,103.56,60.4,52.1188,198.7,0,0,0,9/1/2026,123,4.04,1
709851,Integrated Development of 4 Contract Areas under DSF-II (Ministry of Petroleum & Natural Gas) (709851) (N16000537) (-),Ministry of Petroleum & Natural Gas,Oil & Gas,Offshore,5/1/2023,4/1/2027,6183.79,1722,42.7,27.847,6183.79,0,0,0,4/1/2027,0,0,0
709856,MPLS-IP BASED ACCESS AND AGGREGATION NETWORK [MAAN] IN BSNL ALONG WITH TEST AND MEASURING EQUIPMENT (BSNL) (709856) (N26000116) (-),Department of Telecommunications,Telecommunication,PAN India,5/1/2023,8/1/2024,645.13,377.59,92.1,58.5293,645.13,0,0,0,6/1/2026,669,21.98,1
709857,"Planning, Engineering, Supply, Installation, Testing, Commissioning, Integration & Annual Maintenance of 4G mobile network at 1 Lakh sites on PAN India basis including Mumbai & Delhi LSA on turnkey basis under Phase IX.2 Project. (BSNL) (709857) (N26000117) (-)",Department of Telecommunications,Telecommunication,PAN India,6/1/2023,6/1/2025,24544.55,8472.04,98.34,34.517,24544.5,-0.05,-0.0002,0,9/1/2026,457,15.01,1
709859,SETTING UP OF PHYSICAL INFRASTRUCTURE FOR THE NATIONAL INSTITUTE OF COMMUNICATION FINANCE [NICF] AT GHITORNI (National Communication Academy - Finance [Erstwhile NICF]) (709859) (N28000115) (-),Department of Telecommunications,Telecommunication,Delhi,4/1/2018,2/1/2020,248.2,237.39,98,95.6446,248.2,0,0,0,6/1/2026,2312,75.96,1
709864,DCU Revamp Project (NRL) (709864),Ministry of Petroleum & Natural Gas,Oil & Gas,Assam,8/1/2021,7/1/2024,370,299.25,78.6,80.8784,370,0,0,0,3/1/2027,973,31.97,1
709865,Power Recovery Turbine [PRT] in PFCCU unit as an Energy Conservation Scheme (NRL) (709865),Ministry of Petroleum & Natural Gas,Oil & Gas,Assam,4/1/2023,12/1/2024,293.5,81.84,99,27.8842,293.5,0,0,0,12/1/2026,730,23.98,1
900808,Transmission System for Kurnool Wind Energy Zone/ Solar Energy Zone Part-A and Part-B (Power Grid Corporation of India Limited [POWERGRID]) (900808) (N18000352) (5224),Ministry of Power,Transmission & Distribution,"Multi-States (Andhra Pradesh, Telangana)",3/1/2023,11/1/2024,3546.94,3532.75,99.69,99.5999,3546.94,0,0,0,5/1/2026,546,17.94,1
900874,JHAJHA - BATIA (East Central Railway [ECR] - I) (900874) (-) (9901),Ministry of Railways,Railways,Bihar,3/1/2023,3/1/2028,588.18,2.38,0.1,0.4046,588.18,0,0,0,1/1/2030,671,22.05,1
PRJ_1,300 MW SPP part of 510 MW CPSU scheme (NLC India Limited [NLCIL]) 612819,Ministry of Coal,Electricity Generation,Rajasthan,3/1/2023,1/1/2026,1813,1753.07,,96.6944,1813,0,0,0,9/1/2024,-487,-16,0
PRJ_10,"CGD Project in Banka, Dumka, Godda, Jamtara, Pakur, Sahibganj GA ID 11A.02 (Hindustan Petroleum Corporation Limited) 709757",Ministry of Petroleum & Natural Gas,Oil & Gas,"Multi-States (Bihar, Jharkhand)",6/1/2022,5/1/2026,1377,377.51,,27.4154,1377,0,0,0,6/1/2030,1492,49.02,1
PRJ_11,Mumbai Nagpur Jharsuguda Pipeline Project (Ministry of Petroleum & Natural Gas) 701354,Ministry of Petroleum & Natural Gas,Oil & Gas,"Multi-States (Chhattisgarh, Madhya Pradesh, Maharashtra, Odisha)",6/1/2020,5/1/2026,7844.25,7109.3,,90.6307,8255,410.75,5.2363,1,5/1/2023,-1096,-36.01,0
PRJ_12,"CGD Project in Malda, Birbhum, Murshidabad, Dakshin Dinajpur GA ID 11A.03 (Hindustan Petroleum Corporation Limited) 709758",Ministry of Petroleum & Natural Gas,Oil & Gas,West Bengal,6/1/2022,5/1/2026,2628,390.91,,14.8748,2628,0,0,0,6/1/2030,1492,49.02,1
PRJ_13,Transmission Network Expansion in Gujarat to increase its ATC from ISTS Part B (Power Grid Corporation of India Limited [POWERGRID]) 400005,Ministry of Power,Transmission & Distribution,"Multi-States (Dadra & Nagar Haveli and Daman & Diu, Gujarat, Maharashtra)",7/1/2022,5/1/2026,4546.26,4546.26,,100,,,,,6/1/2023,-1065,-34.99,0
PRJ_14,Transmission System for Evacuation of Power from REZ in Rajasthan 20GW under Phase III- Part E2 (Power Grid Corporation of India Limited [POWERGRID]) 611947,Ministry of Power,Transmission & Distribution,Rajasthan,11/1/2023,5/1/2026,428.3,428.3,,100,,,,,6/1/2025,-334,-10.97,0
PRJ_15,4L of Dwarka-Khambaliya-Devariya section from km 203.500 to km 176.500 and from km 171.800 to km 125.000 of NH-151A (National Highways Authority of India [NHAI]) 619137,Ministry of Road Transport & Highways,Roads & Highways,Gujarat,2/1/2020,,1024.69,885.64,,86.43,1753.95,729.26,71.1688,1,8/1/2022,,,
PRJ_16,Tumkur-Chitradurga (National Highways Authority of India [NHAI]) 619070,Ministry of Road Transport & Highways,Roads & Highways,Karnataka,6/1/2011,,839,8.42,,1.0036,47.44,-791.56,-94.3456,0,12/1/2013,,,
PRJ_2,50 MW Solar PP Minedout Area (NLC India Limited [NLCIL]) 615327,Ministry of Coal,Electricity Generation,Tamil Nadu,2/1/2024,1/1/2026,218.03,170.13,,78.0305,,,,,3/1/2025,-306,-10.05,0
PRJ_3,Ghatampur Thermal Power Plant 3 X 660 MW (NLC India Limited [NLCIL]) 400259,Ministry of Coal,Electricity Generation,Uttar Pradesh,8/1/2016,6/1/2026,17237.8,21287.24,,123.4916,21780.9,4543.1,26.3555,1,11/1/2020,-2038,-66.96,0
PRJ_4,Ahmedabad Metro Rail Project [Phase-I] (Gujarat Metro Rail Corporation Limited [GMRCL]) 702639,Ministry of Housing & Urban Affairs,Urban Public Transport,Gujarat,2/1/2015,5/1/2026,10773,12521.43,,116.2297,12924.5,2151.5,19.9712,1,3/1/2018,-2983,-98,0
PRJ_5,Mira-Bhayandar Water Supply Infrastructure Project (Ministry of Housing & Urban Affairs) 702840,Ministry of Housing & Urban Affairs,Waste & Water,Maharashtra,8/1/2018,6/1/2026,204.55,193.2,,94.4512,,,,,3/1/2023,-1188,-39.03,0
PRJ_6,Solapur Sewerage Management Infrastructure Project (Ministry of Housing & Urban Affairs) 702854,Ministry of Housing & Urban Affairs,Waste & Water,Maharashtra,4/1/2018,6/1/2026,180.24,172.22,,95.5504,,,,,3/1/2023,-1188,-39.03,0
PRJ_7,"Construction of 200 bedded ESIC Hospital with 62 Nos Staff quarters , Beltola (Employee's State Insurance Company [ESIC]) 612201",Ministry of Labour and Employment,Healthcare,Assam,10/1/2021,5/1/2026,143.23,130.08,,90.819,154.75,11.52,8.043,1,4/1/2025,-395,-12.98,0
PRJ_8,"Construction of 200 Bedded [Upgradable to 500 Bedded including 50 beds of SST] ESIC Hospital at Bibewadi, Pune (Employee's State Insurance Company [ESIC]) 612188",Ministry of Labour and Employment,Healthcare,Maharashtra,3/1/2023,,429.25,341.9,,79.6506,,,,,9/1/2025,,,
PRJ_9,"Guwahati Refinery Expansion [1.0 to 1.2 MMTPA] along with installation of CRU, Guwahati Refinery (Ministry of Petroleum & Natural Gas) 607701",Ministry of Petroleum & Natural Gas,Oil & Gas,Assam,5/1/2021,5/1/2026,412.3,487.31,,118.1931,577,164.7,39.9466,1,10/1/2023,-943,-30.98,0
